component,load,op_h,hazard_per_op_h
Bearing,Light,0.0,1.6406694512413495e-07
Bearing,Light,337.822311557789,1.9282137417846797e-07
Bearing,Light,675.644623115578,2.2471863227788613e-07
Bearing,Light,1013.4669346733671,2.6041298166806023e-07
Bearing,Light,1351.289246231156,3.006006735973958e-07
Bearing,Light,1689.111557788945,3.451292129818642e-07
Bearing,Light,2026.9338693467341,3.9833157560271e-07
Bearing,Light,2364.7561809045233,4.591031822051313e-07
Bearing,Light,2702.578492462312,5.253101155216514e-07
Bearing,Light,3040.400804020101,5.951430361627942e-07
Bearing,Light,3378.22311557789,6.681635915815185e-07
Bearing,Light,3716.0454271356793,7.472655837333574e-07
Bearing,Light,4053.8677386934683,8.334633001951518e-07
Bearing,Light,4391.690050251257,9.247640968011821e-07
Bearing,Light,4729.5123618090465,1.017194967551698e-06
Bearing,Light,5067.334673366835,1.115962984119146e-06
Bearing,Light,5405.156984924624,1.2230924568917708e-06
Bearing,Light,5742.979296482414,1.3369755530859474e-06
Bearing,Light,6080.801608040202,1.458851188381995e-06
Bearing,Light,6418.6239195979915,1.5878900918430176e-06
Bearing,Light,6756.44623115578,1.7228652925835355e-06
Bearing,Light,7094.268542713569,1.8667161460498752e-06
Bearing,Light,7432.090854271359,2.016792727812358e-06
Bearing,Light,7769.913165829147,2.1748517311095494e-06
Bearing,Light,8107.7354773869365,2.335875244403907e-06
Bearing,Light,8445.557788944725,2.503317962305076e-06
Bearing,Light,8783.380100502514,2.674755573378719e-06
Bearing,Light,9121.202412060304,2.852182893200772e-06
Bearing,Light,9459.024723618093,3.0393684196040535e-06
Bearing,Light,9796.847035175882,3.2346555456159087e-06
Bearing,Light,10134.66934673367,3.4362346932936767e-06
Bearing,Light,10472.49165829146,3.644691897648512e-06
Bearing,Light,10810.313969849249,3.8606824486759814e-06
Bearing,Light,11148.136281407038,4.082526255630099e-06
Bearing,Light,11485.958592964827,4.318134018308957e-06
Bearing,Light,11823.780904522615,4.566931416368265e-06
Bearing,Light,12161.603216080404,4.825211098904944e-06
Bearing,Light,12499.425527638194,5.0985132750006196e-06
Bearing,Light,12837.247839195983,5.386326934164768e-06
Bearing,Light,13175.070150753772,5.6788671360066545e-06
Bearing,Light,13512.89246231156,5.976202181387606e-06
Bearing,Light,13850.71477386935,6.277970366534076e-06
Bearing,Light,14188.537085427139,6.590156616313879e-06
Bearing,Light,14526.359396984928,6.913123433213845e-06
Bearing,Light,14864.181708542717,7.2389964259658316e-06
Bearing,Light,15202.004020100507,7.571884047832389e-06
Bearing,Light,15539.826331658294,7.925118925462283e-06
Bearing,Light,15877.648643216084,8.296068569901505e-06
Bearing,Light,16215.470954773873,8.680003439669285e-06
Bearing,Light,16553.29326633166,9.069837587121767e-06
Bearing,Light,16891.11557788945,9.460000380050852e-06
Bearing,Light,17228.93788944724,9.858509292258153e-06
Bearing,Light,17566.76020100503,1.0272402515243739e-05
Bearing,Light,17904.582512562818,1.0696143925215362e-05
Bearing,Light,18242.404824120607,1.1113748390335597e-05
Bearing,Light,18580.227135678397,1.153474163861945e-05
Bearing,Light,18918.049447236186,1.1968587304466878e-05
Bearing,Light,19255.871758793975,1.2412596290823041e-05
Bearing,Light,19593.694070351765,1.2861814783511347e-05
Bearing,Light,19931.51638190955,1.3319710245741706e-05
Bearing,Light,20269.33869346734,1.3782762907431652e-05
Bearing,Light,20607.16100502513,1.4259123319122212e-05
Bearing,Light,20944.98331658292,1.4749294048587893e-05
Bearing,Light,21282.805628140708,1.5243901357768219e-05
Bearing,Light,21620.627939698497,1.5738988316100316e-05
Bearing,Light,21958.450251256287,1.6230707995009772e-05
Bearing,Light,22296.272562814076,1.672094981859844e-05
Bearing,Light,22634.094874371865,1.7220776399813924e-05
Bearing,Light,22971.917185929655,1.773306944353295e-05
Bearing,Light,23309.739497487444,1.8250774772981675e-05
Bearing,Light,23647.56180904523,1.876221773386112e-05
Bearing,Light,23985.38412060302,1.9256425185283022e-05
Bearing,Light,24323.20643216081,1.9756693074102516e-05
Bearing,Light,24661.028743718598,2.02709768970419e-05
Bearing,Light,24998.851055276387,2.0803831106476853e-05
Bearing,Light,25336.673366834177,2.13452252472411e-05
Bearing,Light,25674.495678391966,2.189130949876136e-05
Bearing,Light,26012.317989949755,2.2452554622525292e-05
Bearing,Light,26350.140301507545,2.3021277758357207e-05
Bearing,Light,26687.962613065334,2.3590355765755915e-05
Bearing,Light,27025.78492462312,2.4170785197871096e-05
Bearing,Light,27363.60723618091,2.4748978833749888e-05
Bearing,Light,27701.4295477387,2.5334489533253633e-05
Bearing,Light,28039.251859296488,2.5920669399395428e-05
Bearing,Light,28377.074170854277,2.6496705398336878e-05
Bearing,Light,28714.896482412067,2.7061288310187343e-05
Bearing,Light,29052.718793969856,2.7623512053527017e-05
Bearing,Light,29390.541105527645,2.820030288011644e-05
Bearing,Light,29728.363417085435,2.8790385726677955e-05
Bearing,Light,30066.185728643224,2.9390632348831854e-05
Bearing,Light,30404.008040201014,2.999547033046896e-05
Bearing,Light,30741.8303517588,3.05946294753102e-05
Bearing,Light,31079.65266331659,3.120361002579539e-05
Bearing,Light,31417.474974874378,3.1813135365136284e-05
Bearing,Light,31755.297286432167,3.242616374029147e-05
Bearing,Light,32093.119597989957,3.3026497639061434e-05
Bearing,Light,32430.941909547746,3.362160977957527e-05
Bearing,Light,32768.764221105535,3.422098055585728e-05
Bearing,Light,33106.58653266332,3.481406852082524e-05
Bearing,Light,33444.408844221114,3.5404690673605936e-05
Bearing,Light,33782.2311557789,3.5993295226013116e-05
Bearing,Light,34120.05346733669,3.6602962534629955e-05
Bearing,Light,34457.87577889448,3.723290160663202e-05
Bearing,Light,34795.69809045227,3.785813435093762e-05
Bearing,Light,35133.52040201006,3.849505191020121e-05
Bearing,Light,35471.34271356785,3.912861272405486e-05
Bearing,Light,35809.165025125636,3.9771094248706044e-05
Bearing,Light,36146.98733668342,4.0425539581933625e-05
Bearing,Light,36484.809648241215,4.110326676942705e-05
Bearing,Light,36822.631959799,4.179849132667464e-05
Bearing,Light,37160.45427135679,4.249740280862362e-05
Bearing,Light,37498.27658291458,4.3188771855290586e-05
Bearing,Light,37836.09889447237,4.3909728286162736e-05
Bearing,Light,38173.92120603016,4.467726851843822e-05
Bearing,Light,38511.74351758795,4.5468922235123174e-05
Bearing,Light,38849.56582914574,4.627168588993104e-05
Bearing,Light,39187.38814070353,4.707294918553237e-05
Bearing,Light,39525.210452261315,4.7887632716259286e-05
Bearing,Light,39863.0327638191,4.873768609265914e-05
Bearing,Light,40200.855075376894,4.959520382901332e-05
Bearing,Light,40538.67738693468,5.0485591312562176e-05
Bearing,Light,40876.49969849247,5.140980346725968e-05
Bearing,Light,41214.32201005026,5.232343652023986e-05
Bearing,Light,41552.14432160805,5.3217354648390105e-05
Bearing,Light,41889.96663316584,5.410537300075573e-05
Bearing,Light,42227.78894472363,5.498486748532072e-05
Bearing,Light,42565.611256281416,5.586212636457372e-05
Bearing,Light,42903.43356783921,5.6750985206369764e-05
Bearing,Light,43241.255879396995,5.7632525924834105e-05
Bearing,Light,43579.07819095478,5.85193779854805e-05
Bearing,Light,43916.90050251257,5.9443827271814386e-05
Bearing,Light,44254.72281407036,6.039189702602464e-05
Bearing,Light,44592.54512562815,6.137017707473866e-05
Bearing,Light,44930.36743718594,6.234850292049084e-05
Bearing,Light,45268.18974874373,6.337003521317877e-05
Bearing,Light,45606.01206030152,6.442035916171896e-05
Bearing,Light,45943.83437185931,6.54913324633812e-05
Bearing,Light,46281.656683417095,6.657297859571602e-05
Bearing,Light,46619.47899497489,6.762261410961895e-05
Bearing,Light,46957.301306532674,6.862544097772459e-05
Bearing,Light,47295.12361809046,6.957631702829938e-05
Bearing,Light,47632.94592964825,7.051594865685614e-05
Bearing,Light,47970.76824120604,7.145594112492518e-05
Bearing,Light,48308.59055276383,7.240281316114797e-05
Bearing,Light,48646.41286432162,7.333437649581476e-05
Bearing,Light,48984.23517587941,7.423307317554027e-05
Bearing,Light,49322.057487437196,7.510340092003415e-05
Bearing,Light,49659.87979899499,7.597588154492846e-05
Bearing,Light,49997.702110552775,7.690286638761943e-05
Bearing,Light,50335.52442211057,7.78299731256411e-05
Bearing,Light,50673.34673366835,7.873262497389869e-05
Bearing,Light,51011.16904522614,7.96283253327938e-05
Bearing,Light,51348.99135678393,8.054915916409516e-05
Bearing,Light,51686.81366834172,8.153573950978663e-05
Bearing,Light,52024.63597989951,8.255239639951538e-05
Bearing,Light,52362.4582914573,8.361794197615125e-05
Bearing,Light,52700.28060301509,8.468023419330027e-05
Bearing,Light,53038.102914572875,8.572569364399302e-05
Bearing,Light,53375.92522613067,8.674382329460802e-05
Bearing,Light,53713.747537688454,8.774840949154285e-05
Bearing,Light,54051.56984924624,8.877601208126015e-05
Bearing,Light,54389.39216080403,8.976694508400463e-05
Bearing,Light,54727.21447236182,9.066087418232633e-05
Bearing,Light,55065.03678391961,9.152635492783855e-05
Bearing,Light,55402.8590954774,9.24204552729231e-05
Bearing,Light,55740.68140703519,9.329829171116653e-05
Bearing,Light,56078.503718592976,9.419156191376399e-05
Bearing,Light,56416.32603015077,9.516379828854427e-05
Bearing,Light,56754.148341708555,9.617717976151638e-05
Bearing,Light,57091.97065326635,9.718326770897305e-05
Bearing,Light,57429.79296482413,9.821568680539858e-05
Bearing,Light,57767.61527638192,9.926836817052504e-05
Bearing,Light,58105.43758793971,0.00010031793118299899
Bearing,Light,58443.2598994975,0.0001013658944555426
Bearing,Light,58781.08221105529,0.0001024794439416824
Bearing,Light,59118.90452261308,0.00010358713189493858
Bearing,Light,59456.72683417087,0.00010472656763830379
Bearing,Light,59794.549145728655,0.0001059002319687788
Bearing,Light,60132.37145728645,0.00010703937322707524
Bearing,Light,60470.193768844234,0.0001081042051823852
Bearing,Light,60808.01608040203,0.00010909964573415666
Bearing,Light,61145.83839195981,0.00011015649602893161
Bearing,Light,61483.6607035176,0.000111215779003362
Bearing,Light,61821.48301507539,0.00011228148024424048
Bearing,Light,62159.30532663318,0.00011321348121207977
Bearing,Light,62497.12763819097,0.00011418832789210366
Bearing,Light,62834.949949748756,0.00011521288217922783
Bearing,Light,63172.77226130655,0.00011626316609329741
Bearing,Light,63510.594572864335,0.00011732129698924709
Bearing,Light,63848.41688442213,0.00011835495269213354
Bearing,Light,64186.23919597991,0.00011932186507339545
Bearing,Light,64524.061507537706,0.00012024556252928618
Bearing,Light,64861.88381909549,0.00012121200647854926
Bearing,Light,65199.70613065328,0.00012245566439626193
Bearing,Light,65537.52844221107,0.00012378902434717647
Bearing,Light,65875.35075376886,0.00012513506605454789
Bearing,Light,66213.17306532664,0.00012645579408731647
Bearing,Light,66550.99537688444,0.0001277048020978735
Bearing,Light,66888.81768844223,0.00012887871098402106
Bearing,Light,67226.64000000001,0.00012992651696074834
Bearing,Medium,0.0,8.258694532126467e-07
Bearing,Medium,56.50251256281407,1.01257954533844e-06
Bearing,Medium,113.00502512562814,1.2279172849934544e-06
Bearing,Medium,169.5075376884422,1.4723125762485277e-06
Bearing,Medium,226.01005025125627,1.7430203712041688e-06
Bearing,Medium,282.51256281407035,2.0373452893577344e-06
Bearing,Medium,339.0150753768844,2.360531269632192e-06
Bearing,Medium,395.5175879396985,2.720084692513544e-06
Bearing,Medium,452.02010050251255,3.1187751733669225e-06
Bearing,Medium,508.5226130653266,3.558780944616451e-06
Bearing,Medium,565.0251256281407,4.03619706095767e-06
Bearing,Medium,621.5276381909548,4.555075628737368e-06
Bearing,Medium,678.0301507537688,5.119768327062554e-06
Bearing,Medium,734.5326633165829,5.733674429951608e-06
Bearing,Medium,791.035175879397,6.381620748269377e-06
Bearing,Medium,847.537688442211,7.074654630185772e-06
Bearing,Medium,904.0402010050251,7.81446201825247e-06
Bearing,Medium,960.5427135678392,8.592400808603871e-06
Bearing,Medium,1017.0452261306532,9.419772239785779e-06
Bearing,Medium,1073.5477386934674,1.0287648753192001e-05
Bearing,Medium,1130.0502512562814,1.120479838349332e-05
Bearing,Medium,1186.5527638190954,1.2168705328988167e-05
Bearing,Medium,1243.0552763819096,1.3188322323290723e-05
Bearing,Medium,1299.5577889447236,1.4256774255371986e-05
Bearing,Medium,1356.0603015075376,1.5384257493092888e-05
Bearing,Medium,1412.5628140703518,1.6565022782634592e-05
Bearing,Medium,1469.0653266331658,1.7807083855232946e-05
Bearing,Medium,1525.5678391959798,1.9091141555970068e-05
Bearing,Medium,1582.070351758794,2.0415126587350055e-05
Bearing,Medium,1638.572864321608,2.180116004784998e-05
Bearing,Medium,1695.075376884422,2.3244637584768367e-05
Bearing,Medium,1751.5778894472362,2.4729976339078303e-05
Bearing,Medium,1808.0804020100502,2.626207791700091e-05
Bearing,Medium,1864.5829145728642,2.7825022582576006e-05
Bearing,Medium,1921.0854271356784,2.942667897686519e-05
Bearing,Medium,1977.5879396984924,3.1069118742421444e-05
Bearing,Medium,2034.0904522613064,3.2742703710466525e-05
Bearing,Medium,2090.5929648241204,3.446982350406196e-05
Bearing,Medium,2147.095477386935,3.6264477650312224e-05
Bearing,Medium,2203.597989949749,3.810718871111935e-05
Bearing,Medium,2260.100502512563,3.9997382709491204e-05
Bearing,Medium,2316.603015075377,4.193968453772999e-05
Bearing,Medium,2373.105527638191,4.3910894800648295e-05
Bearing,Medium,2429.6080402010048,4.591669639771393e-05
Bearing,Medium,2486.110552763819,4.7942896767856136e-05
Bearing,Medium,2542.613065326633,4.999756034626296e-05
Bearing,Medium,2599.115577889447,5.209933205402453e-05
Bearing,Medium,2655.618090452261,5.425758329248572e-05
Bearing,Medium,2712.120603015075,5.6468183944989004e-05
Bearing,Medium,2768.623115577889,5.8753521137037866e-05
Bearing,Medium,2825.1256281407036,6.109297321987828e-05
Bearing,Medium,2881.6281407035176,6.34845876249872e-05
Bearing,Medium,2938.1306532663316,6.590923572782064e-05
Bearing,Medium,2994.6331658291456,6.840715642976713e-05
Bearing,Medium,3051.1356783919596,7.094988835794435e-05
Bearing,Medium,3107.6381909547736,7.353794352054178e-05
Bearing,Medium,3164.140703517588,7.619180858316213e-05
Bearing,Medium,3220.643216080402,7.890543695326784e-05
Bearing,Medium,3277.145728643216,8.167044484392333e-05
Bearing,Medium,3333.64824120603,8.445368343384334e-05
Bearing,Medium,3390.150753768844,8.727408683475002e-05
Bearing,Medium,3446.653266331658,9.016303308571769e-05
Bearing,Medium,3503.1557788944724,9.313041808042794e-05
Bearing,Medium,3559.6582914572864,9.614164393104835e-05
Bearing,Medium,3616.1608040201004,9.922036405575362e-05
Bearing,Medium,3672.6633165829144,0.0001023678497376911
Bearing,Medium,3729.1658291457284,0.00010556666013296953
Bearing,Medium,3785.668341708543,0.00010877559900580922
Bearing,Medium,3842.170854271357,0.0001120405017385479
Bearing,Medium,3898.673366834171,0.00011537859235369723
Bearing,Medium,3955.175879396985,0.00011877495273520419
Bearing,Medium,4011.678391959799,0.00012221204965792186
Bearing,Medium,4068.1809045226128,0.00012569695849393408
Bearing,Medium,4124.683417085427,0.00012922759563352602
Bearing,Medium,4181.185929648241,0.0001327853256049318
Bearing,Medium,4237.688442211055,0.0001363642170306602
Bearing,Medium,4294.19095477387,0.00013997344399564062
Bearing,Medium,4350.693467336683,0.0001436240949537584
Bearing,Medium,4407.195979899498,0.0001473318563414049
Bearing,Medium,4463.698492462311,0.000151127059048419
Bearing,Medium,4520.201005025126,0.00015499058738760517
Bearing,Medium,4576.703517587939,0.00015886885727435307
Bearing,Medium,4633.206030150754,0.000162740145516719
Bearing,Medium,4689.708542713568,0.00016663315535388014
Bearing,Medium,4746.211055276382,0.00017057980562000858
Bearing,Medium,4802.713567839196,0.0001745484084065978
Bearing,Medium,4859.2160804020095,0.00017853570738410313
Bearing,Medium,4915.718592964824,0.00018258008205931722
Bearing,Medium,4972.221105527638,0.00018665506916591075
Bearing,Medium,5028.723618090452,0.00019074969626172713
Bearing,Medium,5085.226130653266,0.0001948809112223343
Bearing,Medium,5141.72864321608,0.00019903261495564899
Bearing,Medium,5198.231155778894,0.00020322434175206307
Bearing,Medium,5254.733668341708,0.00020746058371469645
Bearing,Medium,5311.236180904522,0.00021172815784077027
Bearing,Medium,5367.738693467337,0.00021605509472121063
Bearing,Medium,5424.24120603015,0.0002204547930591957
Bearing,Medium,5480.743718592965,0.00022490379121665872
Bearing,Medium,5537.246231155778,0.00022937168770488688
Bearing,Medium,5593.748743718593,0.00023382694264718543
Bearing,Medium,5650.251256281407,0.00023830714255275665
Bearing,Medium,5706.753768844221,0.0002428755462173377
Bearing,Medium,5763.256281407035,0.0002474933613032641
Bearing,Medium,5819.758793969849,0.00025214948840152166
Bearing,Medium,5876.261306532663,0.0002568759851215155
Bearing,Medium,5932.763819095478,0.0002616444456390128
Bearing,Medium,5989.266331658291,0.0002664185504855946
Bearing,Medium,6045.768844221106,0.0002712289421752081
Bearing,Medium,6102.271356783919,0.0002761539515017381
Bearing,Medium,6158.773869346734,0.00028112835744296505
Bearing,Medium,6215.276381909547,0.00028614691359132627
Bearing,Medium,6271.778894472362,0.000291182516881046
Bearing,Medium,6328.281407035176,0.00029629509943255466
Bearing,Medium,6384.78391959799,0.00030143875648819127
Bearing,Medium,6441.286432160804,0.0003065637206807831
Bearing,Medium,6497.7889447236175,0.0003117137904122088
Bearing,Medium,6554.291457286432,0.00031688170053097907
Bearing,Medium,6610.793969849246,0.00032204218663655433
Bearing,Medium,6667.29648241206,0.000327191312173227
Bearing,Medium,6723.798994974874,0.00033241879059859724
Bearing,Medium,6780.301507537688,0.00033775742820172115
Bearing,Medium,6836.804020100502,0.0003431212423569817
Bearing,Medium,6893.306532663316,0.00034852536067074883
Bearing,Medium,6949.80904522613,0.00035400911868516973
Bearing,Medium,7006.311557788945,0.0003595895445965154
Bearing,Medium,7062.814070351758,0.00036521679648928796
Bearing,Medium,7119.316582914573,0.0003709089207257949
Bearing,Medium,7175.819095477386,0.0003766188217543794
Bearing,Medium,7232.321608040201,0.00038229673423091886
Bearing,Medium,7288.824120603015,0.00038793759278570186
Bearing,Medium,7345.326633165829,0.0003936141288248839
Bearing,Medium,7401.829145728643,0.0003994412638367495
Bearing,Medium,7458.331658291457,0.00040540132624502097
Bearing,Medium,7514.834170854271,0.00041133299267523475
Bearing,Medium,7571.336683417086,0.00041726090935108724
Bearing,Medium,7627.839195979899,0.00042334418945367744
Bearing,Medium,7684.341708542714,0.0004294596854012525
Bearing,Medium,7740.844221105527,0.000435568837143747
Bearing,Medium,7797.346733668342,0.0004417429540952059
Bearing,Medium,7853.849246231155,0.00044787385552652365
Bearing,Medium,7910.35175879397,0.00045396120636200226
Bearing,Medium,7966.854271356784,0.00046008473518939865
Bearing,Medium,8023.356783919598,0.0004662521171617783
Bearing,Medium,8079.859296482412,0.0004724980516879271
Bearing,Medium,8136.3618090452255,0.0004787851860910281
Bearing,Medium,8192.86432160804,0.00048511368991997484
Bearing,Medium,8249.366834170854,0.0004914925184874728
Bearing,Medium,8305.869346733669,0.0004979495456355581
Bearing,Medium,8362.371859296481,0.0005043714508803527
Bearing,Medium,8418.874371859296,0.0005105986920551572
Bearing,Medium,8475.37688442211,0.0005167762067807483
Bearing,Medium,8531.879396984925,0.000522922595815557
Bearing,Medium,8588.38190954774,0.0005292222608366561
Bearing,Medium,8644.884422110552,0.0005355919235868742
Bearing,Medium,8701.386934673366,0.0005420242579290944
Bearing,Medium,8757.88944723618,0.0005484576367956803
Bearing,Medium,8814.391959798995,0.0005549243571973186
Bearing,Medium,8870.894472361808,0.000561398232792344
Bearing,Medium,8927.396984924622,0.0005676483755512204
Bearing,Medium,8983.899497487437,0.0005740935994035259
Bearing,Medium,9040.402010050251,0.0005809012728702868
Bearing,Medium,9096.904522613066,0.0005878146591467701
Bearing,Medium,9153.407035175878,0.0005947309682576053
Bearing,Medium,9209.909547738693,0.0006015888692477546
Bearing,Medium,9266.412060301507,0.0006086614344301146
Bearing,Medium,9322.914572864322,0.0006161562727781391
Bearing,Medium,9379.417085427136,0.0006238725647753147
Bearing,Medium,9435.919597989949,0.0006315691327480853
Bearing,Medium,9492.422110552763,0.000639168661069384
Bearing,Medium,9548.924623115578,0.0006468051193024086
Bearing,Medium,9605.427135678392,0.0006545785391156079
Bearing,Medium,9661.929648241206,0.0006625262598484423
Bearing,Medium,9718.432160804019,0.0006705815103836677
Bearing,Medium,9774.934673366834,0.0006788419354234024
Bearing,Medium,9831.437185929648,0.000687319126957914
Bearing,Medium,9887.939698492462,0.0006959985638752126
Bearing,Medium,9944.442211055277,0.0007045322358234654
Bearing,Medium,10000.94472361809,0.0007131291195412823
Bearing,Medium,10057.447236180904,0.0007219706312190726
Bearing,Medium,10113.949748743718,0.0007307448760332622
Bearing,Medium,10170.452261306533,0.0007394482579583788
Bearing,Medium,10226.954773869347,0.0007479543382717579
Bearing,Medium,10283.45728643216,0.0007565120822504802
Bearing,Medium,10339.959798994974,0.0007650205795978073
Bearing,Medium,10396.462311557789,0.0007737148618840494
Bearing,Medium,10452.964824120603,0.0007823816379667411
Bearing,Medium,10509.467336683416,0.0007909199371246472
Bearing,Medium,10565.96984924623,0.0007996312324947671
Bearing,Medium,10622.472361809045,0.000808171273165564
Bearing,Medium,10678.97487437186,0.0008165050029356296
Bearing,Medium,10735.477386934674,0.00082476552044314
Bearing,Medium,10791.979899497486,0.0008327682402608377
Bearing,Medium,10848.4824120603,0.0008410083488625855
Bearing,Medium,10904.984924623115,0.0008498941865039776
Bearing,Medium,10961.48743718593,0.000859132328154884
Bearing,Medium,11017.989949748744,0.0008685624690913609
Bearing,Medium,11074.492462311557,0.0008783825728631492
Bearing,Medium,11130.994974874371,0.0008886019986304564
Bearing,Medium,11187.497487437186,0.0008988886479815521
Bearing,Medium,11244.0,0.0009093790569077141
Bearing,Heavy,0.0,1.8759046611503454e-06
Bearing,Heavy,27.618090452261306,2.2717714738290807e-06
Bearing,Heavy,55.23618090452261,2.722639309894798e-06
Bearing,Heavy,82.85427135678393,3.230766369615086e-06
Bearing,Heavy,110.47236180904522,3.80015328629525e-06
Bearing,Heavy,138.09045226130652,4.426692944628101e-06
Bearing,Heavy,165.70854271356785,5.1205828671892055e-06
Bearing,Heavy,193.32663316582915,5.879527099128152e-06
Bearing,Heavy,220.94472361809045,6.696831223612042e-06
Bearing,Heavy,248.56281407035175,7.598477562252991e-06
Bearing,Heavy,276.18090452261305,8.575586731849966e-06
Bearing,Heavy,303.79899497487435,9.633292892383946e-06
Bearing,Heavy,331.4170854271357,1.076639944744518e-05
Bearing,Heavy,359.035175879397,1.1993283590104233e-05
Bearing,Heavy,386.6532663316583,1.3322790966850498e-05
Bearing,Heavy,414.2713567839196,1.4767831429713456e-05
Bearing,Heavy,441.8894472361809,1.6300754835700133e-05
Bearing,Heavy,469.5075376884422,1.79360725442591e-05
Bearing,Heavy,497.1256281407035,1.9665762442809448e-05
Bearing,Heavy,524.7437185929648,2.1493407916451576e-05
Bearing,Heavy,552.3618090452261,2.3406216586172702e-05
Bearing,Heavy,579.9798994974874,2.5395943634600912e-05
Bearing,Heavy,607.5979899497487,2.7468290522149163e-05
Bearing,Heavy,635.21608040201,2.9637457348232756e-05
Bearing,Heavy,662.8341708542714,3.188608288008036e-05
Bearing,Heavy,690.4522613065327,3.4228307698053734e-05
Bearing,Heavy,718.070351758794,3.6664877557774996e-05
Bearing,Heavy,745.6884422110553,3.91982379990151e-05
Bearing,Heavy,773.3065326633166,4.1845692107700114e-05
Bearing,Heavy,800.9246231155779,4.458100402415607e-05
Bearing,Heavy,828.5427135678392,4.7413440872565155e-05
Bearing,Heavy,856.1608040201005,5.034229469165219e-05
Bearing,Heavy,883.7788944723618,5.335485895337798e-05
Bearing,Heavy,911.3969849246231,5.6443871693404777e-05
Bearing,Heavy,939.0150753768844,5.9640036975042255e-05
Bearing,Heavy,966.6331658291457,6.292196232111416e-05
Bearing,Heavy,994.251256281407,6.630905973522456e-05
Bearing,Heavy,1021.8693467336683,6.983797610527987e-05
Bearing,Heavy,1049.4874371859296,7.35058271662537e-05
Bearing,Heavy,1077.105527638191,7.726205952671069e-05
Bearing,Heavy,1104.7236180904522,8.112754486597334e-05
Bearing,Heavy,1132.3417085427136,8.507027168116461e-05
Bearing,Heavy,1159.9597989949748,8.908795922929995e-05
Bearing,Heavy,1187.5778894472362,9.320834696617893e-05
Bearing,Heavy,1215.1959798994974,9.737992296294342e-05
Bearing,Heavy,1242.8140703517588,0.000101625002222942
Bearing,Heavy,1270.43216080402,0.00010598191425992066
Bearing,Heavy,1298.0502512562814,0.00011039604155891362
Bearing,Heavy,1325.6683417085428,0.00011484185365230806
Bearing,Heavy,1353.286432160804,0.00011941418679354273
Bearing,Heavy,1380.9045226130654,0.00012408349700515558
Bearing,Heavy,1408.5226130653266,0.00012878630335882158
Bearing,Heavy,1436.140703517588,0.00013357365386135463
Bearing,Heavy,1463.7587939698492,0.00013847267649430328
Bearing,Heavy,1491.3768844221106,0.0001435154882072144
Bearing,Heavy,1518.9949748743718,0.00014868938889340866
Bearing,Heavy,1546.6130653266332,0.00015395869980697175
Bearing,Heavy,1574.2311557788944,0.00015933974941721726
Bearing,Heavy,1601.8492462311558,0.0001648298347970159
Bearing,Heavy,1629.467336683417,0.00017043135789694715
Bearing,Heavy,1657.0854271356784,0.00017604539939894957
Bearing,Heavy,1684.7035175879396,0.00018167680810598824
Bearing,Heavy,1712.321608040201,0.00018741641463395993
Bearing,Heavy,1739.9396984924622,0.000193289368623169
Bearing,Heavy,1767.5577889447236,0.00019925181197336426
Bearing,Heavy,1795.175879396985,0.0002053331767406035
Bearing,Heavy,1822.7939698492462,0.00021150774693386295
Bearing,Heavy,1850.4120603015076,0.00021783053780816364
Bearing,Heavy,1878.0301507537688,0.0002242396984435733
Bearing,Heavy,1905.6482412060302,0.0002307692579395778
Bearing,Heavy,1933.2663316582914,0.00023746491962780354
Bearing,Heavy,1960.8844221105528,0.000244284163664605
Bearing,Heavy,1988.502512562814,0.00025120645327792644
Bearing,Heavy,2016.1206030150754,0.0002581948910461276
Bearing,Heavy,2043.7386934673366,0.0002652660599005582
Bearing,Heavy,2071.356783919598,0.00027239444907054607
Bearing,Heavy,2098.974874371859,0.0002796101466170841
Bearing,Heavy,2126.5929648241204,0.0002870308380705703
Bearing,Heavy,2154.211055276382,0.0002946072116914104
Bearing,Heavy,2181.829145728643,0.0003022619083018546
Bearing,Heavy,2209.4472361809044,0.0003100329355161142
Bearing,Heavy,2237.065326633166,0.00031790092410107087
Bearing,Heavy,2264.683417085427,0.000325842737876109
Bearing,Heavy,2292.3015075376884,0.0003338710539014002
Bearing,Heavy,2319.9195979899496,0.0003419276024345815
Bearing,Heavy,2347.537688442211,0.0003500843483456322
Bearing,Heavy,2375.1557788944724,0.00035836379489245454
Bearing,Heavy,2402.7738693467336,0.0003666977028477281
Bearing,Heavy,2430.391959798995,0.0003750665530951968
Bearing,Heavy,2458.0100502512564,0.0003835529603141661
Bearing,Heavy,2485.6281407035176,0.00039213413619836306
Bearing,Heavy,2513.246231155779,0.0004008028480438324
Bearing,Heavy,2540.86432160804,0.00040959792707447355
Bearing,Heavy,2568.4824120603016,0.0004184923257344472
Bearing,Heavy,2596.100502512563,0.00042745806333832983
Bearing,Heavy,2623.718592964824,0.00043640614496584995
Bearing,Heavy,2651.3366834170856,0.00044539327833883715
Bearing,Heavy,2678.954773869347,0.00045445805029192577
Bearing,Heavy,2706.572864321608,0.0004636876490055298
Bearing,Heavy,2734.190954773869,0.00047301855298351295
Bearing,Heavy,2761.809045226131,0.00048234715102873183
Bearing,Heavy,2789.427135678392,0.0004917199111606127
Bearing,Heavy,2817.045226130653,0.0005011911854636887
Bearing,Heavy,2844.6633165829144,0.0005107126274649927
Bearing,Heavy,2872.281407035176,0.0005203454935167451
Bearing,Heavy,2899.899497487437,0.0005301381584516335
Bearing,Heavy,2927.5175879396984,0.0005400344745195709
Bearing,Heavy,2955.1356783919596,0.0005500736984402555
Bearing,Heavy,2982.753768844221,0.0005602067203983448
Bearing,Heavy,3010.3718592964824,0.0005705072594228115
Bearing,Heavy,3037.9899497487436,0.0005810190628840154
Bearing,Heavy,3065.6080402010048,0.0005915810334366603
Bearing,Heavy,3093.2261306532664,0.0006021756417484409
Bearing,Heavy,3120.8442211055276,0.0006127885591916771
Bearing,Heavy,3148.462311557789,0.0006233526710425617
Bearing,Heavy,3176.0804020100504,0.0006339070906250849
Bearing,Heavy,3203.6984924623116,0.0006446490743339552
Bearing,Heavy,3231.316582914573,0.000655671665852601
Bearing,Heavy,3258.934673366834,0.0006668939002287059
Bearing,Heavy,3286.5527638190956,0.0006781806466524251
Bearing,Heavy,3314.170854271357,0.0006894987062820655
Bearing,Heavy,3341.788944723618,0.0007008294729964184
Bearing,Heavy,3369.407035175879,0.0007122810707006046
Bearing,Heavy,3397.025125628141,0.0007239030221115775
Bearing,Heavy,3424.643216080402,0.0007355494535281153
Bearing,Heavy,3452.261306532663,0.0007474673300968484
Bearing,Heavy,3479.8793969849244,0.0007595256035807132
Bearing,Heavy,3507.497487437186,0.0007717682536635529
Bearing,Heavy,3535.115577889447,0.0007840426875347046
Bearing,Heavy,3562.7336683417084,0.0007963844901717009
Bearing,Heavy,3590.35175879397,0.0008088865399266407
Bearing,Heavy,3617.969849246231,0.0008215228144744889
Bearing,Heavy,3645.5879396984924,0.0008341705283434082
Bearing,Heavy,3673.2060301507536,0.0008469265543434042
Bearing,Heavy,3700.824120603015,0.0008598077577877294
Bearing,Heavy,3728.4422110552764,0.0008727049056155039
Bearing,Heavy,3756.0603015075376,0.0008856584961988706
Bearing,Heavy,3783.678391959799,0.0008986664068511292
Bearing,Heavy,3811.2964824120604,0.0009120241569843461
Bearing,Heavy,3838.9145728643216,0.00092541936011052
Bearing,Heavy,3866.532663316583,0.0009388729354355176
Bearing,Heavy,3894.150753768844,0.0009524335571010342
Bearing,Heavy,3921.7688442211056,0.000966041026744444
Bearing,Heavy,3949.386934673367,0.0009797255020200964
Bearing,Heavy,3977.005025125628,0.0009937057736786362
Bearing,Heavy,4004.6231155778896,0.001007866123864881
Bearing,Heavy,4032.241206030151,0.0010217583977952627
Bearing,Heavy,4059.859296482412,0.0010355595174942412
Bearing,Heavy,4087.477386934673,0.0010493692179583626
Bearing,Heavy,4115.095477386934,0.0010633273626073584
Bearing,Heavy,4142.713567839196,0.001077496486409169
Bearing,Heavy,4170.331658291458,0.0010917128617659276
Bearing,Heavy,4197.949748743718,0.001105950811051879
Bearing,Heavy,4225.56783919598,0.001120184908516195
Bearing,Heavy,4253.185929648241,0.001134384425932832
Bearing,Heavy,4280.804020100502,0.001148811262233464
Bearing,Heavy,4308.422110552764,0.0011632367204326443
Bearing,Heavy,4336.040201005025,0.0011772301947671232
Bearing,Heavy,4363.658291457286,0.0011912801520513015
Bearing,Heavy,4391.276381909548,0.001205632097793157
Bearing,Heavy,4418.894472361809,0.0012200889329224839
Bearing,Heavy,4446.51256281407,0.0012347061540513387
Bearing,Heavy,4474.130653266332,0.0012498085386807092
Bearing,Heavy,4501.748743718593,0.0012648374901637772
Bearing,Heavy,4529.366834170854,0.001279856948606906
Bearing,Heavy,4556.984924623115,0.001295229100933427
Bearing,Heavy,4584.603015075377,0.001310854597355806
Bearing,Heavy,4612.221105527638,0.0013267091474679867
Bearing,Heavy,4639.839195979899,0.0013426054781833668
Bearing,Heavy,4667.457286432161,0.0013584156932075825
Bearing,Heavy,4695.075376884422,0.0013744461665980948
Bearing,Heavy,4722.693467336683,0.0013904446551152919
Bearing,Heavy,4750.311557788945,0.001406631935691459
Bearing,Heavy,4777.9296482412055,0.0014234668571220894
Bearing,Heavy,4805.547738693467,0.0014405780547624366
Bearing,Heavy,4833.165829145729,0.0014577940608608193
Bearing,Heavy,4860.78391959799,0.0014751326628108822
Bearing,Heavy,4888.402010050251,0.0014923293379033112
Bearing,Heavy,4916.020100502513,0.0015094513676816382
Bearing,Heavy,4943.638190954774,0.0015268324359361863
Bearing,Heavy,4971.256281407035,0.001544503865023654
Bearing,Heavy,4998.874371859297,0.0015627432368545986
Bearing,Heavy,5026.492462311558,0.0015812345220688696
Bearing,Heavy,5054.110552763819,0.0015997336161952037
Bearing,Heavy,5081.72864321608,0.0016180725535077272
Bearing,Heavy,5109.346733668342,0.0016356277633075714
Bearing,Heavy,5136.964824120603,0.001651967682664617
Bearing,Heavy,5164.582914572864,0.001667903658327152
Bearing,Heavy,5192.201005025126,0.001683675001105312
Bearing,Heavy,5219.819095477387,0.0016983337459174602
Bearing,Heavy,5247.437185929648,0.001712536674839904
Bearing,Heavy,5275.05527638191,0.0017270754369402485
Bearing,Heavy,5302.673366834171,0.0017422140621101536
Bearing,Heavy,5330.291457286432,0.0017569962771084471
Bearing,Heavy,5357.909547738694,0.0017717017781175143
Bearing,Heavy,5385.527638190954,0.0017879007308534442
Bearing,Heavy,5413.145728643216,0.0018048799553847257
Bearing,Heavy,5440.763819095478,0.0018217409994035298
Bearing,Heavy,5468.381909547738,0.0018394187964665878
Bearing,Heavy,5496.0,0.0018589870803329624
Conveyor_Belt,Light,0.0,3.874348374742943e-07
Conveyor_Belt,Light,103.52020100502511,4.963298595178937e-07
Conveyor_Belt,Light,207.04040201005023,6.082033665825486e-07
Conveyor_Belt,Light,310.56060301507534,7.382233298593343e-07
Conveyor_Belt,Light,414.08080402010046,8.927261549890283e-07
Conveyor_Belt,Light,517.6010050251256,1.047225928020139e-06
Conveyor_Belt,Light,621.1212060301507,1.201134198640111e-06
Conveyor_Belt,Light,724.6414070351758,1.3573892384024201e-06
Conveyor_Belt,Light,828.1616080402009,1.5322984765709977e-06
Conveyor_Belt,Light,931.681809045226,1.7097845779136887e-06
Conveyor_Belt,Light,1035.2020100502511,1.8931049465999597e-06
Conveyor_Belt,Light,1138.7222110552761,2.093062095958723e-06
Conveyor_Belt,Light,1242.2424120603014,2.2862953093531978e-06
Conveyor_Belt,Light,1345.7626130653266,2.46703992834224e-06
Conveyor_Belt,Light,1449.2828140703516,2.647277579845246e-06
Conveyor_Belt,Light,1552.8030150753766,2.8197940668298796e-06
Conveyor_Belt,Light,1656.3232160804018,3.0137970706162737e-06
Conveyor_Belt,Light,1759.843417085427,3.253002719487134e-06
Conveyor_Belt,Light,1863.363618090452,3.5485304165324887e-06
Conveyor_Belt,Light,1966.883819095477,3.860402562764488e-06
Conveyor_Belt,Light,2070.4040201005023,4.220304068051921e-06
Conveyor_Belt,Light,2173.9242211055275,4.705341909294606e-06
Conveyor_Belt,Light,2277.4444221105523,5.213862283340274e-06
Conveyor_Belt,Light,2380.9646231155775,5.772821459359753e-06
Conveyor_Belt,Light,2484.4848241206028,6.387176937667353e-06
Conveyor_Belt,Light,2588.005025125628,6.999459423001307e-06
Conveyor_Belt,Light,2691.525226130653,7.618084093670921e-06
Conveyor_Belt,Light,2795.045427135678,8.285802092422999e-06
Conveyor_Belt,Light,2898.565628140703,8.94035957148806e-06
Conveyor_Belt,Light,3002.0858291457284,9.604648327557052e-06
Conveyor_Belt,Light,3105.606030150753,1.0254612222175888e-05
Conveyor_Belt,Light,3209.1262311557784,1.0872731383279107e-05
Conveyor_Belt,Light,3312.6464321608037,1.1429042247185442e-05
Conveyor_Belt,Light,3416.166633165829,1.2019814519351761e-05
Conveyor_Belt,Light,3519.686834170854,1.2690232021896307e-05
Conveyor_Belt,Light,3623.207035175879,1.3409531902407229e-05
Conveyor_Belt,Light,3726.727236180904,1.4159730669291624e-05
Conveyor_Belt,Light,3830.2474371859294,1.4880521681362949e-05
Conveyor_Belt,Light,3933.767638190954,1.570290762297151e-05
Conveyor_Belt,Light,4037.2878391959794,1.6563731398790725e-05
Conveyor_Belt,Light,4140.808040201005,1.741942893720037e-05
Conveyor_Belt,Light,4244.32824120603,1.8331848473841307e-05
Conveyor_Belt,Light,4347.848442211055,1.9275325854453125e-05
Conveyor_Belt,Light,4451.36864321608,2.0250424219529382e-05
Conveyor_Belt,Light,4554.888844221105,2.1362400260070574e-05
Conveyor_Belt,Light,4658.40904522613,2.2508418815724843e-05
Conveyor_Belt,Light,4761.929246231155,2.3615609393693703e-05
Conveyor_Belt,Light,4865.44944723618,2.47073729496227e-05
Conveyor_Belt,Light,4968.9696482412055,2.5814972520845695e-05
Conveyor_Belt,Light,5072.489849246231,2.693921890811143e-05
Conveyor_Belt,Light,5176.010050251256,2.8124622353332345e-05
Conveyor_Belt,Light,5279.530251256281,2.9391108729560732e-05
Conveyor_Belt,Light,5383.050452261306,3.0686165203383936e-05
Conveyor_Belt,Light,5486.570653266331,3.201836822441255e-05
Conveyor_Belt,Light,5590.090854271356,3.331871637088092e-05
Conveyor_Belt,Light,5693.611055276381,3.45343627279155e-05
Conveyor_Belt,Light,5797.131256281406,3.5719804499039883e-05
Conveyor_Belt,Light,5900.651457286432,3.697352821471139e-05
Conveyor_Belt,Light,6004.171658291457,3.82753473468049e-05
Conveyor_Belt,Light,6107.691859296482,3.966015448597856e-05
Conveyor_Belt,Light,6211.212060301506,4.1135462643125034e-05
Conveyor_Belt,Light,6314.732261306532,4.2798579368642653e-05
Conveyor_Belt,Light,6418.252462311557,4.450908547657378e-05
Conveyor_Belt,Light,6521.772663316582,4.621854719212871e-05
Conveyor_Belt,Light,6625.292864321607,4.800382877119973e-05
Conveyor_Belt,Light,6728.813065326633,4.980191511985513e-05
Conveyor_Belt,Light,6832.333266331658,5.151410033998997e-05
Conveyor_Belt,Light,6935.853467336683,5.308130216331097e-05
Conveyor_Belt,Light,7039.373668341708,5.4555186318193996e-05
Conveyor_Belt,Light,7142.893869346733,5.6098032408835114e-05
Conveyor_Belt,Light,7246.414070351758,5.7793645234856925e-05
Conveyor_Belt,Light,7349.934271356783,5.9426698529591344e-05
Conveyor_Belt,Light,7453.454472361808,6.0955066848854484e-05
Conveyor_Belt,Light,7556.9746733668335,6.253564679009159e-05
Conveyor_Belt,Light,7660.494874371859,6.412214015209064e-05
Conveyor_Belt,Light,7764.015075376884,6.582085786870826e-05
Conveyor_Belt,Light,7867.535276381908,6.760171606965327e-05
Conveyor_Belt,Light,7971.0554773869335,6.934462118857883e-05
Conveyor_Belt,Light,8074.575678391959,7.137471477464569e-05
Conveyor_Belt,Light,8178.095879396984,7.353570963644702e-05
Conveyor_Belt,Light,8281.61608040201,7.567655469193737e-05
Conveyor_Belt,Light,8385.136281407034,7.771742537528044e-05
Conveyor_Belt,Light,8488.65648241206,7.976953497521681e-05
Conveyor_Belt,Light,8592.176683417085,8.206291332755626e-05
Conveyor_Belt,Light,8695.69688442211,8.452913653868217e-05
Conveyor_Belt,Light,8799.217085427135,8.697245210479675e-05
Conveyor_Belt,Light,8902.73728643216,8.937908310023229e-05
Conveyor_Belt,Light,9006.257487437186,9.179255593461344e-05
Conveyor_Belt,Light,9109.77768844221,9.433938534695157e-05
Conveyor_Belt,Light,9213.297889447234,9.686755254719065e-05
Conveyor_Belt,Light,9316.81809045226,9.941675972404616e-05
Conveyor_Belt,Light,9420.338291457285,0.00010219409123215821
Conveyor_Belt,Light,9523.85849246231,0.00010509276147286693
Conveyor_Belt,Light,9627.378693467335,0.00010803576707158068
Conveyor_Belt,Light,9730.89889447236,0.00011086857655020966
Conveyor_Belt,Light,9834.419095477386,0.00011358479792297665
Conveyor_Belt,Light,9937.939296482411,0.0001162130293336343
Conveyor_Belt,Light,10041.459497487436,0.0001189660904147802
Conveyor_Belt,Light,10144.979698492461,0.00012182002563926702
Conveyor_Belt,Light,10248.499899497487,0.00012469645926254261
Conveyor_Belt,Light,10352.020100502512,0.00012752768886129984
Conveyor_Belt,Light,10455.540301507537,0.00013051511977761916
Conveyor_Belt,Light,10559.060502512562,0.00013341119705624852
Conveyor_Belt,Light,10662.580703517588,0.00013621644308731156
Conveyor_Belt,Light,10766.100904522613,0.00013893238213220132
Conveyor_Belt,Light,10869.621105527636,0.00014170568097824875
Conveyor_Belt,Light,10973.141306532661,0.0001445712401806908
Conveyor_Belt,Light,11076.661507537687,0.00014722107027277277
Conveyor_Belt,Light,11180.181708542712,0.00014983982550821425
Conveyor_Belt,Light,11283.701909547737,0.00015246244961994595
Conveyor_Belt,Light,11387.222110552762,0.00015526908760660164
Conveyor_Belt,Light,11490.742311557788,0.00015777046492568685
Conveyor_Belt,Light,11594.262512562813,0.00016008203435390544
Conveyor_Belt,Light,11697.782713567838,0.0001622040305831667
Conveyor_Belt,Light,11801.302914572863,0.00016407693829148352
Conveyor_Belt,Light,11904.823115577889,0.00016587422633420758
Conveyor_Belt,Light,12008.343316582914,0.0001675126623246641
Conveyor_Belt,Light,12111.863517587939,0.00016900445131794363
Conveyor_Belt,Light,12215.383718592964,0.0001705600981666169
Conveyor_Belt,Light,12318.90391959799,0.0001720382500139005
Conveyor_Belt,Light,12422.424120603013,0.00017345816996648013
Conveyor_Belt,Light,12525.944321608038,0.00017481281294204367
Conveyor_Belt,Light,12629.464522613063,0.0001762260770582438
Conveyor_Belt,Light,12732.984723618089,0.00017784361788770626
Conveyor_Belt,Light,12836.504924623114,0.00017953045469093398
Conveyor_Belt,Light,12940.025125628139,0.00018113596333349942
Conveyor_Belt,Light,13043.545326633164,0.0001828518589648316
Conveyor_Belt,Light,13147.06552763819,0.00018448488089041162
Conveyor_Belt,Light,13250.585728643215,0.00018590785129142417
Conveyor_Belt,Light,13354.10592964824,0.00018713762148131537
Conveyor_Belt,Light,13457.626130653265,0.0001886885789076585
Conveyor_Belt,Light,13561.14633165829,0.0001906972849880229
Conveyor_Belt,Light,13664.666532663316,0.0001930874488075581
Conveyor_Belt,Light,13768.18673366834,0.00019569998496048608
Conveyor_Belt,Light,13871.706934673366,0.00019881576582019182
Conveyor_Belt,Light,13975.227135678391,0.0002020493324619466
Conveyor_Belt,Light,14078.747336683417,0.00020519855765984836
Conveyor_Belt,Light,14182.26753768844,0.00020815029902862835
Conveyor_Belt,Light,14285.787738693465,0.0002113915816611643
Conveyor_Belt,Light,14389.30793969849,0.0002155305399809243
Conveyor_Belt,Light,14492.828140703516,0.00022031389444667092
Conveyor_Belt,Light,14596.34834170854,0.00022539504271286176
Conveyor_Belt,Light,14699.868542713566,0.0002302119951755192
Conveyor_Belt,Light,14803.388743718591,0.00023508957126372948
Conveyor_Belt,Light,14906.908944723617,0.0002397212446265578
Conveyor_Belt,Light,15010.429145728642,0.0002443975522193379
Conveyor_Belt,Light,15113.949346733667,0.0002495838341331362
Conveyor_Belt,Light,15217.469547738692,0.0002552761996451752
Conveyor_Belt,Light,15320.989748743717,0.00026139117698004285
Conveyor_Belt,Light,15424.509949748743,0.0002671979212988385
Conveyor_Belt,Light,15528.030150753768,0.0002731025840933294
Conveyor_Belt,Light,15631.550351758793,0.00027885616630191117
Conveyor_Belt,Light,15735.070552763817,0.00028448318366827295
Conveyor_Belt,Light,15838.590753768842,0.00029070362549443957
Conveyor_Belt,Light,15942.110954773867,0.0002967383552695143
Conveyor_Belt,Light,16045.631155778892,0.00030213382419854405
Conveyor_Belt,Light,16149.151356783917,0.0003073283623206099
Conveyor_Belt,Light,16252.671557788943,0.000312424304179385
Conveyor_Belt,Light,16356.191758793968,0.000317316373788556
Conveyor_Belt,Light,16459.711959798995,0.00032182912967861587
Conveyor_Belt,Light,16563.23216080402,0.0003258638443201967
Conveyor_Belt,Light,16666.75236180904,0.0003299486957269138
Conveyor_Belt,Light,16770.27256281407,0.0003342502558999264
Conveyor_Belt,Light,16873.792763819092,0.0003382415192499548
Conveyor_Belt,Light,16977.31296482412,0.00034153090852276526
Conveyor_Belt,Light,17080.833165829143,0.00034419742847128387
Conveyor_Belt,Light,17184.35336683417,0.00034663069043823274
Conveyor_Belt,Light,17287.873567839193,0.00034900541748544075
Conveyor_Belt,Light,17391.39376884422,0.00035082035939649423
Conveyor_Belt,Light,17494.913969849244,0.00035270114309351883
Conveyor_Belt,Light,17598.43417085427,0.00035477816595125733
Conveyor_Belt,Light,17701.954371859294,0.0003563212068013064
Conveyor_Belt,Light,17805.47457286432,0.00035801269856699055
Conveyor_Belt,Light,17908.994773869344,0.0003600330573021195
Conveyor_Belt,Light,18012.51497487437,0.0003634469751943076
Conveyor_Belt,Light,18116.035175879395,0.0003683185227118161
Conveyor_Belt,Light,18219.55537688442,0.00037296321812564225
Conveyor_Belt,Light,18323.075577889445,0.0003777759454589196
Conveyor_Belt,Light,18426.59577889447,0.00038386749163428567
Conveyor_Belt,Light,18530.115979899496,0.00039031256193642797
Conveyor_Belt,Light,18633.63618090452,0.0003969514072521065
Conveyor_Belt,Light,18737.156381909546,0.00040290329357929664
Conveyor_Belt,Light,18840.67658291457,0.00040843207196474533
Conveyor_Belt,Light,18944.196783919597,0.0004133998246818303
Conveyor_Belt,Light,19047.71698492462,0.00041749754164486
Conveyor_Belt,Light,19151.237185929647,0.00042052854416136547
Conveyor_Belt,Light,19254.75738693467,0.0004237463031590493
Conveyor_Belt,Light,19358.277587939698,0.0004274638720193327
Conveyor_Belt,Light,19461.79778894472,0.00043061951114672475
Conveyor_Belt,Light,19565.317989949748,0.000434388947361912
Conveyor_Belt,Light,19668.83819095477,0.0004392209745679373
Conveyor_Belt,Light,19772.3583919598,0.0004438951290083705
Conveyor_Belt,Light,19875.878592964822,0.00044768455082188166
Conveyor_Belt,Light,19979.398793969845,0.00045146997927800203
Conveyor_Belt,Light,20082.918994974872,0.0004556843686627808
Conveyor_Belt,Light,20186.439195979896,0.0004594305645548065
Conveyor_Belt,Light,20289.959396984923,0.0004617227924307308
Conveyor_Belt,Light,20393.479597989946,0.0004624613005587373
Conveyor_Belt,Light,20496.999798994973,0.00046263168844699
Conveyor_Belt,Light,20600.519999999997,0.0004626423669867518
Conveyor_Belt,Medium,0.0,1.7319895430378772e-06
Conveyor_Belt,Medium,31.32723618090451,1.8819902519720961e-06
Conveyor_Belt,Medium,62.65447236180902,2.0750146694509457e-06
Conveyor_Belt,Medium,93.98170854271353,2.473131330067285e-06
Conveyor_Belt,Medium,125.30894472361804,2.9592055539997345e-06
Conveyor_Belt,Medium,156.63618090452255,3.4458170397651107e-06
Conveyor_Belt,Medium,187.96341708542707,4.039289442551345e-06
Conveyor_Belt,Medium,219.29065326633156,4.695038219744688e-06
Conveyor_Belt,Medium,250.61788944723608,5.393492090377898e-06
Conveyor_Belt,Medium,281.9451256281406,6.153858753644254e-06
Conveyor_Belt,Medium,313.2723618090451,7.06058768323764e-06
Conveyor_Belt,Medium,344.5995979899496,8.076678160750189e-06
Conveyor_Belt,Medium,375.92683417085414,9.09371145087794e-06
Conveyor_Belt,Medium,407.2540703517586,1.0190218411947615e-05
Conveyor_Belt,Medium,438.5813065326631,1.1451078051225049e-05
Conveyor_Belt,Medium,469.90854271356767,1.2768740206675714e-05
Conveyor_Belt,Medium,501.23577889447216,1.4162309792779033e-05
Conveyor_Belt,Medium,532.5630150753767,1.5718317676540212e-05
Conveyor_Belt,Medium,563.8902512562812,1.729473826917627e-05
Conveyor_Belt,Medium,595.2174874371857,1.8956508261320783e-05
Conveyor_Belt,Medium,626.5447236180902,2.0723698155881697e-05
Conveyor_Belt,Medium,657.8719597989947,2.2553771544664108e-05
Conveyor_Belt,Medium,689.1991959798992,2.4462084381436873e-05
Conveyor_Belt,Medium,720.5264321608038,2.6479447224660952e-05
Conveyor_Belt,Medium,751.8536683417083,2.8656111158060714e-05
Conveyor_Belt,Medium,783.1809045226128,3.085637815007203e-05
Conveyor_Belt,Medium,814.5081407035173,3.321468493331605e-05
Conveyor_Belt,Medium,845.8353768844217,3.563824653007337e-05
Conveyor_Belt,Medium,877.1626130653262,3.806777888120476e-05
Conveyor_Belt,Medium,908.4898492462308,4.0627925117442995e-05
Conveyor_Belt,Medium,939.8170854271353,4.330374842104346e-05
Conveyor_Belt,Medium,971.1443216080398,4.6113961796279925e-05
Conveyor_Belt,Medium,1002.4715577889443,4.8891382141278484e-05
Conveyor_Belt,Medium,1033.798793969849,5.1662334631681754e-05
Conveyor_Belt,Medium,1065.1260301507534,5.4349732625134676e-05
Conveyor_Belt,Medium,1096.453266331658,5.703626255858312e-05
Conveyor_Belt,Medium,1127.7805025125624,5.9728354942758034e-05
Conveyor_Belt,Medium,1159.107738693467,6.255201588703624e-05
Conveyor_Belt,Medium,1190.4349748743714,6.541846310550936e-05
Conveyor_Belt,Medium,1221.7622110552759,6.826104150361591e-05
Conveyor_Belt,Medium,1253.0894472361804,7.127861977441494e-05
Conveyor_Belt,Medium,1284.4166834170849,7.435076903883425e-05
Conveyor_Belt,Medium,1315.7439195979894,7.73629177789861e-05
Conveyor_Belt,Medium,1347.0711557788939,8.045879596330481e-05
Conveyor_Belt,Medium,1378.3983919597983,8.380586872151053e-05
Conveyor_Belt,Medium,1409.725628140703,8.727021032625423e-05
Conveyor_Belt,Medium,1441.0528643216076,9.083971868444654e-05
Conveyor_Belt,Medium,1472.380100502512,9.447524352112172e-05
Conveyor_Belt,Medium,1503.7073366834165,9.812208272195049e-05
Conveyor_Belt,Medium,1535.034572864321,0.00010188390791694624
Conveyor_Belt,Medium,1566.3618090452255,0.00010604149768215322
Conveyor_Belt,Medium,1597.68904522613,0.00011037615820934902
Conveyor_Belt,Medium,1629.0162814070345,0.00011472241388952659
Conveyor_Belt,Medium,1660.343517587939,0.00011938612736537385
Conveyor_Belt,Medium,1691.6707537688435,0.0001242124064464591
Conveyor_Belt,Medium,1722.997989949748,0.00012921897451615555
Conveyor_Belt,Medium,1754.3252261306525,0.00013444949876561076
Conveyor_Belt,Medium,1785.652462311557,0.00013990312925771226
Conveyor_Belt,Medium,1816.9796984924617,0.00014537380721538882
Conveyor_Belt,Medium,1848.3069346733662,0.0001507740443304068
Conveyor_Belt,Medium,1879.6341708542707,0.00015613123734548148
Conveyor_Belt,Medium,1910.9614070351752,0.0001614131562957097
Conveyor_Belt,Medium,1942.2886432160797,0.00016657001557863048
Conveyor_Belt,Medium,1973.6158793969842,0.0001716628572350934
Conveyor_Belt,Medium,2004.9431155778886,0.00017705834974740298
Conveyor_Belt,Medium,2036.2703517587931,0.0001826604050493149
Conveyor_Belt,Medium,2067.597587939698,0.0001881773265476572
Conveyor_Belt,Medium,2098.9248241206024,0.00019378604898898414
Conveyor_Belt,Medium,2130.252060301507,0.00019973695579183202
Conveyor_Belt,Medium,2161.5792964824113,0.00020626509543935186
Conveyor_Belt,Medium,2192.906532663316,0.000212896978049868
Conveyor_Belt,Medium,2224.2337688442203,0.000219419155214538
Conveyor_Belt,Medium,2255.561005025125,0.00022578154728202285
Conveyor_Belt,Medium,2286.8882412060293,0.00023199498724431095
Conveyor_Belt,Medium,2318.215477386934,0.000237939835163061
Conveyor_Belt,Medium,2349.5427135678383,0.00024379892535012352
Conveyor_Belt,Medium,2380.869949748743,0.00025014480990013935
Conveyor_Belt,Medium,2412.1971859296473,0.00025666497776899466
Conveyor_Belt,Medium,2443.5244221105518,0.0002631822309766442
Conveyor_Belt,Medium,2474.8516582914563,0.00026952812004810785
Conveyor_Belt,Medium,2506.1788944723608,0.0002763197160888713
Conveyor_Belt,Medium,2537.5061306532652,0.0002832598396806462
Conveyor_Belt,Medium,2568.8333668341697,0.000290302101200609
Conveyor_Belt,Medium,2600.1606030150742,0.0002972892632729674
Conveyor_Belt,Medium,2631.4878391959787,0.00030440870971273323
Conveyor_Belt,Medium,2662.815075376883,0.0003113499368260709
Conveyor_Belt,Medium,2694.1423115577877,0.0003185428355735898
Conveyor_Belt,Medium,2725.469547738692,0.00032605509687235487
Conveyor_Belt,Medium,2756.7967839195967,0.00033399239908187765
Conveyor_Belt,Medium,2788.124020100501,0.00034289003002863316
Conveyor_Belt,Medium,2819.451256281406,0.0003523787830307686
Conveyor_Belt,Medium,2850.7784924623106,0.0003615392305338021
Conveyor_Belt,Medium,2882.105728643215,0.00037055536980489136
Conveyor_Belt,Medium,2913.4329648241196,0.0003796164016950245
Conveyor_Belt,Medium,2944.760201005024,0.00038872458057186566
Conveyor_Belt,Medium,2976.0874371859286,0.00039810361875629416
Conveyor_Belt,Medium,3007.414673366833,0.00040770854947369843
Conveyor_Belt,Medium,3038.7419095477376,0.00041765167009354744
Conveyor_Belt,Medium,3070.069145728642,0.00042783029668520844
Conveyor_Belt,Medium,3101.3963819095466,0.00043822969201828333
Conveyor_Belt,Medium,3132.723618090451,0.0004484305654918252
Conveyor_Belt,Medium,3164.0508542713555,0.00045834619610844024
Conveyor_Belt,Medium,3195.37809045226,0.0004676464200337972
Conveyor_Belt,Medium,3226.7053266331645,0.0004764376023275626
Conveyor_Belt,Medium,3258.032562814069,0.0004853652633293806
Conveyor_Belt,Medium,3289.3597989949735,0.0004943692462167786
Conveyor_Belt,Medium,3320.687035175878,0.000503027560162196
Conveyor_Belt,Medium,3352.0142713567825,0.0005115592284686697
Conveyor_Belt,Medium,3383.341507537687,0.0005202327071290916
Conveyor_Belt,Medium,3414.6687437185915,0.0005302037331292326
Conveyor_Belt,Medium,3445.995979899496,0.0005403172760939063
Conveyor_Belt,Medium,3477.3232160804005,0.0005498281256359596
Conveyor_Belt,Medium,3508.650452261305,0.0005598718659676273
Conveyor_Belt,Medium,3539.9776884422095,0.0005702069447774147
Conveyor_Belt,Medium,3571.304924623114,0.0005804259463586988
Conveyor_Belt,Medium,3602.6321608040184,0.0005904266679430682
Conveyor_Belt,Medium,3633.9593969849234,0.0006011921192926794
Conveyor_Belt,Medium,3665.286633165828,0.0006118618179172943
Conveyor_Belt,Medium,3696.6138693467324,0.0006226009736328196
Conveyor_Belt,Medium,3727.941105527637,0.0006332832029554029
Conveyor_Belt,Medium,3759.2683417085414,0.0006446382301140594
Conveyor_Belt,Medium,3790.595577889446,0.0006564852007379345
Conveyor_Belt,Medium,3821.9228140703503,0.0006692415026265774
Conveyor_Belt,Medium,3853.250050251255,0.0006821016475419291
Conveyor_Belt,Medium,3884.5772864321593,0.0006941248868631873
Conveyor_Belt,Medium,3915.904522613064,0.0007053790895161262
Conveyor_Belt,Medium,3947.2317587939683,0.000717134860132874
Conveyor_Belt,Medium,3978.558994974873,0.0007288047114939574
Conveyor_Belt,Medium,4009.8862311557773,0.0007413605823317462
Conveyor_Belt,Medium,4041.213467336682,0.0007552401430719814
Conveyor_Belt,Medium,4072.5407035175863,0.0007691204381351026
Conveyor_Belt,Medium,4103.867939698491,0.0007824366213650359
Conveyor_Belt,Medium,4135.195175879396,0.0007959582016425848
Conveyor_Belt,Medium,4166.5224120603,0.0008085703437894974
Conveyor_Belt,Medium,4197.849648241205,0.0008210332999556514
Conveyor_Belt,Medium,4229.176884422109,0.0008331242564818686
Conveyor_Belt,Medium,4260.504120603014,0.0008450799429557709
Conveyor_Belt,Medium,4291.831356783918,0.0008567293035541006
Conveyor_Belt,Medium,4323.158592964823,0.0008682874487705283
Conveyor_Belt,Medium,4354.485829145727,0.0008790546156821974
Conveyor_Belt,Medium,4385.813065326632,0.0008895411943991516
Conveyor_Belt,Medium,4417.140301507536,0.0008993117266317763
Conveyor_Belt,Medium,4448.467537688441,0.0009078864165546551
Conveyor_Belt,Medium,4479.794773869345,0.0009173063794782492
Conveyor_Belt,Medium,4511.12201005025,0.0009268617839643493
Conveyor_Belt,Medium,4542.449246231154,0.000935966384795282
Conveyor_Belt,Medium,4573.776482412059,0.0009441538819917972
Conveyor_Belt,Medium,4605.103718592963,0.0009512511799589318
Conveyor_Belt,Medium,4636.430954773868,0.0009573935711635142
Conveyor_Belt,Medium,4667.758190954772,0.000964005254601373
Conveyor_Belt,Medium,4699.085427135677,0.0009714496562456503
Conveyor_Belt,Medium,4730.412663316581,0.000979795283969249
Conveyor_Belt,Medium,4761.739899497486,0.0009883362592049928
Conveyor_Belt,Medium,4793.06713567839,0.0009951533499959239
Conveyor_Belt,Medium,4824.394371859295,0.0010011401109169071
Conveyor_Belt,Medium,4855.7216080401995,0.001006993871537646
Conveyor_Belt,Medium,4887.0488442211035,0.0010135794828069883
Conveyor_Belt,Medium,4918.3760804020085,0.0010209193542930178
Conveyor_Belt,Medium,4949.7033165829125,0.001029410630417874
Conveyor_Belt,Medium,4981.0305527638175,0.0010384577818368108
Conveyor_Belt,Medium,5012.3577889447215,0.001047038868219913
Conveyor_Belt,Medium,5043.685025125626,0.0010557154885161401
Conveyor_Belt,Medium,5075.0122613065305,0.001064856211294041
Conveyor_Belt,Medium,5106.339497487435,0.0010737866490068634
Conveyor_Belt,Medium,5137.6667336683395,0.001081541256126605
Conveyor_Belt,Medium,5168.993969849244,0.0010894677377373486
Conveyor_Belt,Medium,5200.3212060301485,0.0010970825378141637
Conveyor_Belt,Medium,5231.648442211053,0.0011032591574123935
Conveyor_Belt,Medium,5262.975678391957,0.001110539756088725
Conveyor_Belt,Medium,5294.302914572862,0.0011212492234756214
Conveyor_Belt,Medium,5325.630150753766,0.001132482611791015
Conveyor_Belt,Medium,5356.957386934671,0.0011461612234189406
Conveyor_Belt,Medium,5388.284623115575,0.0011611251960207468
Conveyor_Belt,Medium,5419.61185929648,0.0011765877296868333
Conveyor_Belt,Medium,5450.939095477384,0.0011920930905238163
Conveyor_Belt,Medium,5482.266331658289,0.0012087736755477785
Conveyor_Belt,Medium,5513.593567839193,0.001225995087429509
Conveyor_Belt,Medium,5544.920804020098,0.0012430241640646736
Conveyor_Belt,Medium,5576.248040201002,0.0012597451236543394
Conveyor_Belt,Medium,5607.575276381907,0.0012745508841615872
Conveyor_Belt,Medium,5638.902512562812,0.0012894301146016763
Conveyor_Belt,Medium,5670.229748743716,0.0013033955035024662
Conveyor_Belt,Medium,5701.556984924621,0.0013202233987385308
Conveyor_Belt,Medium,5732.884221105525,0.0013388715300856134
Conveyor_Belt,Medium,5764.21145728643,0.0013581060518241246
Conveyor_Belt,Medium,5795.538693467334,0.0013739911628890516
Conveyor_Belt,Medium,5826.865929648239,0.0013883760982927541
Conveyor_Belt,Medium,5858.193165829143,0.0014023745200641413
Conveyor_Belt,Medium,5889.520402010048,0.001415652815084107
Conveyor_Belt,Medium,5920.847638190952,0.001427760983434986
Conveyor_Belt,Medium,5952.174874371857,0.001440423908722796
Conveyor_Belt,Medium,5983.502110552761,0.0014546368117130226
Conveyor_Belt,Medium,6014.829346733666,0.0014693409136763288
Conveyor_Belt,Medium,6046.15658291457,0.0014798739919662744
Conveyor_Belt,Medium,6077.483819095475,0.0014888637620132507
Conveyor_Belt,Medium,6108.811055276379,0.0014979565128361877
Conveyor_Belt,Medium,6140.138291457284,0.001510604228907431
Conveyor_Belt,Medium,6171.465527638188,0.0015266863569539085
Conveyor_Belt,Medium,6202.792763819093,0.0015415460382031075
Conveyor_Belt,Medium,6234.119999999997,0.0015559001197479932
Conveyor_Belt,Heavy,0.0,3.17039676751715e-06
Conveyor_Belt,Heavy,19.64804020100502,3.851576359771118e-06
Conveyor_Belt,Heavy,39.29608040201004,4.553994991695782e-06
Conveyor_Belt,Heavy,58.944120603015065,5.366887648082931e-06
Conveyor_Belt,Heavy,78.59216080402008,6.1957829500339154e-06
Conveyor_Belt,Heavy,98.2402010050251,7.174646777942269e-06
Conveyor_Belt,Heavy,117.88824120603013,8.272357991019253e-06
Conveyor_Belt,Heavy,137.53628140703515,9.492734916009841e-06
Conveyor_Belt,Heavy,157.18432160804016,1.073386272452066e-05
Conveyor_Belt,Heavy,176.83236180904518,1.2141284241626812e-05
Conveyor_Belt,Heavy,196.4804020100502,1.372949113168935e-05
Conveyor_Belt,Heavy,216.12844221105522,1.551849558204329e-05
Conveyor_Belt,Heavy,235.77648241206026,1.7446771717106375e-05
Conveyor_Belt,Heavy,255.42452261306528,1.9455883520917736e-05
Conveyor_Belt,Heavy,275.0725628140703,2.1470069559582947e-05
Conveyor_Belt,Heavy,294.7206030150753,2.3840761598042805e-05
Conveyor_Belt,Heavy,314.36864321608033,2.625336045379702e-05
Conveyor_Belt,Heavy,334.01668341708535,2.8894880291631715e-05
Conveyor_Belt,Heavy,353.66472361809036,3.1780757592075307e-05
Conveyor_Belt,Heavy,373.3127638190954,3.490532330565209e-05
Conveyor_Belt,Heavy,392.9608040201004,3.814392437307684e-05
Conveyor_Belt,Heavy,412.6088442211054,4.14591961014755e-05
Conveyor_Belt,Heavy,432.25688442211043,4.467421556521846e-05
Conveyor_Belt,Heavy,451.90492462311545,4.779662828911451e-05
Conveyor_Belt,Heavy,471.5529648241205,5.075033806481116e-05
Conveyor_Belt,Heavy,491.20100502512554,5.358369557118776e-05
Conveyor_Belt,Heavy,510.84904522613056,5.6515129346587006e-05
Conveyor_Belt,Heavy,530.4970854271355,5.9618777668520635e-05
Conveyor_Belt,Heavy,550.1451256281406,6.292488002266854e-05
Conveyor_Belt,Heavy,569.7931658291456,6.658774005349206e-05
Conveyor_Belt,Heavy,589.4412060301506,7.047939091302682e-05
Conveyor_Belt,Heavy,609.0892462311556,7.462977949329255e-05
Conveyor_Belt,Heavy,628.7372864321607,7.859912547308393e-05
Conveyor_Belt,Heavy,648.3853266331657,8.249969059133347e-05
Conveyor_Belt,Heavy,668.0333668341707,8.675806933808939e-05
Conveyor_Belt,Heavy,687.6814070351758,9.126633867404889e-05
Conveyor_Belt,Heavy,707.3294472361807,9.581184544729129e-05
Conveyor_Belt,Heavy,726.9774874371858,0.00010064129540942555
Conveyor_Belt,Heavy,746.6255276381908,0.00010602538094451369
Conveyor_Belt,Heavy,766.2735678391958,0.00011175402081423093
Conveyor_Belt,Heavy,785.9216080402008,0.00011776243993620581
Conveyor_Belt,Heavy,805.5696482412059,0.0001237674812356756
Conveyor_Belt,Heavy,825.2176884422108,0.00012992684351854127
Conveyor_Belt,Heavy,844.8657286432159,0.00013601648476297494
Conveyor_Belt,Heavy,864.5137688442209,0.00014214336250884495
Conveyor_Belt,Heavy,884.1618090452259,0.00014894959316819837
Conveyor_Belt,Heavy,903.8098492462309,0.00015587371358630886
Conveyor_Belt,Heavy,923.457889447236,0.00016316180565014777
Conveyor_Belt,Heavy,943.105929648241,0.00017105754522772198
Conveyor_Belt,Heavy,962.753969849246,0.00017926611635588202
Conveyor_Belt,Heavy,982.4020100502511,0.00018753684005069941
Conveyor_Belt,Heavy,1002.050050251256,0.00019592631834604315
Conveyor_Belt,Heavy,1021.6980904522611,0.00020390631272807513
Conveyor_Belt,Heavy,1041.346130653266,0.00021185443785142453
Conveyor_Belt,Heavy,1060.994170854271,0.0002200454495753554
Conveyor_Belt,Heavy,1080.6422110552762,0.00022834076237662778
Conveyor_Belt,Heavy,1100.2902512562812,0.0002372123172241627
Conveyor_Belt,Heavy,1119.9382914572861,0.0002467651601351063
Conveyor_Belt,Heavy,1139.586331658291,0.00025673278087208045
Conveyor_Belt,Heavy,1159.2343718592963,0.00026720112493676965
Conveyor_Belt,Heavy,1178.8824120603012,0.0002783162165065412
Conveyor_Belt,Heavy,1198.5304522613062,0.000289741362607346
Conveyor_Belt,Heavy,1218.1784924623112,0.0003008192045812692
Conveyor_Belt,Heavy,1237.8265326633164,0.00031151275187918707
Conveyor_Belt,Heavy,1257.4745728643213,0.00032214840691291256
Conveyor_Belt,Heavy,1277.1226130653263,0.00033277047340440246
Conveyor_Belt,Heavy,1296.7706532663315,0.00034314601702008295
Conveyor_Belt,Heavy,1316.4186934673364,0.0003536243358779451
Conveyor_Belt,Heavy,1336.0667336683414,0.00036378565191915265
Conveyor_Belt,Heavy,1355.7147738693463,0.0003738433181480427
Conveyor_Belt,Heavy,1375.3628140703515,0.0003839228898171479
Conveyor_Belt,Heavy,1395.0108542713565,0.00039411101428326364
Conveyor_Belt,Heavy,1414.6588944723615,0.0004042762439630711
Conveyor_Belt,Heavy,1434.3069346733664,0.0004144612529510271
Conveyor_Belt,Heavy,1453.9549748743716,0.0004251278642783622
Conveyor_Belt,Heavy,1473.6030150753766,0.00043587614707170564
Conveyor_Belt,Heavy,1493.2510552763815,0.000446014390575065
Conveyor_Belt,Heavy,1512.8990954773865,0.0004555471272911896
Conveyor_Belt,Heavy,1532.5471356783917,0.00046506971592377976
Conveyor_Belt,Heavy,1552.1951758793966,0.0004747900972403132
Conveyor_Belt,Heavy,1571.8432160804016,0.00048455269500450194
Conveyor_Belt,Heavy,1591.4912562814068,0.0004943267855571714
Conveyor_Belt,Heavy,1611.1392964824117,0.0005038131536229606
Conveyor_Belt,Heavy,1630.7873366834167,0.0005129983015158091
Conveyor_Belt,Heavy,1650.4353768844217,0.0005220265254133799
Conveyor_Belt,Heavy,1670.0834170854268,0.0005313918966956185
Conveyor_Belt,Heavy,1689.7314572864318,0.000540746811624047
Conveyor_Belt,Heavy,1709.3794974874368,0.0005503106961474142
Conveyor_Belt,Heavy,1729.0275376884417,0.000559923099682431
Conveyor_Belt,Heavy,1748.675577889447,0.0005701211201290863
Conveyor_Belt,Heavy,1768.3236180904519,0.0005799184493767371
Conveyor_Belt,Heavy,1787.9716582914568,0.0005899503057278906
Conveyor_Belt,Heavy,1807.6196984924618,0.0006005361319408786
Conveyor_Belt,Heavy,1827.267738693467,0.0006116566835633676
Conveyor_Belt,Heavy,1846.915778894472,0.000622736235473935
Conveyor_Belt,Heavy,1866.563819095477,0.0006334276149827097
Conveyor_Belt,Heavy,1886.211859296482,0.0006454423445250021
Conveyor_Belt,Heavy,1905.859899497487,0.0006584372923588692
Conveyor_Belt,Heavy,1925.507939698492,0.0006719480695940458
Conveyor_Belt,Heavy,1945.155979899497,0.0006867739940829104
Conveyor_Belt,Heavy,1964.8040201005022,0.0007031458339932822
Conveyor_Belt,Heavy,1984.4520603015071,0.0007209946573637889
Conveyor_Belt,Heavy,2004.100100502512,0.0007401872966085655
Conveyor_Belt,Heavy,2023.748140703517,0.0007601849403760768
Conveyor_Belt,Heavy,2043.3961809045222,0.0007799300263800104
Conveyor_Belt,Heavy,2063.044221105527,0.0008009687177174756
Conveyor_Belt,Heavy,2082.692261306532,0.000822431477564354
Conveyor_Belt,Heavy,2102.3403015075373,0.0008449234687691182
Conveyor_Belt,Heavy,2121.988341708542,0.0008663979256394764
Conveyor_Belt,Heavy,2141.6363819095473,0.0008871435567114777
Conveyor_Belt,Heavy,2161.2844221105524,0.0009073220427923589
Conveyor_Belt,Heavy,2180.932462311557,0.000927332490704768
Conveyor_Belt,Heavy,2200.5805025125624,0.0009470683817764448
Conveyor_Belt,Heavy,2220.2285427135675,0.0009662295457582308
Conveyor_Belt,Heavy,2239.8765829145723,0.0009853322882559178
Conveyor_Belt,Heavy,2259.5246231155775,0.0010038728040642493
Conveyor_Belt,Heavy,2279.172663316582,0.0010218106746327827
Conveyor_Belt,Heavy,2298.8207035175874,0.0010394636420539877
Conveyor_Belt,Heavy,2318.4687437185926,0.0010573586715185651
Conveyor_Belt,Heavy,2338.1167839195973,0.0010765140019757399
Conveyor_Belt,Heavy,2357.7648241206025,0.0010946135204166544
Conveyor_Belt,Heavy,2377.4128643216077,0.0011112057922035299
Conveyor_Belt,Heavy,2397.0609045226124,0.0011260086241823924
Conveyor_Belt,Heavy,2416.7089447236176,0.0011409488658007758
Conveyor_Belt,Heavy,2436.3569849246223,0.0011554489965505716
Conveyor_Belt,Heavy,2456.0050251256275,0.0011696155010723897
Conveyor_Belt,Heavy,2475.6530653266327,0.0011834532294348334
Conveyor_Belt,Heavy,2495.3011055276374,0.0011962550074313366
Conveyor_Belt,Heavy,2514.9491457286426,0.0012079402771370343
Conveyor_Belt,Heavy,2534.597185929648,0.001219265601351853
Conveyor_Belt,Heavy,2554.2452261306526,0.0012314695190814508
Conveyor_Belt,Heavy,2573.8932663316577,0.0012453156039384252
Conveyor_Belt,Heavy,2593.541306532663,0.0012607172059783977
Conveyor_Belt,Heavy,2613.1893467336677,0.0012750804929683491
Conveyor_Belt,Heavy,2632.837386934673,0.0012874285133578519
Conveyor_Belt,Heavy,2652.4854271356776,0.0012989080845428151
Conveyor_Belt,Heavy,2672.1334673366828,0.0013107704079447003
Conveyor_Belt,Heavy,2691.781507537688,0.0013219959672232415
Conveyor_Belt,Heavy,2711.4295477386927,0.0013320100331025624
Conveyor_Belt,Heavy,2731.077587939698,0.001341917175590802
Conveyor_Belt,Heavy,2750.725628140703,0.0013518550677849976
Conveyor_Belt,Heavy,2770.373668341708,0.0013606755913266068
Conveyor_Belt,Heavy,2790.021708542713,0.001371267537597573
Conveyor_Belt,Heavy,2809.6697487437177,0.001384251474005818
Conveyor_Belt,Heavy,2829.317788944723,0.0013975201109067874
Conveyor_Belt,Heavy,2848.965829145728,0.0014132447026528687
Conveyor_Belt,Heavy,2868.613869346733,0.0014318583847756586
Conveyor_Belt,Heavy,2888.261909547738,0.001453732920029171
Conveyor_Belt,Heavy,2907.909949748743,0.0014748990742997202
Conveyor_Belt,Heavy,2927.557989949748,0.0014963081521689855
Conveyor_Belt,Heavy,2947.206030150753,0.001516930426315769
Conveyor_Belt,Heavy,2966.8540703517583,0.0015373293141143069
Conveyor_Belt,Heavy,2986.502110552763,0.0015530776992691527
Conveyor_Belt,Heavy,3006.1501507537682,0.0015648155391398194
Conveyor_Belt,Heavy,3025.798190954773,0.001574758722531232
Conveyor_Belt,Heavy,3045.446231155778,0.0015854519566963422
Conveyor_Belt,Heavy,3065.0942713567833,0.0015966158170504785
Conveyor_Belt,Heavy,3084.742311557788,0.001608116781420966
Conveyor_Belt,Heavy,3104.3903517587933,0.001619301869301639
Conveyor_Belt,Heavy,3124.0383919597984,0.001630997069686459
Conveyor_Belt,Heavy,3143.686432160803,0.0016421643684001186
Conveyor_Belt,Heavy,3163.3344723618084,0.0016519998489172526
Conveyor_Belt,Heavy,3182.9825125628136,0.0016591527788763494
Conveyor_Belt,Heavy,3202.6305527638183,0.0016635002943138806
Conveyor_Belt,Heavy,3222.2785929648235,0.001665978903780677
Conveyor_Belt,Heavy,3241.926633165828,0.0016666747031618457
Conveyor_Belt,Heavy,3261.5746733668334,0.001668685641176803
Conveyor_Belt,Heavy,3281.2227135678386,0.0016731043762796233
Conveyor_Belt,Heavy,3300.8707537688433,0.0016802129433146527
Conveyor_Belt,Heavy,3320.5187939698485,0.0016928562309882433
Conveyor_Belt,Heavy,3340.1668341708537,0.0017117666243870763
Conveyor_Belt,Heavy,3359.8148743718584,0.0017339877803727935
Conveyor_Belt,Heavy,3379.4629145728636,0.0017596923052344798
Conveyor_Belt,Heavy,3399.1109547738683,0.0017863378421334529
Conveyor_Belt,Heavy,3418.7589949748735,0.0018140987418082666
Conveyor_Belt,Heavy,3438.4070351758787,0.0018441968691267027
Conveyor_Belt,Heavy,3458.0550753768835,0.0018799077244219145
Conveyor_Belt,Heavy,3477.7031155778886,0.0019186288226195984
Conveyor_Belt,Heavy,3497.351155778894,0.0019535450346069893
Conveyor_Belt,Heavy,3516.9991959798986,0.001983220464521218
Conveyor_Belt,Heavy,3536.6472361809037,0.002011837711776193
Conveyor_Belt,Heavy,3556.295276381909,0.0020423638590622464
Conveyor_Belt,Heavy,3575.9433165829137,0.0020710327711015468
Conveyor_Belt,Heavy,3595.591356783919,0.002097087118126945
Conveyor_Belt,Heavy,3615.2393969849236,0.002118489379323366
Conveyor_Belt,Heavy,3634.887437185929,0.002138070244306886
Conveyor_Belt,Heavy,3654.535477386934,0.0021658455982119804
Conveyor_Belt,Heavy,3674.1835175879387,0.002202184170709658
Conveyor_Belt,Heavy,3693.831557788944,0.0022407507145409855
Conveyor_Belt,Heavy,3713.479597989949,0.0022819452548700956
Conveyor_Belt,Heavy,3733.127638190954,0.002327007171298438
Conveyor_Belt,Heavy,3752.775678391959,0.0023730342573033
Conveyor_Belt,Heavy,3772.423718592964,0.0024139209830555106
Conveyor_Belt,Heavy,3792.071758793969,0.002451798851808275
Conveyor_Belt,Heavy,3811.719798994974,0.0024902743246674537
Conveyor_Belt,Heavy,3831.367839195979,0.0025315027604772954
Conveyor_Belt,Heavy,3851.015879396984,0.002587764123955542
Conveyor_Belt,Heavy,3870.663919597989,0.0026494796911114816
Conveyor_Belt,Heavy,3890.311959798994,0.0027060632864976636
Conveyor_Belt,Heavy,3909.959999999999,0.0027580930778192715
Motor_Reducer,Light,0.0,1.7071276142554723e-06
Motor_Reducer,Light,165.76884422110552,2.0143052865468604e-06
Motor_Reducer,Light,331.53768844221105,2.340359385674314e-06
Motor_Reducer,Light,497.3065326633166,2.6912368515314883e-06
Motor_Reducer,Light,663.0753768844221,3.0610919797309137e-06
Motor_Reducer,Light,828.8442211055276,3.435997883309451e-06
Motor_Reducer,Light,994.6130653266332,3.79752492928224e-06
Motor_Reducer,Light,1160.3819095477386,4.155462848498508e-06
Motor_Reducer,Light,1326.1507537688442,4.545740804080187e-06
Motor_Reducer,Light,1491.9195979899498,4.96948631099441e-06
Motor_Reducer,Light,1657.6884422110552,5.403788811681212e-06
Motor_Reducer,Light,1823.4572864321608,5.862843133735795e-06
Motor_Reducer,Light,1989.2261306532664,6.362234427364643e-06
Motor_Reducer,Light,2154.994974874372,6.97025853434759e-06
Motor_Reducer,Light,2320.763819095477,7.64097021452618e-06
Motor_Reducer,Light,2486.532663316583,8.359001383884873e-06
Motor_Reducer,Light,2652.3015075376884,9.132886397920653e-06
Motor_Reducer,Light,2818.070351758794,9.90857557501465e-06
Motor_Reducer,Light,2983.8391959798996,1.0693041793097497e-05
Motor_Reducer,Light,3149.6080402010048,1.1473910270043923e-05
Motor_Reducer,Light,3315.3768844221104,1.2344369297354877e-05
Motor_Reducer,Light,3481.145728643216,1.3208706127857322e-05
Motor_Reducer,Light,3646.9145728643216,1.4032199419734836e-05
Motor_Reducer,Light,3812.683417085427,1.4873563964545985e-05
Motor_Reducer,Light,3978.452261306533,1.567978939176251e-05
Motor_Reducer,Light,4144.221105527638,1.6399269319395876e-05
Motor_Reducer,Light,4309.989949748744,1.708381513858469e-05
Motor_Reducer,Light,4475.758793969849,1.778071730604078e-05
Motor_Reducer,Light,4641.527638190954,1.8506242198414524e-05
Motor_Reducer,Light,4807.29648241206,1.92576697120011e-05
Motor_Reducer,Light,4973.065326633166,2.0033910557121554e-05
Motor_Reducer,Light,5138.834170854271,2.0880259554894494e-05
Motor_Reducer,Light,5304.603015075377,2.1765533015534036e-05
Motor_Reducer,Light,5470.371859296482,2.2733541544030987e-05
Motor_Reducer,Light,5636.140703517588,2.3701849131617175e-05
Motor_Reducer,Light,5801.909547738694,2.465515410300972e-05
Motor_Reducer,Light,5967.678391959799,2.5604407762521998e-05
Motor_Reducer,Light,6133.447236180905,2.653444067851841e-05
Motor_Reducer,Light,6299.2160804020095,2.7438900114737246e-05
Motor_Reducer,Light,6464.984924623115,2.831597432273052e-05
Motor_Reducer,Light,6630.753768844221,2.9259876963416872e-05
Motor_Reducer,Light,6796.522613065326,3.0183322406608727e-05
Motor_Reducer,Light,6962.291457286432,3.108764980065147e-05
Motor_Reducer,Light,7128.060301507538,3.19799339411097e-05
Motor_Reducer,Light,7293.829145728643,3.294460641410592e-05
Motor_Reducer,Light,7459.597989949749,3.3968394839717085e-05
Motor_Reducer,Light,7625.366834170854,3.495682575193952e-05
Motor_Reducer,Light,7791.13567839196,3.5928447891309204e-05
Motor_Reducer,Light,7956.904522613066,3.698323425450541e-05
Motor_Reducer,Light,8122.67336683417,3.817187395572539e-05
Motor_Reducer,Light,8288.442211055277,3.926617884989319e-05
Motor_Reducer,Light,8454.211055276382,4.033496760197361e-05
Motor_Reducer,Light,8619.979899497488,4.1392163450181964e-05
Motor_Reducer,Light,8785.748743718594,4.251756790676875e-05
Motor_Reducer,Light,8951.517587939697,4.3655602751873425e-05
Motor_Reducer,Light,9117.286432160803,4.478752057066285e-05
Motor_Reducer,Light,9283.055276381909,4.59132564504818e-05
Motor_Reducer,Light,9448.824120603014,4.6917063634811306e-05
Motor_Reducer,Light,9614.59296482412,4.7842741672450045e-05
Motor_Reducer,Light,9780.361809045226,4.87664957023024e-05
Motor_Reducer,Light,9946.130653266331,4.9781443477098906e-05
Motor_Reducer,Light,10111.899497487437,5.089737366089692e-05
Motor_Reducer,Light,10277.668341708542,5.1996798340705055e-05
Motor_Reducer,Light,10443.437185929648,5.3199111865455386e-05
Motor_Reducer,Light,10609.206030150754,5.4408825613773025e-05
Motor_Reducer,Light,10774.97487437186,5.5656052417156516e-05
Motor_Reducer,Light,10940.743718592965,5.6835033450300324e-05
Motor_Reducer,Light,11106.51256281407,5.7978400071175054e-05
Motor_Reducer,Light,11272.281407035176,5.925653099299392e-05
Motor_Reducer,Light,11438.050251256282,6.060609147774597e-05
Motor_Reducer,Light,11603.819095477387,6.188049764070312e-05
Motor_Reducer,Light,11769.587939698493,6.318988970531857e-05
Motor_Reducer,Light,11935.356783919598,6.459349402141575e-05
Motor_Reducer,Light,12101.125628140704,6.604751663704311e-05
Motor_Reducer,Light,12266.89447236181,6.74286420205567e-05
Motor_Reducer,Light,12432.663316582913,6.870449472426496e-05
Motor_Reducer,Light,12598.432160804019,6.995539376928491e-05
Motor_Reducer,Light,12764.201005025125,7.123889531737499e-05
Motor_Reducer,Light,12929.96984924623,7.248708789215731e-05
Motor_Reducer,Light,13095.738693467336,7.380018757145986e-05
Motor_Reducer,Light,13261.507537688442,7.522027269573332e-05
Motor_Reducer,Light,13427.276381909547,7.663292189448418e-05
Motor_Reducer,Light,13593.045226130653,7.798116445765913e-05
Motor_Reducer,Light,13758.814070351758,7.922376492729182e-05
Motor_Reducer,Light,13924.582914572864,8.040720703272245e-05
Motor_Reducer,Light,14090.35175879397,8.150707234783716e-05
Motor_Reducer,Light,14256.120603015075,8.248886895773315e-05
Motor_Reducer,Light,14421.88944723618,8.352653788924606e-05
Motor_Reducer,Light,14587.658291457286,8.483374545297705e-05
Motor_Reducer,Light,14753.427135678392,8.634576810018885e-05
Motor_Reducer,Light,14919.195979899498,8.778990831031472e-05
Motor_Reducer,Light,15084.964824120603,8.923161009045228e-05
Motor_Reducer,Light,15250.733668341709,9.06428484215383e-05
Motor_Reducer,Light,15416.502512562814,9.195212686285451e-05
Motor_Reducer,Light,15582.27135678392,9.336254596016929e-05
Motor_Reducer,Light,15748.040201005026,9.487651238193991e-05
Motor_Reducer,Light,15913.809045226131,9.643961068211482e-05
Motor_Reducer,Light,16079.577889447235,9.780139624656945e-05
Motor_Reducer,Light,16245.34673366834,9.895851923620419e-05
Motor_Reducer,Light,16411.115577889446,0.00010000439271995554
Motor_Reducer,Light,16576.884422110554,0.00010113016309931624
Motor_Reducer,Light,16742.653266331658,0.00010221291531880043
Motor_Reducer,Light,16908.422110552765,0.00010314526403869324
Motor_Reducer,Light,17074.19095477387,0.0001039297412168113
Motor_Reducer,Light,17239.959798994976,0.00010479754826685686
Motor_Reducer,Light,17405.72864321608,0.00010563351134389932
Motor_Reducer,Light,17571.497487437187,0.0001061918265873828
Motor_Reducer,Light,17737.26633165829,0.00010657745754962982
Motor_Reducer,Light,17903.035175879395,0.00010706528183552984
Motor_Reducer,Light,18068.804020100502,0.00010741141428012056
Motor_Reducer,Light,18234.572864321606,0.00010755370203481982
Motor_Reducer,Light,18400.341708542714,0.00010785521651539667
Motor_Reducer,Light,18566.110552763817,0.00010819980788325317
Motor_Reducer,Light,18731.879396984925,0.0001086267532978546
Motor_Reducer,Light,18897.64824120603,0.00010919223633982161
Motor_Reducer,Light,19063.417085427136,0.00010994075065368906
Motor_Reducer,Light,19229.18592964824,0.00011069567195439697
Motor_Reducer,Light,19394.954773869347,0.00011133179188757016
Motor_Reducer,Light,19560.72361809045,0.00011202730589087649
Motor_Reducer,Light,19726.49246231156,0.00011266125626267475
Motor_Reducer,Light,19892.261306532662,0.00011329557659346786
Motor_Reducer,Light,20058.03015075377,0.00011394990809896827
Motor_Reducer,Light,20223.798994974873,0.00011481165707737647
Motor_Reducer,Light,20389.56783919598,0.00011608414693802861
Motor_Reducer,Light,20555.336683417085,0.00011738415543249036
Motor_Reducer,Light,20721.105527638192,0.00011866069307475954
Motor_Reducer,Light,20886.874371859296,0.00011984891453177886
Motor_Reducer,Light,21052.643216080403,0.00012095772246570187
Motor_Reducer,Light,21218.412060301507,0.0001222401948641934
Motor_Reducer,Light,21384.18090452261,0.00012369904525797468
Motor_Reducer,Light,21549.94974874372,0.00012508411750107294
Motor_Reducer,Light,21715.718592964822,0.0001266675467034221
Motor_Reducer,Light,21881.48743718593,0.00012823436087670956
Motor_Reducer,Light,22047.256281407033,0.00012965777782611416
Motor_Reducer,Light,22213.02512562814,0.00013119091806615172
Motor_Reducer,Light,22378.793969849245,0.00013282347981374433
Motor_Reducer,Light,22544.562814070352,0.00013438096227158628
Motor_Reducer,Light,22710.331658291456,0.00013595566240542638
Motor_Reducer,Light,22876.100502512563,0.00013762287930251202
Motor_Reducer,Light,23041.869346733667,0.00013932866204077307
Motor_Reducer,Light,23207.638190954774,0.00014121876088199687
Motor_Reducer,Light,23373.40703517588,0.00014368933884928954
Motor_Reducer,Light,23539.175879396986,0.000146196345041796
Motor_Reducer,Light,23704.94472361809,0.000148522555240146
Motor_Reducer,Light,23870.713567839197,0.00015122431739169592
Motor_Reducer,Light,24036.4824120603,0.00015344521370111731
Motor_Reducer,Light,24202.251256281408,0.00015493543734564498
Motor_Reducer,Light,24368.020100502512,0.0001558256101670237
Motor_Reducer,Light,24533.78894472362,0.00015643064345039975
Motor_Reducer,Light,24699.557788944723,0.00015701734478996846
Motor_Reducer,Light,24865.326633165827,0.0001580734109528786
Motor_Reducer,Light,25031.095477386934,0.0001591170323309316
Motor_Reducer,Light,25196.864321608038,0.0001601865354803738
Motor_Reducer,Light,25362.633165829146,0.00016124013435040726
Motor_Reducer,Light,25528.40201005025,0.00016227128235374254
Motor_Reducer,Light,25694.170854271357,0.00016365085395892763
Motor_Reducer,Light,25859.93969849246,0.00016466371374720593
Motor_Reducer,Light,26025.708542713568,0.00016567410320920682
Motor_Reducer,Light,26191.47738693467,0.00016664243373174257
Motor_Reducer,Light,26357.24623115578,0.00016707292430442246
Motor_Reducer,Light,26523.015075376883,0.00016707725237966135
Motor_Reducer,Light,26688.78391959799,0.00016704517911906693
Motor_Reducer,Light,26854.552763819094,0.0001674955618925804
Motor_Reducer,Light,27020.3216080402,0.0001680805000736148
Motor_Reducer,Light,27186.090452261305,0.00016853937080742843
Motor_Reducer,Light,27351.859296482413,0.00016930576966014458
Motor_Reducer,Light,27517.628140703517,0.00017044686373851044
Motor_Reducer,Light,27683.396984924624,0.00017166511797423237
Motor_Reducer,Light,27849.165829145728,0.0001728558479175975
Motor_Reducer,Light,28014.934673366835,0.00017432183714099648
Motor_Reducer,Light,28180.70351758794,0.00017652201998042687
Motor_Reducer,Light,28346.472361809043,0.0001786237640637608
Motor_Reducer,Light,28512.24120603015,0.0001801911689813359
Motor_Reducer,Light,28678.010050251254,0.00018159716809753692
Motor_Reducer,Light,28843.77889447236,0.0001830007064674647
Motor_Reducer,Light,29009.547738693465,0.00018418138676008306
Motor_Reducer,Light,29175.316582914573,0.0001852656521338506
Motor_Reducer,Light,29341.085427135677,0.00018687903280335363
Motor_Reducer,Light,29506.854271356784,0.00018864004770499957
Motor_Reducer,Light,29672.623115577888,0.00019029809673425346
Motor_Reducer,Light,29838.391959798995,0.0001928684122311678
Motor_Reducer,Light,30004.1608040201,0.0001973667802888614
Motor_Reducer,Light,30169.929648241206,0.0002027424909744456
Motor_Reducer,Light,30335.69849246231,0.0002084859438270226
Motor_Reducer,Light,30501.467336683418,0.00021460112463112316
Motor_Reducer,Light,30667.23618090452,0.00022082403622713682
Motor_Reducer,Light,30833.00502512563,0.00022708513815772663
Motor_Reducer,Light,30998.773869346733,0.0002323483433266533
Motor_Reducer,Light,31164.54271356784,0.00023711525604228545
Motor_Reducer,Light,31330.311557788944,0.00024218775136453032
Motor_Reducer,Light,31496.08040201005,0.0002475035831993765
Motor_Reducer,Light,31661.849246231155,0.00025257193429232525
Motor_Reducer,Light,31827.618090452263,0.00025827637222566744
Motor_Reducer,Light,31993.386934673366,0.00026447207048522196
Motor_Reducer,Light,32159.15577889447,0.00026921407898824735
Motor_Reducer,Light,32324.924623115578,0.000273204925498171
Motor_Reducer,Light,32490.69346733668,0.0002766836500834724
Motor_Reducer,Light,32656.46231155779,0.0002799545798738238
Motor_Reducer,Light,32822.23115577889,0.00028326868798585935
Motor_Reducer,Light,32988.0,0.00028585371692270244
Motor_Reducer,Medium,0.0,4.841836398563801e-06
Motor_Reducer,Medium,66.2713567839196,5.505423139360772e-06
Motor_Reducer,Medium,132.5427135678392,6.248400687093357e-06
Motor_Reducer,Medium,198.8140703517588,7.159096880973136e-06
Motor_Reducer,Medium,265.0854271356784,8.163315773256569e-06
Motor_Reducer,Medium,331.356783919598,9.16693035636969e-06
Motor_Reducer,Medium,397.6281407035176,1.0190253301009735e-05
Motor_Reducer,Medium,463.8994974874372,1.1257948809901998e-05
Motor_Reducer,Medium,530.1708542713568,1.2414172484431538e-05
Motor_Reducer,Medium,596.4422110552764,1.3705117602385568e-05
Motor_Reducer,Medium,662.713567839196,1.505569663896706e-05
Motor_Reducer,Medium,728.9849246231156,1.6469364381632334e-05
Motor_Reducer,Medium,795.2562814070352,1.7919113718924135e-05
Motor_Reducer,Medium,861.5276381909548,1.9423592641749152e-05
Motor_Reducer,Medium,927.7989949748744,2.0973737463367504e-05
Motor_Reducer,Medium,994.070351758794,2.2536596060397528e-05
Motor_Reducer,Medium,1060.3417085427136,2.4230486780766286e-05
Motor_Reducer,Medium,1126.6130653266332,2.5938117996629813e-05
Motor_Reducer,Medium,1192.8844221105528,2.7661865935597138e-05
Motor_Reducer,Medium,1259.1557788944724,2.941207637784928e-05
Motor_Reducer,Medium,1325.427135678392,3.120381113792343e-05
Motor_Reducer,Medium,1391.6984924623116,3.3105753250250005e-05
Motor_Reducer,Medium,1457.9698492462312,3.498401149026778e-05
Motor_Reducer,Medium,1524.2412060301508,3.7044659602629616e-05
Motor_Reducer,Medium,1590.5125628140704,3.911798401689612e-05
Motor_Reducer,Medium,1656.78391959799,4.1286832604866777e-05
Motor_Reducer,Medium,1723.0552763819096,4.35012883111313e-05
Motor_Reducer,Medium,1789.3266331658292,4.5901814860449597e-05
Motor_Reducer,Medium,1855.5979899497488,4.8495172723912046e-05
Motor_Reducer,Medium,1921.8693467336684,5.113155338615979e-05
Motor_Reducer,Medium,1988.140703517588,5.370404007400579e-05
Motor_Reducer,Medium,2054.4120603015076,5.610633852463962e-05
Motor_Reducer,Medium,2120.683417085427,5.849271782277154e-05
Motor_Reducer,Medium,2186.954773869347,6.09302967458163e-05
Motor_Reducer,Medium,2253.2261306532664,6.331147208964463e-05
Motor_Reducer,Medium,2319.497487437186,6.554556578985493e-05
Motor_Reducer,Medium,2385.7688442211056,6.782743322485237e-05
Motor_Reducer,Medium,2452.040201005025,7.001846694753341e-05
Motor_Reducer,Medium,2518.311557788945,7.222053817710498e-05
Motor_Reducer,Medium,2584.5829145728644,7.434432261322396e-05
Motor_Reducer,Medium,2650.854271356784,7.623852309252052e-05
Motor_Reducer,Medium,2717.1256281407036,7.807244903608815e-05
Motor_Reducer,Medium,2783.396984924623,7.978769138711165e-05
Motor_Reducer,Medium,2849.668341708543,8.165179267142835e-05
Motor_Reducer,Medium,2915.9396984924624,8.351424156369926e-05
Motor_Reducer,Medium,2982.211055276382,8.526981060084834e-05
Motor_Reducer,Medium,3048.4824120603016,8.701358787485642e-05
Motor_Reducer,Medium,3114.753768844221,8.874916111878491e-05
Motor_Reducer,Medium,3181.025125628141,9.05135605470432e-05
Motor_Reducer,Medium,3247.2964824120604,9.24934318366154e-05
Motor_Reducer,Medium,3313.56783919598,9.45070466540973e-05
Motor_Reducer,Medium,3379.8391959798996,9.661268567830808e-05
Motor_Reducer,Medium,3446.110552763819,9.889497255138116e-05
Motor_Reducer,Medium,3512.381909547739,0.00010122580329568848
Motor_Reducer,Medium,3578.6532663316584,0.00010371770224339032
Motor_Reducer,Medium,3644.924623115578,0.0001061621328072998
Motor_Reducer,Medium,3711.1959798994976,0.00010860651163733982
Motor_Reducer,Medium,3777.467336683417,0.00011114427404875747
Motor_Reducer,Medium,3843.738693467337,0.00011378836911994696
Motor_Reducer,Medium,3910.0100502512564,0.0001162463521149469
Motor_Reducer,Medium,3976.281407035176,0.00011859303411145983
Motor_Reducer,Medium,4042.5527638190956,0.00012090456887483413
Motor_Reducer,Medium,4108.824120603015,0.00012310885021521174
Motor_Reducer,Medium,4175.095477386934,0.0001254409320193686
Motor_Reducer,Medium,4241.366834170854,0.00012791028098009955
Motor_Reducer,Medium,4307.6381909547745,0.00013064108438370076
Motor_Reducer,Medium,4373.909547738694,0.00013321906806019188
Motor_Reducer,Medium,4440.180904522613,0.00013611193956539514
Motor_Reducer,Medium,4506.452261306533,0.0001391399590377441
Motor_Reducer,Medium,4572.723618090453,0.00014213048849535294
Motor_Reducer,Medium,4638.994974874372,0.0001448304376986044
Motor_Reducer,Medium,4705.266331658291,0.00014734516052473807
Motor_Reducer,Medium,4771.537688442211,0.00015017162361193222
Motor_Reducer,Medium,4837.809045226131,0.00015318140486980027
Motor_Reducer,Medium,4904.08040201005,0.00015617365527067833
Motor_Reducer,Medium,4970.35175879397,0.0001587081466319311
Motor_Reducer,Medium,5036.62311557789,0.00016100748620414922
Motor_Reducer,Medium,5102.89447236181,0.0001635333697415259
Motor_Reducer,Medium,5169.165829145729,0.00016602943273906677
Motor_Reducer,Medium,5235.437185929648,0.00016843743258273018
Motor_Reducer,Medium,5301.708542713568,0.0001707760394870113
Motor_Reducer,Medium,5367.979899497488,0.00017299134048016324
Motor_Reducer,Medium,5434.251256281407,0.0001749094531217083
Motor_Reducer,Medium,5500.522613065326,0.00017680555278172698
Motor_Reducer,Medium,5566.793969849246,0.00017860448774697618
Motor_Reducer,Medium,5633.0653266331665,0.0001805239135307196
Motor_Reducer,Medium,5699.336683417086,0.00018259163925302602
Motor_Reducer,Medium,5765.608040201005,0.00018484894888362937
Motor_Reducer,Medium,5831.879396984925,0.00018710302086792798
Motor_Reducer,Medium,5898.150753768845,0.00019014729477622927
Motor_Reducer,Medium,5964.422110552764,0.00019351019942277824
Motor_Reducer,Medium,6030.693467336683,0.00019702500173417368
Motor_Reducer,Medium,6096.964824120603,0.0002007576222657731
Motor_Reducer,Medium,6163.236180904523,0.00020458937028359884
Motor_Reducer,Medium,6229.507537688442,0.00020880765484916942
Motor_Reducer,Medium,6295.778894472362,0.00021316295366245958
Motor_Reducer,Medium,6362.050251256282,0.00021770496678050964
Motor_Reducer,Medium,6428.321608040202,0.00022255713673148238
Motor_Reducer,Medium,6494.592964824121,0.00022744580048141968
Motor_Reducer,Medium,6560.86432160804,0.00023218092062522283
Motor_Reducer,Medium,6627.13567839196,0.0002367683882746473
Motor_Reducer,Medium,6693.40703517588,0.00024112772263003998
Motor_Reducer,Medium,6759.678391959799,0.0002450891060571164
Motor_Reducer,Medium,6825.949748743718,0.0002494599238457149
Motor_Reducer,Medium,6892.221105527638,0.0002543581609521113
Motor_Reducer,Medium,6958.4924623115585,0.00025965341637584953
Motor_Reducer,Medium,7024.763819095478,0.00026452597972828
Motor_Reducer,Medium,7091.035175879397,0.0002695106678889679
Motor_Reducer,Medium,7157.306532663317,0.0002747893642360946
Motor_Reducer,Medium,7223.577889447237,0.0002800906346391
Motor_Reducer,Medium,7289.849246231156,0.00028493664002358324
Motor_Reducer,Medium,7356.120603015075,0.00028986946349307573
Motor_Reducer,Medium,7422.391959798995,0.000295367337688269
Motor_Reducer,Medium,7488.663316582915,0.0003008789047655979
Motor_Reducer,Medium,7554.934673366834,0.0003062876521074393
Motor_Reducer,Medium,7621.206030150754,0.0003107951352785131
Motor_Reducer,Medium,7687.477386934674,0.0003150889074013084
Motor_Reducer,Medium,7753.748743718594,0.0003199143571136
Motor_Reducer,Medium,7820.020100502513,0.0003249184501023772
Motor_Reducer,Medium,7886.291457286432,0.00033000383963399736
Motor_Reducer,Medium,7952.562814070352,0.00033467645718593983
Motor_Reducer,Medium,8018.834170854272,0.00033836763370016185
Motor_Reducer,Medium,8085.105527638191,0.00034135825562242096
Motor_Reducer,Medium,8151.37688442211,0.00034379405074570925
Motor_Reducer,Medium,8217.64824120603,0.00034625680974078866
Motor_Reducer,Medium,8283.91959798995,0.00034902116158148656
Motor_Reducer,Medium,8350.190954773869,0.00035164864630706253
Motor_Reducer,Medium,8416.462311557789,0.00035411333306591754
Motor_Reducer,Medium,8482.733668341709,0.0003570002528863459
Motor_Reducer,Medium,8549.005025125629,0.0003605518254610199
Motor_Reducer,Medium,8615.276381909549,0.0003640367522801593
Motor_Reducer,Medium,8681.547738693467,0.0003672882845574134
Motor_Reducer,Medium,8747.819095477387,0.00037047151261965125
Motor_Reducer,Medium,8814.090452261307,0.00037286776013732974
Motor_Reducer,Medium,8880.361809045226,0.00037461568064782995
Motor_Reducer,Medium,8946.633165829146,0.00037651235138927555
Motor_Reducer,Medium,9012.904522613066,0.00037926860506632727
Motor_Reducer,Medium,9079.175879396986,0.00038207886518776897
Motor_Reducer,Medium,9145.447236180906,0.0003843846649779392
Motor_Reducer,Medium,9211.718592964824,0.000386202550904926
Motor_Reducer,Medium,9277.989949748744,0.0003873508207338477
Motor_Reducer,Medium,9344.261306532664,0.0003880815457917516
Motor_Reducer,Medium,9410.532663316582,0.00038844746917215023
Motor_Reducer,Medium,9476.804020100502,0.00038936863236001685
Motor_Reducer,Medium,9543.075376884422,0.00039099524110968386
Motor_Reducer,Medium,9609.346733668342,0.00039352989656957986
Motor_Reducer,Medium,9675.618090452263,0.0003951662298186221
Motor_Reducer,Medium,9741.88944723618,0.0003962712269960739
Motor_Reducer,Medium,9808.1608040201,0.00039779418263340225
Motor_Reducer,Medium,9874.43216080402,0.000399768337872546
Motor_Reducer,Medium,9940.70351758794,0.00040250848001073216
Motor_Reducer,Medium,10006.97487437186,0.00040616862490877863
Motor_Reducer,Medium,10073.24623115578,0.00041008550819059315
Motor_Reducer,Medium,10139.5175879397,0.0004140081486633592
Motor_Reducer,Medium,10205.78894472362,0.00041782630237865607
Motor_Reducer,Medium,10272.060301507538,0.0004210611838584071
Motor_Reducer,Medium,10338.331658291458,0.00042474321284687846
Motor_Reducer,Medium,10404.603015075378,0.00042853149853854303
Motor_Reducer,Medium,10470.874371859296,0.00043392130183057576
Motor_Reducer,Medium,10537.145728643216,0.00043911247125059114
Motor_Reducer,Medium,10603.417085427136,0.0004434785707433414
Motor_Reducer,Medium,10669.688442211056,0.0004472427662395986
Motor_Reducer,Medium,10735.959798994976,0.00045106696903809485
Motor_Reducer,Medium,10802.231155778894,0.00045425737731682493
Motor_Reducer,Medium,10868.502512562814,0.00045682539665426163
Motor_Reducer,Medium,10934.773869346735,0.00046031492781118126
Motor_Reducer,Medium,11001.045226130653,0.0004635461529419394
Motor_Reducer,Medium,11067.316582914573,0.00046686348022885774
Motor_Reducer,Medium,11133.587939698493,0.0004711925080800064
Motor_Reducer,Medium,11199.859296482413,0.00047668107898304657
Motor_Reducer,Medium,11266.130653266333,0.0004821091682895334
Motor_Reducer,Medium,11332.402010050251,0.00048729304604583677
Motor_Reducer,Medium,11398.673366834171,0.0004923939680995128
Motor_Reducer,Medium,11464.944723618091,0.0004955526477224876
Motor_Reducer,Medium,11531.21608040201,0.0004977057249975905
Motor_Reducer,Medium,11597.48743718593,0.0005005646388304219
Motor_Reducer,Medium,11663.75879396985,0.0005043513709846612
Motor_Reducer,Medium,11730.03015075377,0.0005074410798827743
Motor_Reducer,Medium,11796.30150753769,0.0005107754404495506
Motor_Reducer,Medium,11862.572864321608,0.0005141659193387924
Motor_Reducer,Medium,11928.844221105528,0.0005175069839734474
Motor_Reducer,Medium,11995.115577889448,0.0005205628909328618
Motor_Reducer,Medium,12061.386934673366,0.000523517631477607
Motor_Reducer,Medium,12127.658291457286,0.0005268737234727428
Motor_Reducer,Medium,12193.929648241206,0.0005298154266044217
Motor_Reducer,Medium,12260.201005025127,0.0005332653023449662
Motor_Reducer,Medium,12326.472361809047,0.0005361293194488637
Motor_Reducer,Medium,12392.743718592965,0.0005387391268263328
Motor_Reducer,Medium,12459.015075376885,0.0005419678991980198
Motor_Reducer,Medium,12525.286432160805,0.0005470175442577941
Motor_Reducer,Medium,12591.557788944723,0.0005551000120502049
Motor_Reducer,Medium,12657.829145728643,0.0005639071297197237
Motor_Reducer,Medium,12724.100502512563,0.0005724458073949686
Motor_Reducer,Medium,12790.371859296483,0.0005799284281394058
Motor_Reducer,Medium,12856.643216080403,0.000587285484242999
Motor_Reducer,Medium,12922.914572864322,0.0005941505094407922
Motor_Reducer,Medium,12989.185929648242,0.0006003421543840167
Motor_Reducer,Medium,13055.457286432162,0.0006072164036685944
Motor_Reducer,Medium,13121.72864321608,0.0006142734137784664
Motor_Reducer,Medium,13188.0,0.0006227460211048785
Motor_Reducer,Heavy,0.0,3.964863772564806e-06
Motor_Reducer,Heavy,46.503316582914564,5.010129553877837e-06
Motor_Reducer,Heavy,93.00663316582913,6.055395335190867e-06
Motor_Reducer,Heavy,139.50994974874368,7.1017245403106805e-06
Motor_Reducer,Heavy,186.01326633165826,8.50083759146957e-06
Motor_Reducer,Heavy,232.51658291457284,1.0096011009066146e-05
Motor_Reducer,Heavy,279.01989949748736,1.1692073911087143e-05
Motor_Reducer,Heavy,325.52321608040194,1.3435797694669904e-05
Motor_Reducer,Heavy,372.0265326633165,1.530593161861031e-05
Motor_Reducer,Heavy,418.5298492462311,1.715389240447757e-05
Motor_Reducer,Heavy,465.0331658291457,1.8940905790635858e-05
Motor_Reducer,Heavy,511.5364824120602,2.0766021827367547e-05
Motor_Reducer,Heavy,558.0397989949747,2.2679080744284927e-05
Motor_Reducer,Heavy,604.5431155778894,2.45923819221263e-05
Motor_Reducer,Heavy,651.0464321608039,2.6524845682371945e-05
Motor_Reducer,Heavy,697.5497487437185,2.851867626699153e-05
Motor_Reducer,Heavy,744.053065326633,3.065557314243827e-05
Motor_Reducer,Heavy,790.5563819095476,3.285991505829151e-05
Motor_Reducer,Heavy,837.0596984924622,3.517713602340074e-05
Motor_Reducer,Heavy,883.5630150753767,3.7614056334132233e-05
Motor_Reducer,Heavy,930.0663316582913,4.017184612789636e-05
Motor_Reducer,Heavy,976.5696482412059,4.2683935783279334e-05
Motor_Reducer,Heavy,1023.0729648241204,4.5155382217554106e-05
Motor_Reducer,Heavy,1069.576281407035,4.7745678442520016e-05
Motor_Reducer,Heavy,1116.0795979899494,5.0330713116168276e-05
Motor_Reducer,Heavy,1162.5829145728642,5.284268302282472e-05
Motor_Reducer,Heavy,1209.0862311557787,5.5618291573206e-05
Motor_Reducer,Heavy,1255.5895477386932,5.841787825236134e-05
Motor_Reducer,Heavy,1302.0928643216077,6.130891636424683e-05
Motor_Reducer,Heavy,1348.5961809045223,6.439622514668656e-05
Motor_Reducer,Heavy,1395.099497487437,6.779145352921894e-05
Motor_Reducer,Heavy,1441.6028140703515,7.132357800810981e-05
Motor_Reducer,Heavy,1488.106130653266,7.48018226593735e-05
Motor_Reducer,Heavy,1534.6094472361806,7.833283170911005e-05
Motor_Reducer,Heavy,1581.112763819095,8.15940709141637e-05
Motor_Reducer,Heavy,1627.6160804020099,8.454650283849549e-05
Motor_Reducer,Heavy,1674.1193969849244,8.735669437702038e-05
Motor_Reducer,Heavy,1720.622713567839,9.002054611200579e-05
Motor_Reducer,Heavy,1767.1260301507534,9.269897027614353e-05
Motor_Reducer,Heavy,1813.629346733668,9.549171072446909e-05
Motor_Reducer,Heavy,1860.1326633165827,9.816108651546237e-05
Motor_Reducer,Heavy,1906.6359798994972,0.00010086270563688367
Motor_Reducer,Heavy,1953.1392964824117,0.00010360268612689409
Motor_Reducer,Heavy,1999.6426130653263,0.00010644180120763124
Motor_Reducer,Heavy,2046.1459296482408,0.00010918204892468926
Motor_Reducer,Heavy,2092.6492462311553,0.00011196793139069598
Motor_Reducer,Heavy,2139.15256281407,0.00011482151594130692
Motor_Reducer,Heavy,2185.6558793969843,0.00011794444824267848
Motor_Reducer,Heavy,2232.159195979899,0.00012121917783426425
Motor_Reducer,Heavy,2278.662512562814,0.00012470667905697353
Motor_Reducer,Heavy,2325.1658291457284,0.00012870914033442346
Motor_Reducer,Heavy,2371.669145728643,0.00013286154517960894
Motor_Reducer,Heavy,2418.1724623115574,0.00013697650076474765
Motor_Reducer,Heavy,2464.675778894472,0.0001411749024878901
Motor_Reducer,Heavy,2511.1790954773865,0.00014540831626479726
Motor_Reducer,Heavy,2557.682412060301,0.00014999330884562492
Motor_Reducer,Heavy,2604.1857286432155,0.00015530287626187503
Motor_Reducer,Heavy,2650.68904522613,0.00016092101102821853
Motor_Reducer,Heavy,2697.1923618090445,0.00016649831580856339
Motor_Reducer,Heavy,2743.6956783919595,0.00017211696687422675
Motor_Reducer,Heavy,2790.198994974874,0.00017832187006873744
Motor_Reducer,Heavy,2836.7023115577886,0.0001845226359007903
Motor_Reducer,Heavy,2883.205628140703,0.00019031132880759137
Motor_Reducer,Heavy,2929.7089447236176,0.00019610208237928243
Motor_Reducer,Heavy,2976.212261306532,0.0002021387268995655
Motor_Reducer,Heavy,3022.7155778894466,0.0002081668722057393
Motor_Reducer,Heavy,3069.218894472361,0.00021430858744420745
Motor_Reducer,Heavy,3115.7222110552757,0.00022048370954659465
Motor_Reducer,Heavy,3162.22552763819,0.00022625335865856386
Motor_Reducer,Heavy,3208.7288442211047,0.00023211953071175314
Motor_Reducer,Heavy,3255.2321608040197,0.00023793786942629885
Motor_Reducer,Heavy,3301.7354773869342,0.00024349010094598466
Motor_Reducer,Heavy,3348.2387939698488,0.0002488514077951621
Motor_Reducer,Heavy,3394.7421105527633,0.0002542678500981141
Motor_Reducer,Heavy,3441.245427135678,0.0002595541703301806
Motor_Reducer,Heavy,3487.7487437185923,0.0002645780500570408
Motor_Reducer,Heavy,3534.252060301507,0.0002691089006847182
Motor_Reducer,Heavy,3580.7553768844214,0.0002730829817688847
Motor_Reducer,Heavy,3627.258693467336,0.0002768672138467154
Motor_Reducer,Heavy,3673.7620100502504,0.00028041317296383116
Motor_Reducer,Heavy,3720.2653266331654,0.00028404969489794656
Motor_Reducer,Heavy,3766.76864321608,0.0002871046190402734
Motor_Reducer,Heavy,3813.2719597989944,0.0002895070976433244
Motor_Reducer,Heavy,3859.775276381909,0.0002914542598631867
Motor_Reducer,Heavy,3906.2785929648235,0.00029329875554600916
Motor_Reducer,Heavy,3952.781909547738,0.0002954676498000422
Motor_Reducer,Heavy,3999.2852261306525,0.0002975292031502155
Motor_Reducer,Heavy,4045.788542713567,0.00029957480362901315
Motor_Reducer,Heavy,4092.2918592964816,0.00030112083540932087
Motor_Reducer,Heavy,4138.795175879396,0.0003024062065229973
Motor_Reducer,Heavy,4185.298492462311,0.0003044508442038842
Motor_Reducer,Heavy,4231.801809045225,0.0003071270051951363
Motor_Reducer,Heavy,4278.30512562814,0.00030947297995728376
Motor_Reducer,Heavy,4324.808442211054,0.0003111962134689838
Motor_Reducer,Heavy,4371.311758793969,0.00031271916890702453
Motor_Reducer,Heavy,4417.815075376883,0.00031454029176999345
Motor_Reducer,Heavy,4464.318391959798,0.0003167401831514465
Motor_Reducer,Heavy,4510.821708542713,0.0003189081146883165
Motor_Reducer,Heavy,4557.325025125628,0.00032078348062163873
Motor_Reducer,Heavy,4603.828341708542,0.0003228234661423903
Motor_Reducer,Heavy,4650.331658291457,0.0003252704536551746
Motor_Reducer,Heavy,4696.834974874371,0.00032762487497724457
Motor_Reducer,Heavy,4743.338291457286,0.0003293113716831046
Motor_Reducer,Heavy,4789.8416080402,0.0003311225418958527
Motor_Reducer,Heavy,4836.344924623115,0.00033338780049553887
Motor_Reducer,Heavy,4882.848241206029,0.0003359173317737947
Motor_Reducer,Heavy,4929.351557788944,0.0003391536740559457
Motor_Reducer,Heavy,4975.854874371858,0.0003440810834571501
Motor_Reducer,Heavy,5022.358190954773,0.00034937060254342455
Motor_Reducer,Heavy,5068.861507537687,0.00035506406389948893
Motor_Reducer,Heavy,5115.364824120602,0.000361528112646152
Motor_Reducer,Heavy,5161.8681407035165,0.00036815094428242523
Motor_Reducer,Heavy,5208.371457286431,0.00037469941471133107
Motor_Reducer,Heavy,5254.8747738693455,0.00038052623880999696
Motor_Reducer,Heavy,5301.37809045226,0.0003857659934106878
Motor_Reducer,Heavy,5347.881407035175,0.0003914097933493316
Motor_Reducer,Heavy,5394.384723618089,0.00039770072493770293
Motor_Reducer,Heavy,5440.888040201004,0.0004047436261598445
Motor_Reducer,Heavy,5487.391356783919,0.00041155067494321655
Motor_Reducer,Heavy,5533.894673366834,0.000417922064770732
Motor_Reducer,Heavy,5580.397989949748,0.00042459118154292467
Motor_Reducer,Heavy,5626.901306532663,0.0004305912429353183
Motor_Reducer,Heavy,5673.404623115577,0.00043607900011233963
Motor_Reducer,Heavy,5719.907939698492,0.0004416804064717495
Motor_Reducer,Heavy,5766.411256281406,0.00044899488615035647
Motor_Reducer,Heavy,5812.914572864321,0.00045749286227718893
Motor_Reducer,Heavy,5859.417889447235,0.00046563968476460814
Motor_Reducer,Heavy,5905.92120603015,0.0004733510450934947
Motor_Reducer,Heavy,5952.424522613064,0.0004813586026807966
Motor_Reducer,Heavy,5998.927839195979,0.0004895372028590799
Motor_Reducer,Heavy,6045.431155778893,0.0004979159367249608
Motor_Reducer,Heavy,6091.934472361808,0.0005066576541735338
Motor_Reducer,Heavy,6138.437788944722,0.000514592895502894
Motor_Reducer,Heavy,6184.941105527637,0.0005216561111854412
Motor_Reducer,Heavy,6231.444422110551,0.0005285926364181855
Motor_Reducer,Heavy,6277.947738693466,0.0005359716874516587
Motor_Reducer,Heavy,6324.45105527638,0.0005435321526930856
Motor_Reducer,Heavy,6370.954371859295,0.0005498653313984496
Motor_Reducer,Heavy,6417.4576884422095,0.0005556805256985133
Motor_Reducer,Heavy,6463.961005025125,0.000561362440100804
Motor_Reducer,Heavy,6510.464321608039,0.0005668044682967563
Motor_Reducer,Heavy,6556.967638190954,0.0005719384836655786
Motor_Reducer,Heavy,6603.4709547738685,0.0005773441071210055
Motor_Reducer,Heavy,6649.974271356783,0.000583594683767712
Motor_Reducer,Heavy,6696.4775879396975,0.0005905792444735399
Motor_Reducer,Heavy,6742.980904522612,0.0005966194363222769
Motor_Reducer,Heavy,6789.484221105527,0.0006026255096648842
Motor_Reducer,Heavy,6835.987537688441,0.0006095631930106437
Motor_Reducer,Heavy,6882.490854271356,0.0006171631972268056
Motor_Reducer,Heavy,6928.99417085427,0.0006271477718509346
Motor_Reducer,Heavy,6975.497487437185,0.0006368646765597733
Motor_Reducer,Heavy,7022.000804020099,0.0006466215616360523
Motor_Reducer,Heavy,7068.504120603014,0.0006561862267217779
Motor_Reducer,Heavy,7115.007437185928,0.0006638602619666436
Motor_Reducer,Heavy,7161.510753768843,0.0006706744176248335
Motor_Reducer,Heavy,7208.014070351757,0.0006768388732796524
Motor_Reducer,Heavy,7254.517386934672,0.0006830988761991656
Motor_Reducer,Heavy,7301.020703517586,0.0006901012883191221
Motor_Reducer,Heavy,7347.524020100501,0.0006975169919259613
Motor_Reducer,Heavy,7394.027336683415,0.0007054219617428954
Motor_Reducer,Heavy,7440.530653266331,0.0007141181279582228
Motor_Reducer,Heavy,7487.033969849245,0.0007227890129254478
Motor_Reducer,Heavy,7533.53728643216,0.0007301733734623679
Motor_Reducer,Heavy,7580.040603015074,0.0007379855667961563
Motor_Reducer,Heavy,7626.543919597989,0.0007463918167019036
Motor_Reducer,Heavy,7673.047236180903,0.0007542329016701177
Motor_Reducer,Heavy,7719.550552763818,0.0007593174536472169
Motor_Reducer,Heavy,7766.053869346732,0.0007624232582235825
Motor_Reducer,Heavy,7812.557185929647,0.0007646577321465155
Motor_Reducer,Heavy,7859.0605025125615,0.0007641652996953045
Motor_Reducer,Heavy,7905.563819095476,0.0007622592966188874
Motor_Reducer,Heavy,7952.0671356783905,0.0007588976706219859
Motor_Reducer,Heavy,7998.570452261305,0.0007542839868831804
Motor_Reducer,Heavy,8045.07376884422,0.0007500331151336753
Motor_Reducer,Heavy,8091.577085427134,0.0007461033372151728
Motor_Reducer,Heavy,8138.080402010049,0.0007413202309169328
Motor_Reducer,Heavy,8184.583718592963,0.0007361373618157298
Motor_Reducer,Heavy,8231.087035175879,0.0007306963691452117
Motor_Reducer,Heavy,8277.590351758792,0.0007257074089044401
Motor_Reducer,Heavy,8324.093668341708,0.0007214322339337297
Motor_Reducer,Heavy,8370.596984924621,0.0007167895589694305
Motor_Reducer,Heavy,8417.100301507537,0.0007116939438552178
Motor_Reducer,Heavy,8463.60361809045,0.0007069499269002649
Motor_Reducer,Heavy,8510.106934673366,0.0007028262065883489
Motor_Reducer,Heavy,8556.61025125628,0.0006995244402104473
Motor_Reducer,Heavy,8603.113567839195,0.0006971665099035943
Motor_Reducer,Heavy,8649.616884422108,0.0006984964019013767
Motor_Reducer,Heavy,8696.120201005024,0.0007054198393945592
Motor_Reducer,Heavy,8742.623517587937,0.0007149052217352337
Motor_Reducer,Heavy,8789.126834170853,0.0007241467619590006
Motor_Reducer,Heavy,8835.630150753766,0.0007328767026385694
Motor_Reducer,Heavy,8882.133467336682,0.0007396891054776248
Motor_Reducer,Heavy,8928.636783919595,0.0007444513661759568
Motor_Reducer,Heavy,8975.14010050251,0.0007485151340719695
Motor_Reducer,Heavy,9021.643417085426,0.0007557064543574882
Motor_Reducer,Heavy,9068.14673366834,0.0007647183368130009
Motor_Reducer,Heavy,9114.650050251255,0.0007778222632985784
Motor_Reducer,Heavy,9161.153366834169,0.0007948444877530705
Motor_Reducer,Heavy,9207.656683417084,0.0008139279390855006
Motor_Reducer,Heavy,9254.159999999998,0.0008359218020404821
Speed_Sensor,all,0.0,1.89379206889431e-05
Speed_Sensor,all,251.27638190954775,2.0306226385246363e-05
Speed_Sensor,all,502.5527638190955,2.1689348781784214e-05
Speed_Sensor,all,753.8291457286432,2.301782734563807e-05
Speed_Sensor,all,1005.105527638191,2.4347576012086213e-05
Speed_Sensor,all,1256.3819095477388,2.5704207775528536e-05
Speed_Sensor,all,1507.6582914572864,2.7050824564344657e-05
Speed_Sensor,all,1758.9346733668342,2.8285883611667363e-05
Speed_Sensor,all,2010.211055276382,2.9439060241111924e-05
Speed_Sensor,all,2261.4874371859296,3.0565896649358775e-05
Speed_Sensor,all,2512.7638190954776,3.162358697410426e-05
Speed_Sensor,all,2764.040201005025,3.260502756949162e-05
Speed_Sensor,all,3015.316582914573,3.352911660227222e-05
Speed_Sensor,all,3266.592964824121,3.43717666723248e-05
Speed_Sensor,all,3517.8693467336684,3.519127326431336e-05
Speed_Sensor,all,3769.1457286432164,3.604014874400161e-05
Speed_Sensor,all,4020.422110552764,3.679135275038762e-05
Speed_Sensor,all,4271.698492462312,3.739177449048393e-05
Speed_Sensor,all,4522.974874371859,3.782973125417081e-05
Speed_Sensor,all,4774.251256281407,3.80921869788687e-05
Speed_Sensor,all,5025.527638190955,3.819001898658385e-05
Speed_Sensor,all,5276.804020100502,3.823725074457519e-05
Speed_Sensor,all,5528.08040201005,3.8286607972903e-05
Speed_Sensor,all,5779.3567839195985,3.833213515319895e-05
Speed_Sensor,all,6030.633165829146,3.831468928216004e-05
Speed_Sensor,all,6281.909547738694,3.827650337103652e-05
Speed_Sensor,all,6533.185929648242,3.8253566927346514e-05
Speed_Sensor,all,6784.46231155779,3.819948371770775e-05
Speed_Sensor,all,7035.738693467337,3.815082095376549e-05
Speed_Sensor,all,7287.015075376885,3.817251384153283e-05
Speed_Sensor,all,7538.291457286433,3.8210812745382634e-05
Speed_Sensor,all,7789.56783919598,3.824564778445666e-05
Speed_Sensor,all,8040.844221105528,3.83278872296256e-05
Speed_Sensor,all,8292.120603015075,3.845039425319063e-05
Speed_Sensor,all,8543.396984924624,3.857901098323621e-05
Speed_Sensor,all,8794.673366834171,3.8736207906971475e-05
Speed_Sensor,all,9045.949748743718,3.893711432760765e-05
Speed_Sensor,all,9297.226130653267,3.9198423647864646e-05
Speed_Sensor,all,9548.502512562814,3.9489258838549296e-05
Speed_Sensor,all,9799.778894472362,3.971460242457634e-05
Speed_Sensor,all,10051.05527638191,3.986293640417865e-05
Speed_Sensor,all,10302.331658291458,4.002766218751719e-05
Speed_Sensor,all,10553.608040201005,4.018929056156702e-05
Speed_Sensor,all,10804.884422110554,4.03872829956321e-05
Speed_Sensor,all,11056.1608040201,4.062016093652246e-05
Speed_Sensor,all,11307.437185929648,4.091389240735048e-05
Speed_Sensor,all,11558.713567839197,4.1211289884734356e-05
Speed_Sensor,all,11809.989949748744,4.141007681372172e-05
Speed_Sensor,all,12061.266331658291,4.155254906401938e-05
Speed_Sensor,all,12312.54271356784,4.168726116865273e-05
Speed_Sensor,all,12563.819095477387,4.1740492659074035e-05
Speed_Sensor,all,12815.095477386936,4.1774718023231445e-05
Speed_Sensor,all,13066.371859296483,4.17847357293234e-05
Speed_Sensor,all,13317.64824120603,4.1775813230791904e-05
Speed_Sensor,all,13568.92462311558,4.188388330497487e-05
Speed_Sensor,all,13820.201005025127,4.215462445581972e-05
Speed_Sensor,all,14071.477386934674,4.237471992073958e-05
Speed_Sensor,all,14322.753768844223,4.2521707820767596e-05
Speed_Sensor,all,14574.03015075377,4.2631466983371466e-05
Speed_Sensor,all,14825.306532663317,4.2687250252373626e-05
Speed_Sensor,all,15076.582914572866,4.271075385524992e-05
Speed_Sensor,all,15327.859296482413,4.273807461205532e-05
Speed_Sensor,all,15579.13567839196,4.2747377060326636e-05
Speed_Sensor,all,15830.412060301509,4.281215269187942e-05
Speed_Sensor,all,16081.688442211056,4.277398305827394e-05
Speed_Sensor,all,16332.964824120603,4.2655043671473844e-05
Speed_Sensor,all,16584.24120603015,4.2488685894336476e-05
Speed_Sensor,all,16835.5175879397,4.231546745016309e-05
Speed_Sensor,all,17086.79396984925,4.210436696155525e-05
Speed_Sensor,all,17338.070351758794,4.190029591912578e-05
Speed_Sensor,all,17589.346733668342,4.1720315098002e-05
Speed_Sensor,all,17840.62311557789,4.159529999381393e-05
Speed_Sensor,all,18091.899497487437,4.1473959418372325e-05
Speed_Sensor,all,18343.175879396986,4.1316580022921717e-05
Speed_Sensor,all,18594.452261306535,4.112059288940046e-05
Speed_Sensor,all,18845.72864321608,4.1034504048426316e-05
Speed_Sensor,all,19097.00502512563,4.101871548504153e-05
Speed_Sensor,all,19348.281407035178,4.108157564868528e-05
Speed_Sensor,all,19599.557788944723,4.1176282933519366e-05
Speed_Sensor,all,19850.834170854272,4.128238372834566e-05
Speed_Sensor,all,20102.11055276382,4.132370769014902e-05
Speed_Sensor,all,20353.386934673366,4.135150960957457e-05
Speed_Sensor,all,20604.663316582915,4.143017984100033e-05
Speed_Sensor,all,20855.939698492464,4.158189553878638e-05
Speed_Sensor,all,21107.21608040201,4.175661356268341e-05
Speed_Sensor,all,21358.49246231156,4.196225800181396e-05
Speed_Sensor,all,21609.768844221107,4.222252333029468e-05
Speed_Sensor,all,21861.045226130653,4.2533299923008305e-05
Speed_Sensor,all,22112.3216080402,4.280144048561342e-05
Speed_Sensor,all,22363.59798994975,4.303626178624345e-05
Speed_Sensor,all,22614.874371859296,4.323515265842836e-05
Speed_Sensor,all,22866.150753768845,4.341435241893672e-05
Speed_Sensor,all,23117.427135678394,4.360918855417701e-05
Speed_Sensor,all,23368.70351758794,4.3791266986283065e-05
Speed_Sensor,all,23619.979899497488,4.399222096507002e-05
Speed_Sensor,all,23871.256281407037,4.425035054219136e-05
Speed_Sensor,all,24122.532663316582,4.442836571838556e-05
Speed_Sensor,all,24373.80904522613,4.454359239806667e-05
Speed_Sensor,all,24625.08542713568,4.4636349954886356e-05
Speed_Sensor,all,24876.36180904523,4.472118927362118e-05
Speed_Sensor,all,25127.638190954774,4.4828158532846354e-05
Speed_Sensor,all,25378.914572864323,4.491640532044874e-05
Speed_Sensor,all,25630.190954773872,4.498461337383286e-05
Speed_Sensor,all,25881.467336683418,4.513120389701031e-05
Speed_Sensor,all,26132.743718592967,4.519213569038125e-05
Speed_Sensor,all,26384.020100502516,4.514310266688532e-05
Speed_Sensor,all,26635.29648241206,4.500826678550346e-05
Speed_Sensor,all,26886.57286432161,4.489690547947455e-05
Speed_Sensor,all,27137.84924623116,4.4711572275761257e-05
Speed_Sensor,all,27389.125628140704,4.445915599194452e-05
Speed_Sensor,all,27640.402010050253,4.4215525480456954e-05
Speed_Sensor,all,27891.678391959802,4.402219510288661e-05
Speed_Sensor,all,28142.954773869347,4.38450026367785e-05
Speed_Sensor,all,28394.231155778896,4.3598153034956504e-05
Speed_Sensor,all,28645.507537688445,4.339981031752046e-05
Speed_Sensor,all,28896.78391959799,4.336069478960406e-05
Speed_Sensor,all,29148.06030150754,4.3436620755328225e-05
Speed_Sensor,all,29399.33668341709,4.3568335953437324e-05
Speed_Sensor,all,29650.613065326634,4.37661296144671e-05
Speed_Sensor,all,29901.889447236183,4.404392453225456e-05
Speed_Sensor,all,30153.16582914573,4.435345951381862e-05
Speed_Sensor,all,30404.442211055277,4.4669204858547174e-05
Speed_Sensor,all,30655.718592964826,4.5007251684184274e-05
Speed_Sensor,all,30906.994974874375,4.529192201377064e-05
Speed_Sensor,all,31158.27135678392,4.56341610680932e-05
Speed_Sensor,all,31409.54773869347,4.601373758114003e-05
Speed_Sensor,all,31660.824120603018,4.650913369399125e-05
Speed_Sensor,all,31912.100502512563,4.7082787011932065e-05
Speed_Sensor,all,32163.376884422112,4.768350789409825e-05
Speed_Sensor,all,32414.65326633166,4.834783088835659e-05
Speed_Sensor,all,32665.929648241206,4.907345184301474e-05
Speed_Sensor,all,32917.20603015076,4.9632956801739484e-05
Speed_Sensor,all,33168.4824120603,5.01228536520266e-05
Speed_Sensor,all,33419.75879396985,5.057210369112944e-05
Speed_Sensor,all,33671.0351758794,5.095998124410194e-05
Speed_Sensor,all,33922.31155778895,5.128709422955845e-05
Speed_Sensor,all,34173.5879396985,5.1541807775815766e-05
Speed_Sensor,all,34424.864321608045,5.172481259167858e-05
Speed_Sensor,all,34676.14070351759,5.1910094876743705e-05
Speed_Sensor,all,34927.417085427136,5.2023893674759317e-05
Speed_Sensor,all,35178.693467336685,5.212841849784047e-05
Speed_Sensor,all,35429.969849246234,5.229878074929389e-05
Speed_Sensor,all,35681.24623115578,5.2635227061293385e-05
Speed_Sensor,all,35932.52261306533,5.301779741805803e-05
Speed_Sensor,all,36183.79899497487,5.325587356647978e-05
Speed_Sensor,all,36435.07537688442,5.327444346651513e-05
Speed_Sensor,all,36686.35175879397,5.31888485637985e-05
Speed_Sensor,all,36937.62814070352,5.318098336180539e-05
Speed_Sensor,all,37188.90452261307,5.3101117080754236e-05
Speed_Sensor,all,37440.18090452262,5.304282511927634e-05
Speed_Sensor,all,37691.45728643216,5.290342029370667e-05
Speed_Sensor,all,37942.73366834171,5.261687665540564e-05
Speed_Sensor,all,38194.01005025126,5.2240673462076086e-05
Speed_Sensor,all,38445.28643216081,5.1842302256503723e-05
Speed_Sensor,all,38696.562814070356,5.1438145458507555e-05
Speed_Sensor,all,38947.839195979905,5.1057432640285e-05
Speed_Sensor,all,39199.115577889446,5.0735861084750095e-05
Speed_Sensor,all,39450.391959798995,5.0364543765904355e-05
Speed_Sensor,all,39701.668341708544,4.9905185695088454e-05
Speed_Sensor,all,39952.94472361809,4.94469315661794e-05
Speed_Sensor,all,40204.22110552764,4.9013970079421834e-05
Speed_Sensor,all,40455.49748743719,4.850858237695861e-05
Speed_Sensor,all,40706.77386934673,4.7961953060602847e-05
Speed_Sensor,all,40958.05025125628,4.7428987555118906e-05
Speed_Sensor,all,41209.32663316583,4.689222546084892e-05
Speed_Sensor,all,41460.60301507538,4.636158482540982e-05
Speed_Sensor,all,41711.87939698493,4.589810998827111e-05
Speed_Sensor,all,41963.15577889448,4.5575124445093014e-05
Speed_Sensor,all,42214.43216080402,4.530874900387392e-05
Speed_Sensor,all,42465.70854271357,4.521669865783795e-05
Speed_Sensor,all,42716.98492462312,4.5175336748803634e-05
Speed_Sensor,all,42968.261306532666,4.5073023424925127e-05
Speed_Sensor,all,43219.537688442215,4.4965584774913396e-05
Speed_Sensor,all,43470.814070351764,4.493957392490857e-05
Speed_Sensor,all,43722.090452261305,4.499495244054537e-05
Speed_Sensor,all,43973.366834170854,4.5057378258733884e-05
Speed_Sensor,all,44224.6432160804,4.516702463733845e-05
Speed_Sensor,all,44475.91959798995,4.533049734045332e-05
Speed_Sensor,all,44727.1959798995,4.5499613334022824e-05
Speed_Sensor,all,44978.47236180905,5.6933598231298393e-05
Speed_Sensor,all,45229.74874371859,0.00012170161131240648
Speed_Sensor,all,45481.02512562814,0.00019621042381698562
Speed_Sensor,all,45732.30150753769,0.00027111373688023735
Speed_Sensor,all,45983.57788944724,0.0003414306818162582
Speed_Sensor,all,46234.85427135679,0.00040795257545442283
Speed_Sensor,all,46486.13065326634,0.00046938087483079194
Speed_Sensor,all,46737.40703517588,0.000526761906816577
Speed_Sensor,all,46988.68341708543,0.0005795253897941413
Speed_Sensor,all,47239.959798994976,0.0006281460498050658
Speed_Sensor,all,47491.236180904525,0.0006724043293449038
Speed_Sensor,all,47742.512562814074,0.0007122115276680647
Speed_Sensor,all,47993.78894472362,0.0007474228537385858
Speed_Sensor,all,48245.065326633165,0.0007782961877094885
Speed_Sensor,all,48496.34170854271,0.0008052948718828181
Speed_Sensor,all,48747.61809045226,0.0008275985855183584
Speed_Sensor,all,48998.89447236181,0.0008454732509915654
Speed_Sensor,all,49250.17085427136,0.0008590237601515782
Speed_Sensor,all,49501.44723618091,0.0008682382769187554
Speed_Sensor,all,49752.72361809046,0.0008734572077228421
Speed_Sensor,all,50004.0,0.0008744746723317629
Controller_PC,all,0.0,1.87657768245007e-05
Controller_PC,all,387.4251256281404,2.007017940685541e-05
Controller_PC,all,774.8502512562808,2.1393141039704235e-05
Controller_PC,all,1162.2753768844211,2.272426284508148e-05
Controller_PC,all,1549.7005025125616,2.4054863723880992e-05
Controller_PC,all,1937.125628140702,2.5353603901127035e-05
Controller_PC,all,2324.5507537688422,2.6581504616659048e-05
Controller_PC,all,2711.9758793969827,2.7779179199496374e-05
Controller_PC,all,3099.401005025123,2.895066704824773e-05
Controller_PC,all,3486.8261306532636,3.0052581062837765e-05
Controller_PC,all,3874.251256281404,3.109059681185791e-05
Controller_PC,all,4261.676381909544,3.202075077965072e-05
Controller_PC,all,4649.1015075376845,3.2845126071645875e-05
Controller_PC,all,5036.526633165825,3.3600076235864955e-05
Controller_PC,all,5423.951758793965,3.435149762481465e-05
Controller_PC,all,5811.376884422106,3.507366575005249e-05
Controller_PC,all,6198.802010050246,3.5694048382303935e-05
Controller_PC,all,6586.227135678387,3.621230581923902e-05
Controller_PC,all,6973.652261306527,3.66228815524469e-05
Controller_PC,all,7361.077386934668,3.691180280259403e-05
Controller_PC,all,7748.502512562808,3.7104392610248995e-05
Controller_PC,all,8135.9276381909485,3.7313590454665454e-05
Controller_PC,all,8523.352763819088,3.754489049192633e-05
Controller_PC,all,8910.777889447229,3.780079354085725e-05
Controller_PC,all,9298.203015075369,3.804168619067818e-05
Controller_PC,all,9685.62814070351,3.82949807346298e-05
Controller_PC,all,10073.05326633165,3.856681013523719e-05
Controller_PC,all,10460.47839195979,3.882634570085298e-05
Controller_PC,all,10847.90351758793,3.909425587682003e-05
Controller_PC,all,11235.328643216071,3.940165402914172e-05
Controller_PC,all,11622.753768844212,3.972142376035748e-05
Controller_PC,all,12010.178894472352,4.006310095532782e-05
Controller_PC,all,12397.604020100493,4.0314722792071455e-05
Controller_PC,all,12785.029145728633,4.0564818114206913e-05
Controller_PC,all,13172.454271356773,4.0735851406411683e-05
Controller_PC,all,13559.879396984914,4.087084946925401e-05
Controller_PC,all,13947.304522613054,4.098364837206813e-05
Controller_PC,all,14334.729648241195,4.10481493979479e-05
Controller_PC,all,14722.154773869335,4.10155749543689e-05
Controller_PC,all,15109.579899497476,4.0900201302655885e-05
Controller_PC,all,15497.005025125616,4.0724163894880664e-05
Controller_PC,all,15884.430150753757,4.057970914266302e-05
Controller_PC,all,16271.855276381897,4.0457575741215746e-05
Controller_PC,all,16659.280402010038,4.034894172740115e-05
Controller_PC,all,17046.705527638176,4.024896542453605e-05
Controller_PC,all,17434.13065326632,4.013750070539895e-05
Controller_PC,all,17821.555778894457,4.0023958676295344e-05
Controller_PC,all,18208.9809045226,3.9940657825525335e-05
Controller_PC,all,18596.406030150738,3.982746182571902e-05
Controller_PC,all,18983.83115577888,3.969326570693396e-05
Controller_PC,all,19371.25628140702,3.952537804521516e-05
Controller_PC,all,19758.68140703516,3.930440982631146e-05
Controller_PC,all,20146.1065326633,3.898983764702693e-05
Controller_PC,all,20533.531658291442,3.8667155649297664e-05
Controller_PC,all,20920.95678391958,3.8397309503516944e-05
Controller_PC,all,21308.381909547723,3.818372115209621e-05
Controller_PC,all,21695.80703517586,3.801179832431647e-05
Controller_PC,all,22083.232160804004,3.78577313318462e-05
Controller_PC,all,22470.657286432142,3.772022888236364e-05
Controller_PC,all,22858.082412060285,3.760283778683909e-05
Controller_PC,all,23245.507537688423,3.7518594572326285e-05
Controller_PC,all,23632.932663316566,3.753577216550136e-05
Controller_PC,all,24020.357788944704,3.752138866797031e-05
Controller_PC,all,24407.782914572846,3.7423394508457434e-05
Controller_PC,all,24795.208040200985,3.7309796678704335e-05
Controller_PC,all,25182.633165829124,3.7177951498804775e-05
Controller_PC,all,25570.058291457266,3.7006841840909575e-05
Controller_PC,all,25957.483417085405,3.686957863469009e-05
Controller_PC,all,26344.908542713547,3.676632293956809e-05
Controller_PC,all,26732.333668341686,3.6736911437104075e-05
Controller_PC,all,27119.758793969828,3.682345677082368e-05
Controller_PC,all,27507.183919597966,3.694068012576147e-05
Controller_PC,all,27894.60904522611,3.702340594835823e-05
Controller_PC,all,28282.034170854247,3.716180108066569e-05
Controller_PC,all,28669.45929648239,3.7224899901166525e-05
Controller_PC,all,29056.88442211053,3.726596427182398e-05
Controller_PC,all,29444.30954773867,3.732510879508228e-05
Controller_PC,all,29831.73467336681,3.7397157016271676e-05
Controller_PC,all,30219.15979899495,3.7379467344750975e-05
Controller_PC,all,30606.58492462309,3.7260452791009885e-05
Controller_PC,all,30994.010050251232,3.7143979892805596e-05
Controller_PC,all,31381.43517587937,3.706329508433991e-05
Controller_PC,all,31768.860301507513,3.695315198136027e-05
Controller_PC,all,32156.285427135652,3.6837847800100814e-05
Controller_PC,all,32543.710552763794,3.6733057252940956e-05
Controller_PC,all,32931.13567839193,3.657126306065482e-05
Controller_PC,all,33318.560804020075,3.643197873236498e-05
Controller_PC,all,33705.98592964822,3.6364792718384424e-05
Controller_PC,all,34093.41105527635,3.6280880601998505e-05
Controller_PC,all,34480.836180904495,3.6186919194228635e-05
Controller_PC,all,34868.26130653264,3.609869763334846e-05
Controller_PC,all,35255.68643216078,3.6077583525456145e-05
Controller_PC,all,35643.111557788914,3.6043631073366904e-05
Controller_PC,all,36030.536683417056,3.6049114503422314e-05
Controller_PC,all,36417.9618090452,3.6057818528487235e-05
Controller_PC,all,36805.38693467334,3.605928414336004e-05
Controller_PC,all,37192.812060301476,3.61421507939547e-05
Controller_PC,all,37580.23718592962,3.6218863420055557e-05
Controller_PC,all,37967.66231155776,3.631127630339887e-05
Controller_PC,all,38355.087437185895,3.642531076206537e-05
Controller_PC,all,38742.51256281404,3.650099368180579e-05
Controller_PC,all,39129.93768844218,3.656489866125652e-05
Controller_PC,all,39517.36281407032,3.659433406209207e-05
Controller_PC,all,39904.78793969846,3.6534509027447464e-05
Controller_PC,all,40292.2130653266,3.640203932953116e-05
Controller_PC,all,40679.63819095474,3.617878969858038e-05
Controller_PC,all,41067.063316582884,3.587827373710258e-05
Controller_PC,all,41454.48844221102,3.562332793894713e-05
Controller_PC,all,41841.91356783916,3.5389075495926706e-05
Controller_PC,all,42229.3386934673,3.521316831403901e-05
Controller_PC,all,42616.763819095446,3.513143916692182e-05
Controller_PC,all,43004.18894472358,3.5102492042654014e-05
Controller_PC,all,43391.61407035172,3.523634365692058e-05
Controller_PC,all,43779.039195979865,3.5503623496184724e-05
Controller_PC,all,44166.46432160801,3.570518104756269e-05
Controller_PC,all,44553.88944723614,3.587375561893351e-05
Controller_PC,all,44941.314572864285,3.611441747693071e-05
Controller_PC,all,45328.73969849243,3.6411770827234115e-05
Controller_PC,all,45716.16482412057,3.662839537897688e-05
Controller_PC,all,46103.589949748704,3.67598657681153e-05
Controller_PC,all,46491.01507537685,3.692078444724689e-05
Controller_PC,all,46878.44020100499,3.7198893259115545e-05
Controller_PC,all,47265.86532663313,3.745984924535425e-05
Controller_PC,all,47653.290452261266,3.771413964805611e-05
Controller_PC,all,48040.71557788941,3.802640220306911e-05
Controller_PC,all,48428.14070351755,3.8212448922414555e-05
Controller_PC,all,48815.56582914569,3.8383900902962245e-05
Controller_PC,all,49202.99095477383,3.8668146407174094e-05
Controller_PC,all,49590.41608040197,3.904406510734111e-05
Controller_PC,all,49977.84120603011,3.945099711003542e-05
Controller_PC,all,50365.26633165825,3.988506949711042e-05
Controller_PC,all,50752.69145728639,4.035360694370122e-05
Controller_PC,all,51140.11658291453,4.1013569541845755e-05
Controller_PC,all,51527.541708542674,4.185181849387049e-05
Controller_PC,all,51914.96683417081,4.258468202749573e-05
Controller_PC,all,52302.39195979895,4.329858571165872e-05
Controller_PC,all,52689.817085427094,4.3949612591280825e-05
Controller_PC,all,53077.242211055236,4.446187734382256e-05
Controller_PC,all,53464.66733668337,4.488484467611853e-05
Controller_PC,all,53852.09246231151,4.5321804519263934e-05
Controller_PC,all,54239.517587939656,4.5733347859753126e-05
Controller_PC,all,54626.9427135678,4.607463860993162e-05
Controller_PC,all,55014.36783919593,4.633721747066142e-05
Controller_PC,all,55401.792964824075,4.649542458143602e-05
Controller_PC,all,55789.21809045222,4.646950889491686e-05
Controller_PC,all,56176.64321608036,4.62293193680177e-05
Controller_PC,all,56564.068341708495,4.586775129554171e-05
Controller_PC,all,56951.49346733664,4.544749559015089e-05
Controller_PC,all,57338.91859296478,4.491053463438634e-05
Controller_PC,all,57726.34371859292,4.438194841617637e-05
Controller_PC,all,58113.76884422106,4.388141540807553e-05
Controller_PC,all,58501.1939698492,4.33220974251319e-05
Controller_PC,all,58888.61909547734,4.268957236446235e-05
Controller_PC,all,59276.04422110548,4.197212252955721e-05
Controller_PC,all,59663.46934673362,4.1185467241536965e-05
Controller_PC,all,60050.89447236176,4.034068636963734e-05
Controller_PC,all,60438.3195979899,3.958034883401389e-05
Controller_PC,all,60825.744723618045,3.886766600732546e-05
Controller_PC,all,61213.16984924618,3.811350772428588e-05
Controller_PC,all,61600.59497487432,3.7214964670019795e-05
Controller_PC,all,61988.020100502465,3.6242824679187565e-05
Controller_PC,all,62375.4452261306,3.534013220065135e-05
Controller_PC,all,62762.87035175874,3.444436316712265e-05
Controller_PC,all,63150.295477386884,3.3541590887946445e-05
Controller_PC,all,63537.72060301503,3.256695028023548e-05
Controller_PC,all,63925.14572864316,3.159326564761297e-05
Controller_PC,all,64312.570854271304,3.064529844823425e-05
Controller_PC,all,64699.995979899446,2.9777927829858977e-05
Controller_PC,all,65087.42110552759,2.896811572743261e-05
Controller_PC,all,65474.84623115572,2.826681266468394e-05
Controller_PC,all,65862.27135678387,2.7635183026874275e-05
Controller_PC,all,66249.69648241201,2.708793899324311e-05
Controller_PC,all,66637.12160804015,2.6601928916767632e-05
Controller_PC,all,67024.54673366829,2.633937793050853e-05
Controller_PC,all,67411.97185929643,2.613840714079346e-05
Controller_PC,all,67799.39698492456,2.5973586371078944e-05
Controller_PC,all,68186.8221105527,2.5806300464544968e-05
Controller_PC,all,68574.24723618085,2.569824119280791e-05
Controller_PC,all,68961.67236180899,2.5656059428517642e-05
Controller_PC,all,69349.09748743713,2.577307506957806e-05
Controller_PC,all,69736.52261306527,2.6033602397017688e-05
Controller_PC,all,70123.94773869342,2.642711182916365e-05
Controller_PC,all,70511.37286432156,2.6921064116404394e-05
Controller_PC,all,70898.79798994969,2.7467042323490856e-05
Controller_PC,all,71286.22311557783,2.8010813648224802e-05
Controller_PC,all,71673.64824120597,2.8533641616475874e-05
Controller_PC,all,72061.07336683411,2.8983000581528237e-05
Controller_PC,all,72448.49849246225,2.935230896449783e-05
Controller_PC,all,72835.9236180904,2.985565960553511e-05
Controller_PC,all,73223.34874371854,3.0484594710513537e-05
Controller_PC,all,73610.77386934668,3.122555836648454e-05
Controller_PC,all,73998.19899497481,3.1840831733815976e-05
Controller_PC,all,74385.62412060295,3.24193359426659e-05
Controller_PC,all,74773.0492462311,3.289613902811566e-05
Controller_PC,all,75160.47437185924,3.317272850214067e-05
Controller_PC,all,75547.89949748738,3.3369574087516734e-05
Controller_PC,all,75935.32462311552,3.3521238812787043e-05
Controller_PC,all,76322.74974874366,3.365807980948008e-05
Controller_PC,all,76710.17487437179,3.384970381226358e-05
Controller_PC,all,77097.59999999993,3.413475530503019e-05
Control_Software,all,0.0,9.143208617276893e-06
Control_Software,all,691.5726633165829,9.747581406339219e-06
Control_Software,all,1383.1453266331657,1.0331935674345078e-05
Control_Software,all,2074.7179899497487,1.0908853577524219e-05
Control_Software,all,2766.2906532663314,1.144808693877611e-05
Control_Software,all,3457.863316582914,1.1941993565897624e-05
Control_Software,all,4149.435979899497,1.2386017887904587e-05
Control_Software,all,4841.00864321608,1.2787180111061453e-05
Control_Software,all,5532.581306532663,1.31838445164443e-05
Control_Software,all,6224.153969849246,1.3551364686666891e-05
Control_Software,all,6915.726633165828,1.3860446591291213e-05
Control_Software,all,7607.299296482412,1.4145493878127935e-05
Control_Software,all,8298.871959798995,1.4388556959483157e-05
Control_Software,all,8990.444623115578,1.458074507782416e-05
Control_Software,all,9682.01728643216,1.469936631504995e-05
Control_Software,all,10373.589949748743,1.4749506920476252e-05
Control_Software,all,11065.162613065326,1.4775191244298851e-05
Control_Software,all,11756.735276381909,1.4739128305921865e-05
Control_Software,all,12448.307939698492,1.465630116153315e-05
Control_Software,all,13139.880603015074,1.4497803996614404e-05
Control_Software,all,13831.453266331657,1.4257832133465984e-05
Control_Software,all,14523.02592964824,1.3977647508174359e-05
Control_Software,all,15214.598592964823,1.3711566529317575e-05
Control_Software,all,15906.171256281406,1.3468480281125175e-05
Control_Software,all,16597.74391959799,1.3305644169707712e-05
Control_Software,all,17289.316582914573,1.3160362740459558e-05
Control_Software,all,17980.889246231156,1.3016903177861815e-05
Control_Software,all,18672.461909547736,1.2878893721748101e-05
Control_Software,all,19364.03457286432,1.2785792029292737e-05
Control_Software,all,20055.607236180902,1.2672114851813828e-05
Control_Software,all,20747.179899497485,1.2558920705374143e-05
Control_Software,all,21438.75256281407,1.2441775062804718e-05
Control_Software,all,22130.32522613065,1.2336314812042678e-05
Control_Software,all,22821.897889447235,1.2304297931510767e-05
Control_Software,all,23513.470552763818,1.228171092845514e-05
Control_Software,all,24205.0432160804,1.2245242098821146e-05
Control_Software,all,24896.615879396984,1.2183948976453552e-05
Control_Software,all,25588.188542713568,1.2158781282879486e-05
Control_Software,all,26279.761206030147,1.214834701107909e-05
Control_Software,all,26971.33386934673,1.2175909818193577e-05
Control_Software,all,27662.906532663314,1.2146025600691252e-05
Control_Software,all,28354.479195979897,1.2063425023608921e-05
Control_Software,all,29046.05185929648,1.1970166669810214e-05
Control_Software,all,29737.624522613063,1.186795469829111e-05
Control_Software,all,30429.197185929646,1.1721234781658762e-05
Control_Software,all,31120.76984924623,1.1544379698919052e-05
Control_Software,all,31812.342512562813,1.135637563636189e-05
Control_Software,all,32503.915175879396,1.1160986871479415e-05
Control_Software,all,33195.48783919598,1.0994454709074244e-05
Control_Software,all,33887.06050251256,1.0822212588979907e-05
Control_Software,all,34578.633165829146,1.0613628417822555e-05
Control_Software,all,35270.20582914573,1.043377654628197e-05
Control_Software,all,35961.77849246231,1.02949344620485e-05
Control_Software,all,36653.351155778895,1.0192856024356697e-05
Control_Software,all,37344.92381909547,1.0085364256649114e-05
Control_Software,all,38036.496482412054,9.95710961199493e-06
Control_Software,all,38728.06914572864,9.828290962360647e-06
Control_Software,all,39419.64180904522,9.694960256788377e-06
Control_Software,all,40111.214472361804,9.573474350653039e-06
Control_Software,all,40802.78713567839,9.455250985271984e-06
Control_Software,all,41494.35979899497,9.364486564745468e-06
Control_Software,all,42185.93246231155,9.315626469915938e-06
Control_Software,all,42877.50512562814,9.300520060712603e-06
Control_Software,all,43569.07778894472,9.325309581961925e-06
Control_Software,all,44260.6504522613,9.383459397736435e-06
Control_Software,all,44952.223115577886,9.482692943680246e-06
Control_Software,all,45643.79577889447,9.582624788194518e-06
Control_Software,all,46335.36844221105,9.701806371603389e-06
Control_Software,all,47026.941105527636,9.832717123818426e-06
Control_Software,all,47718.51376884422,9.931730001931774e-06
Control_Software,all,48410.0864321608,9.992089891051263e-06
Control_Software,all,49101.659095477386,1.0034652107211089e-05
Control_Software,all,49793.23175879397,1.0094538889698226e-05
Control_Software,all,50484.80442211055,1.0193418344906358e-05
Control_Software,all,51176.377085427135,1.0259603605914037e-05
Control_Software,all,51867.94974874371,1.0294790937784346e-05
Control_Software,all,52559.522412060294,1.0341782122380563e-05
Control_Software,all,53251.09507537688,1.0423112022441565e-05
Control_Software,all,53942.66773869346,1.0488430342869213e-05
Control_Software,all,54634.240402010044,1.0532693817854084e-05
Control_Software,all,55325.81306532663,1.0540375290780165e-05
Control_Software,all,56017.38572864321,1.0528987974359663e-05
Control_Software,all,56708.95839195979,1.0487862636276646e-05
Control_Software,all,57400.53105527638,1.040157617203368e-05
Control_Software,all,58092.10371859296,1.0279420648670704e-05
Control_Software,all,58783.67638190954,1.0118818301304776e-05
Control_Software,all,59475.249045226126,9.959993032724122e-06
Control_Software,all,60166.82170854271,9.7890498306796e-06
Control_Software,all,60858.39437185929,9.626188517019292e-06
Control_Software,all,61549.967035175876,9.477173623844076e-06
Control_Software,all,62241.53969849246,9.32226252853247e-06
Control_Software,all,62933.11236180904,9.163700946756047e-06
Control_Software,all,63624.685025125626,9.025569805824124e-06
Control_Software,all,64316.25768844221,8.895729220660651e-06
Control_Software,all,65007.83035175879,8.752436392215184e-06
Control_Software,all,65699.40301507537,8.6030024336069e-06
Control_Software,all,66390.97567839196,8.43595967946143e-06
Control_Software,all,67082.54834170853,8.25744573171835e-06
Control_Software,all,67774.12100502512,8.064517638050306e-06
Control_Software,all,68465.6936683417,7.872874304688775e-06
Control_Software,all,69157.26633165829,7.730722638285232e-06
Control_Software,all,69848.83899497487,7.647951898174568e-06
Control_Software,all,70540.41165829146,7.5514570763625235e-06
Control_Software,all,71231.98432160803,7.465108118250236e-06
Control_Software,all,71923.55698492462,7.417853453148434e-06
Control_Software,all,72615.1296482412,7.415496861119548e-06
Control_Software,all,73306.70231155779,7.456814021790067e-06
Control_Software,all,73998.27497487437,7.535489314089537e-06
Control_Software,all,74689.84763819094,7.619836051622204e-06
Control_Software,all,75381.42030150753,7.660434934689605e-06
Control_Software,all,76072.99296482411,7.678903323087904e-06
Control_Software,all,76764.5656281407,7.698634479293201e-06
Control_Software,all,77456.13829145728,7.70754762865651e-06
Control_Software,all,78147.71095477387,7.713473468999598e-06
Control_Software,all,78839.28361809044,7.695846710421032e-06
Control_Software,all,79530.85628140703,7.679266130104508e-06
Control_Software,all,80222.42894472361,7.709253973306636e-06
Control_Software,all,80914.0016080402,7.725361158290272e-06
Control_Software,all,81605.57427135677,7.755082498303978e-06
Control_Software,all,82297.14693467336,7.767769567879832e-06
Control_Software,all,82988.71959798994,7.784837700535475e-06
Control_Software,all,83680.29226130653,7.81092275892785e-06
Control_Software,all,84371.8649246231,7.81721407681538e-06
Control_Software,all,85063.4375879397,7.808533445333098e-06
Control_Software,all,85755.01025125627,7.808364506890441e-06
Control_Software,all,86446.58291457286,7.83423040508979e-06
Control_Software,all,87138.15557788944,7.870402026318217e-06
Control_Software,all,87829.72824120603,7.946810117018907e-06
Control_Software,all,88521.3009045226,8.01511300639329e-06
Control_Software,all,89212.87356783918,8.105551550122243e-06
Control_Software,all,89904.44623115577,8.207512639999496e-06
Control_Software,all,90596.01889447235,8.29850196135653e-06
Control_Software,all,91287.59155778894,8.359110709988671e-06
Control_Software,all,91979.16422110552,8.370043999717458e-06
Control_Software,all,92670.7368844221,8.383706787340727e-06
Control_Software,all,93362.30954773868,8.420951190428367e-06
Control_Software,all,94053.88221105527,8.48614307381411e-06
Control_Software,all,94745.45487437185,8.534454555780211e-06
Control_Software,all,95437.02753768844,8.52452757239319e-06
Control_Software,all,96128.60020100501,8.508576206985783e-06
Control_Software,all,96820.1728643216,8.488222861492379e-06
Control_Software,all,97511.74552763818,8.52594356984471e-06
Control_Software,all,98203.31819095477,8.521397386797698e-06
Control_Software,all,98894.89085427135,8.484341086469292e-06
Control_Software,all,99586.46351758794,8.460660683445768e-06
Control_Software,all,100278.03618090451,8.443913404910674e-06
Control_Software,all,100969.6088442211,8.412781358300249e-06
Control_Software,all,101661.18150753768,8.416202765847627e-06
Control_Software,all,102352.75417085427,8.444413268843023e-06
Control_Software,all,103044.32683417085,8.464078712601279e-06
Control_Software,all,103735.89949748742,8.464380052246444e-06
Control_Software,all,104427.47216080401,8.468844826792585e-06
Control_Software,all,105119.04482412059,8.484601106509734e-06
Control_Software,all,105810.61748743718,8.504818033860194e-06
Control_Software,all,106502.19015075376,8.484649590345802e-06
Control_Software,all,107193.76281407035,8.488835367844711e-06
Control_Software,all,107885.33547738692,8.493824231072755e-06
Control_Software,all,108576.90814070351,8.516091918405155e-06
Control_Software,all,109268.48080402009,8.555823339586401e-06
Control_Software,all,109960.05346733668,8.588357704519796e-06
Control_Software,all,110651.62613065325,8.591509658541442e-06
Control_Software,all,111343.19879396984,8.547880547587429e-06
Control_Software,all,112034.77145728642,8.477208939471853e-06
Control_Software,all,112726.34412060301,8.406187440204295e-06
Control_Software,all,113417.91678391959,8.335525993862856e-06
Control_Software,all,114109.48944723618,8.271552977090734e-06
Control_Software,all,114801.06211055275,8.223525506289906e-06
Control_Software,all,115492.63477386934,8.19455590851411e-06
Control_Software,all,116184.20743718592,8.13682752464454e-06
Control_Software,all,116875.78010050251,8.064588013292611e-06
Control_Software,all,117567.35276381909,7.975845828795737e-06
Control_Software,all,118258.92542713566,7.83013901348853e-06
Control_Software,all,118950.49809045225,7.662736246145586e-06
Control_Software,all,119642.07075376883,7.46558446815507e-06
Control_Software,all,120333.64341708542,7.243663778330823e-06
Control_Software,all,121025.216080402,7.036835607175491e-06
Control_Software,all,121716.78874371859,6.819226033383863e-06
Control_Software,all,122408.36140703516,6.56082110283052e-06
Control_Software,all,123099.93407035175,6.2815526454260315e-06
Control_Software,all,123791.50673366833,5.986862191108801e-06
Control_Software,all,124483.07939698492,5.683979825796826e-06
Control_Software,all,125174.6520603015,5.381097460484857e-06
Control_Software,all,125866.22472361808,5.078215095172881e-06
Control_Software,all,126557.79738693466,4.771255946116576e-06
Control_Software,all,127249.37005025125,4.483504350913077e-06
Control_Software,all,127940.94271356783,4.3709959201015395e-06
Control_Software,all,128632.51537688442,4.310619047149658e-06
Control_Software,all,129324.088040201,4.280478289081016e-06
Control_Software,all,130015.66070351758,4.270486679044052e-06
Control_Software,all,130707.23336683416,4.260495069007089e-06
Control_Software,all,131398.80603015074,4.254137985117315e-06
Control_Software,all,132090.37869346733,4.259983710274756e-06
Control_Software,all,132781.95135678392,4.252481848275396e-06
Control_Software,all,133473.52402010048,4.243147214403168e-06
Control_Software,all,134165.09668341707,4.222053059320069e-06
Control_Software,all,134856.66934673366,4.192364550098929e-06
Control_Software,all,135548.24201005025,4.148187747378728e-06
Control_Software,all,136239.8146733668,4.18280648794658e-06
Control_Software,all,136931.3873366834,4.4311700293891875e-06
Control_Software,all,137622.96,4.9675945599191705e-06
