cid,pos,renewal,event,op_h
P01CV01,BRG_001,0,1,62892.0
P01CV01,BRG_001,1,1,76176.0
P01CV01,BRG_001,2,0,29448.0
P01CV01,BRG_002,0,1,39168.0
P01CV01,BRG_002,1,1,67524.0
P01CV01,BRG_002,2,1,53628.0
P01CV01,BRG_002,3,0,8196.0
P01CV01,BRG_003,0,1,31380.0
P01CV01,BRG_003,1,1,62316.0
P01CV01,BRG_003,2,1,51468.0
P01CV01,BRG_003,3,0,23352.0
P01CV01,BRG_004,0,1,65148.0
P01CV01,BRG_004,1,1,42504.0
P01CV01,BRG_004,2,1,29424.0
P01CV01,BRG_004,3,0,31440.0
P01CV01,BRG_005,0,1,13692.0
P01CV01,BRG_005,1,1,34464.0
P01CV01,BRG_005,2,1,48228.0
P01CV01,BRG_005,3,1,20076.0
P01CV01,BRG_005,4,1,34176.0
P01CV01,BRG_005,5,0,17880.0
P01CV01,BRG_006,0,1,49308.0
P01CV01,BRG_006,1,1,43524.0
P01CV01,BRG_006,2,1,48600.0
P01CV01,BRG_006,3,0,27084.0
P01CV01,BRG_007,0,1,42072.0
P01CV01,BRG_007,1,1,35256.0
P01CV01,BRG_007,2,1,49044.0
P01CV01,BRG_007,3,1,21216.0
P01CV01,BRG_007,4,0,20928.0
P01CV01,BRG_008,0,1,37764.0
P01CV01,BRG_008,1,1,51240.0
P01CV01,BRG_008,2,1,42612.0
P01CV01,BRG_008,3,1,33408.0
P01CV01,BRG_008,4,0,3492.0
P01CV01,BRG_009,0,1,41496.0
P01CV01,BRG_009,1,1,37020.0
P01CV01,BRG_009,2,1,43752.0
P01CV01,BRG_009,3,0,46248.0
P01CV01,BRG_010,0,1,37848.0
P01CV01,BRG_010,1,1,38256.0
P01CV01,BRG_010,2,1,32256.0
P01CV01,BRG_010,3,1,25476.0
P01CV01,BRG_010,4,0,34680.0
P01CV01,BRG_011,0,1,47412.0
P01CV01,BRG_011,1,1,39960.0
P01CV01,BRG_011,2,1,6168.0
P01CV01,BRG_011,3,1,55860.0
P01CV01,BRG_011,4,1,15324.0
P01CV01,BRG_011,5,0,3792.0
P01CV01,BRG_012,0,1,46260.0
P01CV01,BRG_012,1,1,72576.0
P01CV01,BRG_012,2,1,47208.0
P01CV01,BRG_012,3,0,2472.0
P01CV01,BRG_013,0,1,41964.0
P01CV01,BRG_013,1,1,48540.0
P01CV01,BRG_013,2,1,18540.0
P01CV01,BRG_013,3,0,59472.0
P01CV01,BRG_014,0,1,54288.0
P01CV01,BRG_014,1,1,30768.0
P01CV01,BRG_014,2,1,26052.0
P01CV01,BRG_014,3,1,39564.0
P01CV01,BRG_014,4,0,17844.0
P01CV01,BRG_015,0,1,47496.0
P01CV01,BRG_015,1,1,69912.0
P01CV01,BRG_015,2,1,37464.0
P01CV01,BRG_015,3,0,13644.0
P01CV01,BRG_016,0,1,37344.0
P01CV01,BRG_016,1,1,57612.0
P01CV01,BRG_016,2,1,43140.0
P01CV01,BRG_016,3,1,20988.0
P01CV01,BRG_016,4,0,9432.0
P01CV01,BRG_017,0,1,45816.0
P01CV01,BRG_017,1,1,33480.0
P01CV01,BRG_017,2,1,27624.0
P01CV01,BRG_017,3,1,30312.0
P01CV01,BRG_017,4,1,22080.0
P01CV01,BRG_017,5,0,9204.0
P01CV01,BRG_018,0,1,52464.0
P01CV01,BRG_018,1,1,52356.0
P01CV01,BRG_018,2,1,51432.0
P01CV01,BRG_018,3,0,12264.0
P01CV01,BRG_019,0,1,38052.0
P01CV01,BRG_019,1,1,34488.0
P01CV01,BRG_019,2,1,30096.0
P01CV01,BRG_019,3,1,49440.0
P01CV01,BRG_019,4,0,16440.0
P01CV01,BRG_020,0,1,59928.0
P01CV01,BRG_020,1,1,43728.0
P01CV01,BRG_020,2,1,28452.0
P01CV01,BRG_020,3,1,14100.0
P01CV01,BRG_020,4,0,22308.0
P01CV01,BRG_021,0,1,23436.0
P01CV01,BRG_021,1,1,30624.0
P01CV01,BRG_021,2,1,64032.0
P01CV01,BRG_021,3,0,50424.0
P01CV01,BRG_022,0,1,59400.0
P01CV01,BRG_022,1,1,52800.0
P01CV01,BRG_022,2,1,52608.0
P01CV01,BRG_022,3,0,3708.0
P01CV01,BRG_023,0,1,54852.0
P01CV01,BRG_023,1,1,50376.0
P01CV01,BRG_023,2,1,51336.0
P01CV01,BRG_023,3,0,11952.0
P01CV01,BRG_024,0,1,49920.0
P01CV01,BRG_024,1,1,36324.0
P01CV01,BRG_024,2,1,43284.0
P01CV01,BRG_024,3,1,37812.0
P01CV01,BRG_024,4,0,1176.0
P01CV01,BRG_025,0,1,58140.0
P01CV01,BRG_025,1,1,63108.0
P01CV01,BRG_025,2,0,47268.0
P01CV01,BRG_026,0,1,30840.0
P01CV01,BRG_026,1,1,49512.0
P01CV01,BRG_026,2,1,56892.0
P01CV01,BRG_026,3,0,31272.0
P01CV01,BRG_027,0,1,26844.0
P01CV01,BRG_027,1,1,17832.0
P01CV01,BRG_027,2,1,57732.0
P01CV01,BRG_027,3,1,23160.0
P01CV01,BRG_027,4,1,41064.0
P01CV01,BRG_027,5,0,1884.0
P01CV01,BRG_028,0,1,35112.0
P01CV01,BRG_028,1,1,18528.0
P01CV01,BRG_028,2,1,32448.0
P01CV01,BRG_028,3,1,19632.0
P01CV01,BRG_028,4,0,62796.0
P01CV01,BRG_029,0,1,48864.0
P01CV01,BRG_029,1,1,36084.0
P01CV01,BRG_029,2,1,13848.0
P01CV01,BRG_029,3,1,26424.0
P01CV01,BRG_029,4,1,13620.0
P01CV01,BRG_029,5,0,29676.0
P01CV01,BRG_030,0,1,40248.0
P01CV01,BRG_030,1,1,25728.0
P01CV01,BRG_030,2,1,32928.0
P01CV01,BRG_030,3,1,39684.0
P01CV01,BRG_030,4,0,29928.0
P01CV01,BRG_031,0,1,40596.0
P01CV01,BRG_031,1,1,35784.0
P01CV01,BRG_031,2,1,41820.0
P01CV01,BRG_031,3,1,38184.0
P01CV01,BRG_031,4,1,8628.0
P01CV01,BRG_031,5,0,3504.0
P01CV01,BRG_032,0,1,64752.0
P01CV01,BRG_032,1,1,21744.0
P01CV01,BRG_032,2,1,46344.0
P01CV01,BRG_032,3,0,35676.0
P01CV02,BRG_001,0,1,25704.0
P01CV02,BRG_001,1,1,28884.0
P01CV02,BRG_001,2,1,52452.0
P01CV02,BRG_001,3,1,18792.0
P01CV02,BRG_001,4,1,27456.0
P01CV02,BRG_001,5,0,14580.0
P01CV02,BRG_002,0,1,21000.0
P01CV02,BRG_002,1,1,32892.0
P01CV02,BRG_002,2,1,24384.0
P01CV02,BRG_002,3,1,54252.0
P01CV02,BRG_002,4,0,35340.0
P01CV02,BRG_003,0,1,48720.0
P01CV02,BRG_003,1,1,21360.0
P01CV02,BRG_003,2,1,39384.0
P01CV02,BRG_003,3,1,56256.0
P01CV02,BRG_003,4,0,2148.0
P01CV02,BRG_004,0,1,14904.0
P01CV02,BRG_004,1,1,33348.0
P01CV02,BRG_004,2,1,39648.0
P01CV02,BRG_004,3,1,23604.0
P01CV02,BRG_004,4,1,42636.0
P01CV02,BRG_004,5,0,13728.0
P01CV02,BRG_005,0,1,74832.0
P01CV02,BRG_005,1,1,36204.0
P01CV02,BRG_005,2,1,38244.0
P01CV02,BRG_005,3,0,18588.0
P01CV02,BRG_006,0,1,47136.0
P01CV02,BRG_006,1,1,26988.0
P01CV02,BRG_006,2,1,49596.0
P01CV02,BRG_006,3,1,38304.0
P01CV02,BRG_006,4,0,5844.0
P01CV02,BRG_007,0,1,28992.0
P01CV02,BRG_007,1,1,29808.0
P01CV02,BRG_007,2,1,50964.0
P01CV02,BRG_007,3,1,25212.0
P01CV02,BRG_007,4,0,32892.0
P01CV02,BRG_008,0,1,39852.0
P01CV02,BRG_008,1,1,59340.0
P01CV02,BRG_008,2,1,16692.0
P01CV02,BRG_008,3,1,30636.0
P01CV02,BRG_008,4,0,21348.0
P01CV02,BRG_009,0,1,34392.0
P01CV02,BRG_009,1,1,21636.0
P01CV02,BRG_009,2,1,38124.0
P01CV02,BRG_009,3,1,27444.0
P01CV02,BRG_009,4,1,35028.0
P01CV02,BRG_009,5,0,11244.0
P01CV02,BRG_010,0,1,34092.0
P01CV02,BRG_010,1,1,45012.0
P01CV02,BRG_010,2,1,9516.0
P01CV02,BRG_010,3,1,60840.0
P01CV02,BRG_010,4,1,14016.0
P01CV02,BRG_010,5,0,4392.0
P01CV02,BRG_011,0,1,40344.0
P01CV02,BRG_011,1,1,19992.0
P01CV02,BRG_011,2,1,60792.0
P01CV02,BRG_011,3,0,46740.0
P01CV02,BRG_012,0,1,13308.0
P01CV02,BRG_012,1,1,51912.0
P01CV02,BRG_012,2,1,61308.0
P01CV02,BRG_012,3,0,41340.0
P01CV02,BRG_013,0,1,37128.0
P01CV02,BRG_013,1,1,36756.0
P01CV02,BRG_013,2,1,35820.0
P01CV02,BRG_013,3,1,44952.0
P01CV02,BRG_013,4,0,13212.0
P01CV02,BRG_014,0,1,31320.0
P01CV02,BRG_014,1,1,57792.0
P01CV02,BRG_014,2,1,49968.0
P01CV02,BRG_014,3,0,28788.0
P01CV02,BRG_015,0,1,34500.0
P01CV02,BRG_015,1,1,41112.0
P01CV02,BRG_015,2,1,20352.0
P01CV02,BRG_015,3,1,31896.0
P01CV02,BRG_015,4,0,40008.0
P01CV02,BRG_016,0,1,39396.0
P01CV02,BRG_016,1,1,32880.0
P01CV02,BRG_016,2,1,53568.0
P01CV02,BRG_016,3,0,42024.0
P01CV02,BRG_017,0,1,31200.0
P01CV02,BRG_017,1,1,56280.0
P01CV02,BRG_017,2,1,25536.0
P01CV02,BRG_017,3,0,54852.0
P01CV02,BRG_018,0,1,53568.0
P01CV02,BRG_018,1,1,13980.0
P01CV02,BRG_018,2,1,50292.0
P01CV02,BRG_018,3,1,44028.0
P01CV02,BRG_018,4,0,6000.0
P01CV02,BRG_019,0,1,37668.0
P01CV02,BRG_019,1,1,48036.0
P01CV02,BRG_019,2,1,8604.0
P01CV02,BRG_019,3,1,24576.0
P01CV02,BRG_019,4,1,29472.0
P01CV02,BRG_019,5,0,19512.0
P01CV02,BRG_020,0,1,36768.0
P01CV02,BRG_020,1,1,35208.0
P01CV02,BRG_020,2,1,43824.0
P01CV02,BRG_020,3,1,19788.0
P01CV02,BRG_020,4,0,32280.0
P01CV02,BRG_021,0,1,38496.0
P01CV02,BRG_021,1,1,57600.0
P01CV02,BRG_021,2,1,34320.0
P01CV02,BRG_021,3,0,37452.0
P01CV02,BRG_022,0,1,28572.0
P01CV02,BRG_022,1,1,51792.0
P01CV02,BRG_022,2,1,65112.0
P01CV02,BRG_022,3,1,18996.0
P01CV02,BRG_022,4,0,3396.0
P01CV02,BRG_023,0,1,50664.0
P01CV02,BRG_023,1,1,13968.0
P01CV02,BRG_023,2,1,47220.0
P01CV02,BRG_023,3,1,54024.0
P01CV02,BRG_023,4,0,1992.0
P01CV02,BRG_024,0,1,31284.0
P01CV02,BRG_024,1,1,29256.0
P01CV02,BRG_024,2,1,33996.0
P01CV02,BRG_024,3,1,49212.0
P01CV02,BRG_024,4,0,24120.0
P01CV02,BRG_025,0,1,51444.0
P01CV02,BRG_025,1,1,33936.0
P01CV02,BRG_025,2,1,40224.0
P01CV02,BRG_025,3,1,41124.0
P01CV02,BRG_025,4,0,1140.0
P01CV02,BRG_026,0,1,17508.0
P01CV02,BRG_026,1,1,18180.0
P01CV02,BRG_026,2,1,38352.0
P01CV02,BRG_026,3,1,31212.0
P01CV02,BRG_026,4,1,31428.0
P01CV02,BRG_026,5,1,21696.0
P01CV02,BRG_026,6,0,9492.0
P01CV02,BRG_027,0,1,31596.0
P01CV02,BRG_027,1,1,21060.0
P01CV02,BRG_027,2,1,35712.0
P01CV02,BRG_027,3,1,60168.0
P01CV02,BRG_027,4,0,19332.0
P01CV02,BRG_028,0,1,50052.0
P01CV02,BRG_028,1,1,48192.0
P01CV02,BRG_028,2,1,40392.0
P01CV02,BRG_028,3,1,26952.0
P01CV02,BRG_028,4,0,2280.0
P01CV02,BRG_029,0,1,33024.0
P01CV02,BRG_029,1,1,20172.0
P01CV02,BRG_029,2,1,51948.0
P01CV02,BRG_029,3,1,35100.0
P01CV02,BRG_029,4,0,27624.0
P01CV02,BRG_030,0,1,36180.0
P01CV02,BRG_030,1,1,23952.0
P01CV02,BRG_030,2,1,19608.0
P01CV02,BRG_030,3,1,64068.0
P01CV02,BRG_030,4,0,24060.0
P01CV02,BRG_031,0,1,37092.0
P01CV02,BRG_031,1,1,30228.0
P01CV02,BRG_031,2,1,27348.0
P01CV02,BRG_031,3,1,16140.0
P01CV02,BRG_031,4,0,57060.0
P01CV02,BRG_032,0,1,37800.0
P01CV02,BRG_032,1,1,32676.0
P01CV02,BRG_032,2,1,36816.0
P01CV02,BRG_032,3,1,50424.0
P01CV02,BRG_032,4,0,10152.0
P01CV03,BRG_001,0,1,24120.0
P01CV03,BRG_001,1,1,44976.0
P01CV03,BRG_001,2,1,41052.0
P01CV03,BRG_001,3,0,58512.0
P01CV03,BRG_002,0,1,62868.0
P01CV03,BRG_002,1,1,22752.0
P01CV03,BRG_002,2,1,56892.0
P01CV03,BRG_002,3,0,26148.0
P01CV03,BRG_003,0,1,46932.0
P01CV03,BRG_003,1,1,51156.0
P01CV03,BRG_003,2,1,50472.0
P01CV03,BRG_003,3,0,20100.0
P01CV03,BRG_004,0,1,72072.0
P01CV03,BRG_004,1,1,58572.0
P01CV03,BRG_004,2,0,38016.0
P01CV03,BRG_005,0,1,61236.0
P01CV03,BRG_005,1,1,55524.0
P01CV03,BRG_005,2,1,33528.0
P01CV03,BRG_005,3,0,18372.0
P01CV03,BRG_006,0,1,44004.0
P01CV03,BRG_006,1,1,66444.0
P01CV03,BRG_006,2,1,29640.0
P01CV03,BRG_006,3,1,21984.0
P01CV03,BRG_006,4,0,6588.0
P01CV03,BRG_007,0,1,38964.0
P01CV03,BRG_007,1,1,39432.0
P01CV03,BRG_007,2,1,76404.0
P01CV03,BRG_007,3,0,13860.0
P01CV03,BRG_008,0,1,45840.0
P01CV03,BRG_008,1,1,38952.0
P01CV03,BRG_008,2,1,46248.0
P01CV03,BRG_008,3,0,37620.0
P01CV03,BRG_009,0,1,9636.0
P01CV03,BRG_009,1,1,39468.0
P01CV03,BRG_009,2,1,35244.0
P01CV03,BRG_009,3,1,43344.0
P01CV03,BRG_009,4,1,36972.0
P01CV03,BRG_009,5,0,3996.0
P01CV03,BRG_010,0,1,45552.0
P01CV03,BRG_010,1,1,56220.0
P01CV03,BRG_010,2,1,5712.0
P01CV03,BRG_010,3,1,27384.0
P01CV03,BRG_010,4,0,33792.0
P01CV03,BRG_011,0,1,25680.0
P01CV03,BRG_011,1,1,24636.0
P01CV03,BRG_011,2,1,31860.0
P01CV03,BRG_011,3,1,50196.0
P01CV03,BRG_011,4,1,20928.0
P01CV03,BRG_011,5,0,15360.0
P01CV03,BRG_012,0,1,30564.0
P01CV03,BRG_012,1,1,56832.0
P01CV03,BRG_012,2,1,54744.0
P01CV03,BRG_012,3,0,26520.0
P01CV03,BRG_013,0,1,29244.0
P01CV03,BRG_013,1,1,46920.0
P01CV03,BRG_013,2,1,57504.0
P01CV03,BRG_013,3,0,34992.0
P01CV03,BRG_014,0,1,40512.0
P01CV03,BRG_014,1,1,61320.0
P01CV03,BRG_014,2,1,55356.0
P01CV03,BRG_014,3,0,11472.0
P01CV03,BRG_015,0,1,33936.0
P01CV03,BRG_015,1,1,54240.0
P01CV03,BRG_015,2,1,57072.0
P01CV03,BRG_015,3,0,23412.0
P01CV03,BRG_016,0,1,53160.0
P01CV03,BRG_016,1,1,47880.0
P01CV03,BRG_016,2,1,27804.0
P01CV03,BRG_016,3,0,39816.0
P01CV03,BRG_017,0,1,22020.0
P01CV03,BRG_017,1,1,53196.0
P01CV03,BRG_017,2,1,52488.0
P01CV03,BRG_017,3,1,11604.0
P01CV03,BRG_017,4,0,29352.0
P01CV03,BRG_018,0,1,55896.0
P01CV03,BRG_018,1,1,19164.0
P01CV03,BRG_018,2,1,71100.0
P01CV03,BRG_018,3,0,22500.0
P01CV03,BRG_019,0,1,50952.0
P01CV03,BRG_019,1,1,33192.0
P01CV03,BRG_019,2,1,52308.0
P01CV03,BRG_019,3,0,32208.0
P01CV03,BRG_020,0,1,39744.0
P01CV03,BRG_020,1,1,47160.0
P01CV03,BRG_020,2,1,17196.0
P01CV03,BRG_020,3,1,28788.0
P01CV03,BRG_020,4,1,26820.0
P01CV03,BRG_020,5,0,8952.0
P01CV03,BRG_021,0,1,29376.0
P01CV03,BRG_021,1,1,44460.0
P01CV03,BRG_021,2,1,31344.0
P01CV03,BRG_021,3,1,18936.0
P01CV03,BRG_021,4,0,44544.0
P01CV03,BRG_022,0,1,33552.0
P01CV03,BRG_022,1,1,39120.0
P01CV03,BRG_022,2,1,47952.0
P01CV03,BRG_022,3,0,48036.0
P01CV03,BRG_023,0,1,60156.0
P01CV03,BRG_023,1,1,40260.0
P01CV03,BRG_023,2,1,16116.0
P01CV03,BRG_023,3,1,39972.0
P01CV03,BRG_023,4,0,12156.0
P01CV03,BRG_024,0,1,33708.0
P01CV03,BRG_024,1,1,22176.0
P01CV03,BRG_024,2,1,39600.0
P01CV03,BRG_024,3,1,62316.0
P01CV03,BRG_024,4,0,10860.0
P01CV03,BRG_025,0,1,56268.0
P01CV03,BRG_025,1,1,38436.0
P01CV03,BRG_025,2,1,32544.0
P01CV03,BRG_025,3,1,29100.0
P01CV03,BRG_025,4,0,12312.0
P01CV03,BRG_026,0,1,39084.0
P01CV03,BRG_026,1,1,33504.0
P01CV03,BRG_026,2,1,52752.0
P01CV03,BRG_026,3,1,39000.0
P01CV03,BRG_026,4,0,4320.0
P01CV03,BRG_027,0,1,25020.0
P01CV03,BRG_027,1,1,28992.0
P01CV03,BRG_027,2,1,58692.0
P01CV03,BRG_027,3,0,55956.0
P01CV03,BRG_028,0,1,70008.0
P01CV03,BRG_028,1,1,20772.0
P01CV03,BRG_028,2,1,28848.0
P01CV03,BRG_028,3,1,26808.0
P01CV03,BRG_028,4,0,22224.0
P01CV03,BRG_029,0,1,23364.0
P01CV03,BRG_029,1,1,46320.0
P01CV03,BRG_029,2,1,37092.0
P01CV03,BRG_029,3,1,38172.0
P01CV03,BRG_029,4,0,23712.0
P01CV03,BRG_030,0,1,40860.0
P01CV03,BRG_030,1,1,36684.0
P01CV03,BRG_030,2,1,31224.0
P01CV03,BRG_030,3,1,52644.0
P01CV03,BRG_030,4,0,7248.0
P01CV03,BRG_031,0,1,45660.0
P01CV03,BRG_031,1,1,50028.0
P01CV03,BRG_031,2,1,69084.0
P01CV03,BRG_031,3,0,3888.0
P01CV03,BRG_032,0,1,41592.0
P01CV03,BRG_032,1,1,20616.0
P01CV03,BRG_032,2,1,42168.0
P01CV03,BRG_032,3,1,26184.0
P01CV03,BRG_032,4,0,38100.0
P01CV04,BRG_001,0,1,23544.0
P01CV04,BRG_001,1,1,36060.0
P01CV04,BRG_001,2,1,45324.0
P01CV04,BRG_001,3,1,28380.0
P01CV04,BRG_001,4,0,35100.0
P01CV04,BRG_002,0,1,27108.0
P01CV04,BRG_002,1,1,38244.0
P01CV04,BRG_002,2,1,60060.0
P01CV04,BRG_002,3,1,37164.0
P01CV04,BRG_002,4,0,5832.0
P01CV04,BRG_003,0,1,67296.0
P01CV04,BRG_003,1,1,31644.0
P01CV04,BRG_003,2,1,27552.0
P01CV04,BRG_003,3,0,41916.0
P01CV04,BRG_004,0,1,26424.0
P01CV04,BRG_004,1,1,45840.0
P01CV04,BRG_004,2,1,49656.0
P01CV04,BRG_004,3,0,46488.0
P01CV04,BRG_005,0,1,33516.0
P01CV04,BRG_005,1,1,63036.0
P01CV04,BRG_005,2,1,43308.0
P01CV04,BRG_005,3,0,28548.0
P01CV04,BRG_006,0,1,48804.0
P01CV04,BRG_006,1,1,42672.0
P01CV04,BRG_006,2,1,42588.0
P01CV04,BRG_006,3,0,34344.0
P01CV04,BRG_007,0,1,38124.0
P01CV04,BRG_007,1,1,40020.0
P01CV04,BRG_007,2,1,67872.0
P01CV04,BRG_007,3,0,22392.0
P01CV04,BRG_008,0,1,24144.0
P01CV04,BRG_008,1,1,44964.0
P01CV04,BRG_008,2,1,42348.0
P01CV04,BRG_008,3,1,17040.0
P01CV04,BRG_008,4,0,39912.0
P01CV04,BRG_009,0,1,46392.0
P01CV04,BRG_009,1,1,34020.0
P01CV04,BRG_009,2,1,49248.0
P01CV04,BRG_009,3,0,38748.0
P01CV04,BRG_010,0,1,26508.0
P01CV04,BRG_010,1,1,29940.0
P01CV04,BRG_010,2,1,47244.0
P01CV04,BRG_010,3,1,43140.0
P01CV04,BRG_010,4,0,21576.0
P01CV04,BRG_011,0,1,25176.0
P01CV04,BRG_011,1,1,42204.0
P01CV04,BRG_011,2,1,21900.0
P01CV04,BRG_011,3,1,31596.0
P01CV04,BRG_011,4,1,35928.0
P01CV04,BRG_011,5,0,11604.0
P01CV04,BRG_012,0,1,32376.0
P01CV04,BRG_012,1,1,37440.0
P01CV04,BRG_012,2,1,56328.0
P01CV04,BRG_012,3,1,34632.0
P01CV04,BRG_012,4,0,7632.0
P01CV04,BRG_013,0,1,67392.0
P01CV04,BRG_013,1,1,35232.0
P01CV04,BRG_013,2,1,52824.0
P01CV04,BRG_013,3,0,12960.0
P01CV04,BRG_014,0,1,52260.0
P01CV04,BRG_014,1,1,42780.0
P01CV04,BRG_014,2,1,18864.0
P01CV04,BRG_014,3,1,43920.0
P01CV04,BRG_014,4,0,10584.0
P01CV04,BRG_015,0,1,42768.0
P01CV04,BRG_015,1,1,52764.0
P01CV04,BRG_015,2,1,51120.0
P01CV04,BRG_015,3,0,21756.0
P01CV04,BRG_016,0,1,24852.0
P01CV04,BRG_016,1,1,36312.0
P01CV04,BRG_016,2,1,40020.0
P01CV04,BRG_016,3,1,40380.0
P01CV04,BRG_016,4,0,26844.0
P01CV04,BRG_017,0,1,39792.0
P01CV04,BRG_017,1,1,26028.0
P01CV04,BRG_017,2,1,33156.0
P01CV04,BRG_017,3,1,59148.0
P01CV04,BRG_017,4,0,10284.0
P01CV04,BRG_018,0,1,39756.0
P01CV04,BRG_018,1,1,49608.0
P01CV04,BRG_018,2,1,39348.0
P01CV04,BRG_018,3,1,36876.0
P01CV04,BRG_018,4,0,2820.0
P01CV04,BRG_019,0,1,41496.0
P01CV04,BRG_019,1,1,32064.0
P01CV04,BRG_019,2,1,36036.0
P01CV04,BRG_019,3,1,22776.0
P01CV04,BRG_019,4,1,33960.0
P01CV04,BRG_019,5,0,2076.0
P01CV04,BRG_020,0,1,61740.0
P01CV04,BRG_020,1,1,38928.0
P01CV04,BRG_020,2,1,48396.0
P01CV04,BRG_020,3,0,19344.0
P01CV04,BRG_021,0,1,54552.0
P01CV04,BRG_021,1,1,68556.0
P01CV04,BRG_021,2,0,45300.0
P01CV04,BRG_022,0,1,25596.0
P01CV04,BRG_022,1,1,21336.0
P01CV04,BRG_022,2,1,41232.0
P01CV04,BRG_022,3,1,60384.0
P01CV04,BRG_022,4,0,19860.0
P01CV04,BRG_023,0,1,41052.0
P01CV04,BRG_023,1,1,41760.0
P01CV04,BRG_023,2,1,60228.0
P01CV04,BRG_023,3,1,11244.0
P01CV04,BRG_023,4,0,14124.0
P01CV04,BRG_024,0,1,40656.0
P01CV04,BRG_024,1,1,19152.0
P01CV04,BRG_024,2,1,37212.0
P01CV04,BRG_024,3,1,31488.0
P01CV04,BRG_024,4,0,39900.0
P01CV04,BRG_025,0,1,16656.0
P01CV04,BRG_025,1,1,25092.0
P01CV04,BRG_025,2,1,50484.0
P01CV04,BRG_025,3,1,31944.0
P01CV04,BRG_025,4,1,29412.0
P01CV04,BRG_025,5,0,14820.0
P01CV04,BRG_026,0,1,36576.0
P01CV04,BRG_026,1,1,30876.0
P01CV04,BRG_026,2,1,52164.0
P01CV04,BRG_026,3,0,48792.0
P01CV04,BRG_027,0,1,36516.0
P01CV04,BRG_027,1,1,66576.0
P01CV04,BRG_027,2,1,29748.0
P01CV04,BRG_027,3,0,35568.0
P01CV04,BRG_028,0,1,26688.0
P01CV04,BRG_028,1,1,18540.0
P01CV04,BRG_028,2,1,55188.0
P01CV04,BRG_028,3,1,62580.0
P01CV04,BRG_028,4,0,5412.0
P01CV04,BRG_029,0,1,43644.0
P01CV04,BRG_029,1,1,27480.0
P01CV04,BRG_029,2,1,32556.0
P01CV04,BRG_029,3,1,62064.0
P01CV04,BRG_029,4,0,2664.0
P01CV04,BRG_030,0,1,39072.0
P01CV04,BRG_030,1,1,58368.0
P01CV04,BRG_030,2,1,43344.0
P01CV04,BRG_030,3,1,22368.0
P01CV04,BRG_030,4,0,5256.0
P01CV04,BRG_031,0,1,74820.0
P01CV04,BRG_031,1,1,36912.0
P01CV04,BRG_031,2,1,26412.0
P01CV04,BRG_031,3,0,30264.0
P01CV04,BRG_032,0,1,31788.0
P01CV04,BRG_032,1,1,62640.0
P01CV04,BRG_032,2,1,14340.0
P01CV04,BRG_032,3,1,50400.0
P01CV04,BRG_032,4,0,9240.0
P01CV05,BRG_001,0,1,45384.0
P01CV05,BRG_001,1,1,26064.0
P01CV05,BRG_001,2,1,34344.0
P01CV05,BRG_001,3,1,8352.0
P01CV05,BRG_001,4,0,54084.0
P01CV05,BRG_002,0,1,55812.0
P01CV05,BRG_002,1,1,31824.0
P01CV05,BRG_002,2,1,36048.0
P01CV05,BRG_002,3,1,25320.0
P01CV05,BRG_002,4,0,19224.0
P01CV05,BRG_003,0,1,57120.0
P01CV05,BRG_003,1,1,31980.0
P01CV05,BRG_003,2,1,53388.0
P01CV05,BRG_003,3,0,25740.0
P01CV05,BRG_004,0,1,37884.0
P01CV05,BRG_004,1,1,42036.0
P01CV05,BRG_004,2,1,18768.0
P01CV05,BRG_004,3,1,43020.0
P01CV05,BRG_004,4,0,26520.0
P01CV05,BRG_005,0,1,40788.0
P01CV05,BRG_005,1,1,41520.0
P01CV05,BRG_005,2,1,43356.0
P01CV05,BRG_005,3,1,42132.0
P01CV05,BRG_005,4,0,432.0
P01CV05,BRG_006,0,1,50568.0
P01CV05,BRG_006,1,1,68412.0
P01CV05,BRG_006,2,1,43296.0
P01CV05,BRG_006,3,0,5952.0
P01CV05,BRG_007,0,1,51612.0
P01CV05,BRG_007,1,1,37800.0
P01CV05,BRG_007,2,1,56604.0
P01CV05,BRG_007,3,0,22212.0
P01CV05,BRG_008,0,1,25296.0
P01CV05,BRG_008,1,1,61236.0
P01CV05,BRG_008,2,1,43224.0
P01CV05,BRG_008,3,0,38472.0
P01CV05,BRG_009,0,1,34872.0
P01CV05,BRG_009,1,1,38292.0
P01CV05,BRG_009,2,1,44316.0
P01CV05,BRG_009,3,1,34200.0
P01CV05,BRG_009,4,0,16548.0
P01CV05,BRG_010,0,1,60024.0
P01CV05,BRG_010,1,1,30648.0
P01CV05,BRG_010,2,1,37152.0
P01CV05,BRG_010,3,0,40404.0
P01CV05,BRG_011,0,1,43260.0
P01CV05,BRG_011,1,1,52200.0
P01CV05,BRG_011,2,1,58104.0
P01CV05,BRG_011,3,0,14664.0
P01CV05,BRG_012,0,1,14160.0
P01CV05,BRG_012,1,1,34776.0
P01CV05,BRG_012,2,1,59256.0
P01CV05,BRG_012,3,1,26172.0
P01CV05,BRG_012,4,1,32268.0
P01CV05,BRG_012,5,0,1596.0
P01CV05,BRG_013,0,1,41424.0
P01CV05,BRG_013,1,1,37704.0
P01CV05,BRG_013,2,1,33168.0
P01CV05,BRG_013,3,1,22224.0
P01CV05,BRG_013,4,1,14736.0
P01CV05,BRG_013,5,1,8508.0
P01CV05,BRG_013,6,0,10464.0
P01CV05,BRG_014,0,1,28608.0
P01CV05,BRG_014,1,1,30480.0
P01CV05,BRG_014,2,1,27576.0
P01CV05,BRG_014,3,1,25140.0
P01CV05,BRG_014,4,1,29028.0
P01CV05,BRG_014,5,0,27396.0
P01CV05,BRG_015,0,1,26076.0
P01CV05,BRG_015,1,1,70860.0
P01CV05,BRG_015,2,1,38700.0
P01CV05,BRG_015,3,0,32592.0
P01CV05,BRG_016,0,1,43596.0
P01CV05,BRG_016,1,1,23964.0
P01CV05,BRG_016,2,1,54744.0
P01CV05,BRG_016,3,1,36864.0
P01CV05,BRG_016,4,0,9060.0
P01CV05,BRG_017,0,1,50316.0
P01CV05,BRG_017,1,1,26244.0
P01CV05,BRG_017,2,1,29652.0
P01CV05,BRG_017,3,1,30696.0
P01CV05,BRG_017,4,0,31320.0
P01CV05,BRG_018,0,1,69036.0
P01CV05,BRG_018,1,1,41940.0
P01CV05,BRG_018,2,1,41592.0
P01CV05,BRG_018,3,0,15660.0
P01CV05,BRG_019,0,1,39240.0
P01CV05,BRG_019,1,1,50112.0
P01CV05,BRG_019,2,1,53172.0
P01CV05,BRG_019,3,0,25704.0
P01CV05,BRG_020,0,1,40848.0
P01CV05,BRG_020,1,1,45852.0
P01CV05,BRG_020,2,1,13248.0
P01CV05,BRG_020,3,1,36564.0
P01CV05,BRG_020,4,1,28860.0
P01CV05,BRG_020,5,0,2856.0
P01CV05,BRG_021,0,1,64584.0
P01CV05,BRG_021,1,1,48624.0
P01CV05,BRG_021,2,1,20556.0
P01CV05,BRG_021,3,0,34464.0
P01CV05,BRG_022,0,1,33492.0
P01CV05,BRG_022,1,1,59148.0
P01CV05,BRG_022,2,1,26256.0
P01CV05,BRG_022,3,0,49332.0
P01CV05,BRG_023,0,1,30792.0
P01CV05,BRG_023,1,1,28380.0
P01CV05,BRG_023,2,1,25140.0
P01CV05,BRG_023,3,1,22812.0
P01CV05,BRG_023,4,1,21336.0
P01CV05,BRG_023,5,1,15624.0
P01CV05,BRG_023,6,0,24144.0
P01CV05,BRG_024,0,1,43296.0
P01CV05,BRG_024,1,1,69036.0
P01CV05,BRG_024,2,1,11892.0
P01CV05,BRG_024,3,0,44004.0
P01CV05,BRG_025,0,1,59796.0
P01CV05,BRG_025,1,1,42420.0
P01CV05,BRG_025,2,0,66012.0
P01CV05,BRG_026,0,1,59784.0
P01CV05,BRG_026,1,1,42348.0
P01CV05,BRG_026,2,1,11952.0
P01CV05,BRG_026,3,1,42876.0
P01CV05,BRG_026,4,0,11268.0
P01CV05,BRG_027,0,1,19008.0
P01CV05,BRG_027,1,1,55896.0
P01CV05,BRG_027,2,1,57480.0
P01CV05,BRG_027,3,0,35844.0
P01CV05,BRG_028,0,1,40884.0
P01CV05,BRG_028,1,1,25704.0
P01CV05,BRG_028,2,1,48168.0
P01CV05,BRG_028,3,1,28476.0
P01CV05,BRG_028,4,0,24996.0
P01CV05,BRG_029,0,1,54804.0
P01CV05,BRG_029,1,1,74364.0
P01CV05,BRG_029,2,0,39060.0
P01CV05,BRG_030,0,1,28668.0
P01CV05,BRG_030,1,1,40740.0
P01CV05,BRG_030,2,1,48948.0
P01CV05,BRG_030,3,1,32712.0
P01CV05,BRG_030,4,0,17160.0
P01CV05,BRG_031,0,1,51768.0
P01CV05,BRG_031,1,1,57180.0
P01CV05,BRG_031,2,0,59280.0
P01CV05,BRG_032,0,1,49980.0
P01CV05,BRG_032,1,1,29664.0
P01CV05,BRG_032,2,1,43332.0
P01CV05,BRG_032,3,0,45252.0
P01CV06,BRG_001,0,1,31896.0
P01CV06,BRG_001,1,1,57432.0
P01CV06,BRG_001,2,1,52368.0
P01CV06,BRG_001,3,0,26568.0
P01CV06,BRG_002,0,1,56160.0
P01CV06,BRG_002,1,1,12888.0
P01CV06,BRG_002,2,1,41520.0
P01CV06,BRG_002,3,1,23568.0
P01CV06,BRG_002,4,0,34128.0
P01CV06,BRG_003,0,1,38340.0
P01CV06,BRG_003,1,1,33876.0
P01CV06,BRG_003,2,1,29724.0
P01CV06,BRG_003,3,1,14136.0
P01CV06,BRG_003,4,1,40776.0
P01CV06,BRG_003,5,0,11412.0
P01CV06,BRG_004,0,1,54024.0
P01CV06,BRG_004,1,1,74640.0
P01CV06,BRG_004,2,1,24660.0
P01CV06,BRG_004,3,0,14940.0
P01CV06,BRG_005,0,1,77868.0
P01CV06,BRG_005,1,1,45240.0
P01CV06,BRG_005,2,1,33228.0
P01CV06,BRG_005,3,0,11928.0
P01CV06,BRG_006,0,1,62196.0
P01CV06,BRG_006,1,1,44316.0
P01CV06,BRG_006,2,1,36228.0
P01CV06,BRG_006,3,0,25524.0
P01CV06,BRG_007,0,1,37980.0
P01CV06,BRG_007,1,1,29184.0
P01CV06,BRG_007,2,1,52476.0
P01CV06,BRG_007,3,0,48624.0
P01CV06,BRG_008,0,1,18024.0
P01CV06,BRG_008,1,1,48120.0
P01CV06,BRG_008,2,1,46308.0
P01CV06,BRG_008,3,1,39840.0
P01CV06,BRG_008,4,0,15972.0
P01CV06,BRG_009,0,1,34668.0
P01CV06,BRG_009,1,1,30720.0
P01CV06,BRG_009,2,1,55860.0
P01CV06,BRG_009,3,0,47016.0
P01CV06,BRG_010,0,1,67800.0
P01CV06,BRG_010,1,1,54096.0
P01CV06,BRG_010,2,0,46368.0
P01CV06,BRG_011,0,1,43956.0
P01CV06,BRG_011,1,1,23760.0
P01CV06,BRG_011,2,1,18564.0
P01CV06,BRG_011,3,1,57120.0
P01CV06,BRG_011,4,0,24864.0
P01CV06,BRG_012,0,1,13068.0
P01CV06,BRG_012,1,1,36552.0
P01CV06,BRG_012,2,1,38208.0
P01CV06,BRG_012,3,1,36024.0
P01CV06,BRG_012,4,1,8916.0
P01CV06,BRG_012,5,0,35496.0
P01CV06,BRG_013,0,1,58392.0
P01CV06,BRG_013,1,1,44628.0
P01CV06,BRG_013,2,1,42828.0
P01CV06,BRG_013,3,0,22416.0
P01CV06,BRG_014,0,1,45708.0
P01CV06,BRG_014,1,1,51552.0
P01CV06,BRG_014,2,1,30540.0
P01CV06,BRG_014,3,0,40464.0
P01CV06,BRG_015,0,1,36888.0
P01CV06,BRG_015,1,1,46500.0
P01CV06,BRG_015,2,1,48780.0
P01CV06,BRG_015,3,1,31752.0
P01CV06,BRG_015,4,0,4344.0
P01CV06,BRG_016,0,1,67704.0
P01CV06,BRG_016,1,1,33000.0
P01CV06,BRG_016,2,1,55116.0
P01CV06,BRG_016,3,0,12444.0
P01CV06,BRG_017,0,1,31596.0
P01CV06,BRG_017,1,1,39564.0
P01CV06,BRG_017,2,1,63300.0
P01CV06,BRG_017,3,0,33804.0
P01CV06,BRG_018,0,1,36432.0
P01CV06,BRG_018,1,1,18960.0
P01CV06,BRG_018,2,1,21084.0
P01CV06,BRG_018,3,1,20136.0
P01CV06,BRG_018,4,1,42156.0
P01CV06,BRG_018,5,0,29496.0
P01CV06,BRG_019,0,1,41844.0
P01CV06,BRG_019,1,1,35580.0
P01CV06,BRG_019,2,1,61596.0
P01CV06,BRG_019,3,0,29244.0
P01CV06,BRG_020,0,1,27120.0
P01CV06,BRG_020,1,1,27444.0
P01CV06,BRG_020,2,1,29832.0
P01CV06,BRG_020,3,1,40524.0
P01CV06,BRG_020,4,0,43344.0
P01CV06,BRG_021,0,1,39180.0
P01CV06,BRG_021,1,1,57516.0
P01CV06,BRG_021,2,1,66564.0
P01CV06,BRG_021,3,0,5004.0
P01CV06,BRG_022,0,1,58788.0
P01CV06,BRG_022,1,1,57924.0
P01CV06,BRG_022,2,0,51552.0
P01CV06,BRG_023,0,1,38352.0
P01CV06,BRG_023,1,1,62292.0
P01CV06,BRG_023,2,1,47448.0
P01CV06,BRG_023,3,0,20172.0
P01CV06,BRG_024,0,1,17364.0
P01CV06,BRG_024,1,1,42396.0
P01CV06,BRG_024,2,1,54468.0
P01CV06,BRG_024,3,1,51480.0
P01CV06,BRG_024,4,0,2556.0
P01CV06,BRG_025,0,1,43560.0
P01CV06,BRG_025,1,1,46044.0
P01CV06,BRG_025,2,1,70944.0
P01CV06,BRG_025,3,0,7716.0
P01CV06,BRG_026,0,1,38016.0
P01CV06,BRG_026,1,1,32004.0
P01CV06,BRG_026,2,1,49392.0
P01CV06,BRG_026,3,1,15828.0
P01CV06,BRG_026,4,0,33024.0
P01CV06,BRG_027,0,1,50604.0
P01CV06,BRG_027,1,1,41112.0
P01CV06,BRG_027,2,1,34848.0
P01CV06,BRG_027,3,1,26436.0
P01CV06,BRG_027,4,0,15264.0
P01CV06,BRG_028,0,1,27228.0
P01CV06,BRG_028,1,1,37740.0
P01CV06,BRG_028,2,1,25032.0
P01CV06,BRG_028,3,1,45828.0
P01CV06,BRG_028,4,1,30900.0
P01CV06,BRG_028,5,0,1536.0
P01CV06,BRG_029,0,1,45456.0
P01CV06,BRG_029,1,1,33936.0
P01CV06,BRG_029,2,1,32976.0
P01CV06,BRG_029,3,1,27732.0
P01CV06,BRG_029,4,0,28164.0
P01CV06,BRG_030,0,1,28344.0
P01CV06,BRG_030,1,1,43416.0
P01CV06,BRG_030,2,1,42888.0
P01CV06,BRG_030,3,0,53616.0
P01CV06,BRG_031,0,1,30036.0
P01CV06,BRG_031,1,1,16188.0
P01CV06,BRG_031,2,1,31704.0
P01CV06,BRG_031,3,1,54444.0
P01CV06,BRG_031,4,0,35892.0
P01CV06,BRG_032,0,1,30216.0
P01CV06,BRG_032,1,1,23244.0
P01CV06,BRG_032,2,1,25680.0
P01CV06,BRG_032,3,1,33636.0
P01CV06,BRG_032,4,1,38352.0
P01CV06,BRG_032,5,0,17136.0
P01CV07,BRG_001,0,1,43752.0
P01CV07,BRG_001,1,1,55728.0
P01CV07,BRG_001,2,0,68928.0
P01CV07,BRG_002,0,1,48708.0
P01CV07,BRG_002,1,1,44112.0
P01CV07,BRG_002,2,1,56916.0
P01CV07,BRG_002,3,0,18672.0
P01CV07,BRG_003,0,1,38868.0
P01CV07,BRG_003,1,1,20112.0
P01CV07,BRG_003,2,1,40104.0
P01CV07,BRG_003,3,1,66252.0
P01CV07,BRG_003,4,0,3072.0
P01CV07,BRG_004,0,1,22248.0
P01CV07,BRG_004,1,1,44220.0
P01CV07,BRG_004,2,1,45480.0
P01CV07,BRG_004,3,0,56460.0
P01CV07,BRG_005,0,1,33048.0
P01CV07,BRG_005,1,1,39780.0
P01CV07,BRG_005,2,1,33684.0
P01CV07,BRG_005,3,1,48096.0
P01CV07,BRG_005,4,0,13800.0
P01CV07,BRG_006,0,1,53688.0
P01CV07,BRG_006,1,1,62436.0
P01CV07,BRG_006,2,1,46848.0
P01CV07,BRG_006,3,0,5436.0
P01CV07,BRG_007,0,1,10116.0
P01CV07,BRG_007,1,1,66516.0
P01CV07,BRG_007,2,1,43428.0
P01CV07,BRG_007,3,1,36420.0
P01CV07,BRG_007,4,0,11928.0
P01CV07,BRG_008,0,1,42072.0
P01CV07,BRG_008,1,1,23496.0
P01CV07,BRG_008,2,1,31896.0
P01CV07,BRG_008,3,1,66720.0
P01CV07,BRG_008,4,0,4224.0
P01CV07,BRG_009,0,1,37980.0
P01CV07,BRG_009,1,1,43536.0
P01CV07,BRG_009,2,1,31740.0
P01CV07,BRG_009,3,0,55152.0
P01CV07,BRG_010,0,1,47412.0
P01CV07,BRG_010,1,1,63636.0
P01CV07,BRG_010,2,1,31476.0
P01CV07,BRG_010,3,0,25884.0
P01CV07,BRG_011,0,1,65904.0
P01CV07,BRG_011,1,1,9504.0
P01CV07,BRG_011,2,1,28080.0
P01CV07,BRG_011,3,1,48228.0
P01CV07,BRG_011,4,0,16692.0
P01CV07,BRG_012,0,1,54804.0
P01CV07,BRG_012,1,1,48372.0
P01CV07,BRG_012,2,1,45612.0
P01CV07,BRG_012,3,0,19620.0
P01CV07,BRG_013,0,1,47376.0
P01CV07,BRG_013,1,1,30444.0
P01CV07,BRG_013,2,1,32460.0
P01CV07,BRG_013,3,1,33852.0
P01CV07,BRG_013,4,1,9936.0
P01CV07,BRG_013,5,0,14340.0
P01CV07,BRG_014,0,1,24192.0
P01CV07,BRG_014,1,1,19020.0
P01CV07,BRG_014,2,1,22656.0
P01CV07,BRG_014,3,1,84120.0
P01CV07,BRG_014,4,0,18420.0
P01CV07,BRG_015,0,1,35952.0
P01CV07,BRG_015,1,1,21336.0
P01CV07,BRG_015,2,1,10560.0
P01CV07,BRG_015,3,1,63372.0
P01CV07,BRG_015,4,0,37188.0
P01CV07,BRG_016,0,1,47196.0
P01CV07,BRG_016,1,1,24576.0
P01CV07,BRG_016,2,1,22428.0
P01CV07,BRG_016,3,1,31740.0
P01CV07,BRG_016,4,1,19572.0
P01CV07,BRG_016,5,0,22896.0
P01CV07,BRG_017,0,1,59088.0
P01CV07,BRG_017,1,1,32616.0
P01CV07,BRG_017,2,1,29472.0
P01CV07,BRG_017,3,1,42096.0
P01CV07,BRG_017,4,0,5136.0
P01CV07,BRG_018,0,1,30204.0
P01CV07,BRG_018,1,1,31680.0
P01CV07,BRG_018,2,1,45840.0
P01CV07,BRG_018,3,1,54660.0
P01CV07,BRG_018,4,0,6024.0
P01CV07,BRG_019,0,1,57684.0
P01CV07,BRG_019,1,1,27744.0
P01CV07,BRG_019,2,1,43488.0
P01CV07,BRG_019,3,1,25020.0
P01CV07,BRG_019,4,0,14472.0
P01CV07,BRG_020,0,1,23220.0
P01CV07,BRG_020,1,1,62868.0
P01CV07,BRG_020,2,1,64332.0
P01CV07,BRG_020,3,0,17988.0
P01CV07,BRG_021,0,1,31416.0
P01CV07,BRG_021,1,1,46368.0
P01CV07,BRG_021,2,1,57528.0
P01CV07,BRG_021,3,0,33096.0
P01CV07,BRG_022,0,1,32772.0
P01CV07,BRG_022,1,1,58128.0
P01CV07,BRG_022,2,1,27732.0
P01CV07,BRG_022,3,1,49704.0
P01CV07,BRG_022,4,0,72.0
P01CV07,BRG_023,0,1,21132.0
P01CV07,BRG_023,1,1,61668.0
P01CV07,BRG_023,2,1,51816.0
P01CV07,BRG_023,3,1,30708.0
P01CV07,BRG_023,4,0,3084.0
P01CV07,BRG_024,0,1,72336.0
P01CV07,BRG_024,1,1,50436.0
P01CV07,BRG_024,2,1,25212.0
P01CV07,BRG_024,3,0,20424.0
P01CV07,BRG_025,0,1,48024.0
P01CV07,BRG_025,1,1,28380.0
P01CV07,BRG_025,2,1,30504.0
P01CV07,BRG_025,3,1,41064.0
P01CV07,BRG_025,4,0,20436.0
P01CV07,BRG_026,0,1,34596.0
P01CV07,BRG_026,1,1,46308.0
P01CV07,BRG_026,2,1,24180.0
P01CV07,BRG_026,3,1,16548.0
P01CV07,BRG_026,4,1,41652.0
P01CV07,BRG_026,5,0,5124.0
P01CV07,BRG_027,0,1,55944.0
P01CV07,BRG_027,1,1,39012.0
P01CV07,BRG_027,2,1,40056.0
P01CV07,BRG_027,3,0,33396.0
P01CV07,BRG_028,0,1,58728.0
P01CV07,BRG_028,1,1,44460.0
P01CV07,BRG_028,2,1,23028.0
P01CV07,BRG_028,3,0,42192.0
P01CV07,BRG_029,0,1,24300.0
P01CV07,BRG_029,1,1,37692.0
P01CV07,BRG_029,2,1,26904.0
P01CV07,BRG_029,3,1,35088.0
P01CV07,BRG_029,4,1,26928.0
P01CV07,BRG_029,5,0,17496.0
P01CV07,BRG_030,0,1,38160.0
P01CV07,BRG_030,1,1,39276.0
P01CV07,BRG_030,2,1,44064.0
P01CV07,BRG_030,3,0,46908.0
P01CV07,BRG_031,0,1,56436.0
P01CV07,BRG_031,1,1,23280.0
P01CV07,BRG_031,2,1,34248.0
P01CV07,BRG_031,3,0,54444.0
P01CV07,BRG_032,0,1,51192.0
P01CV07,BRG_032,1,1,78528.0
P01CV07,BRG_032,2,0,38688.0
P01CV08,BRG_001,0,1,36648.0
P01CV08,BRG_001,1,1,33612.0
P01CV08,BRG_001,2,1,29796.0
P01CV08,BRG_001,3,1,42864.0
P01CV08,BRG_001,4,0,25092.0
P01CV08,BRG_002,0,1,44460.0
P01CV08,BRG_002,1,1,52320.0
P01CV08,BRG_002,2,1,35280.0
P01CV08,BRG_002,3,0,35952.0
P01CV08,BRG_003,0,1,29388.0
P01CV08,BRG_003,1,1,18252.0
P01CV08,BRG_003,2,1,21840.0
P01CV08,BRG_003,3,1,24132.0
P01CV08,BRG_003,4,1,47172.0
P01CV08,BRG_003,5,0,27228.0
P01CV08,BRG_004,0,1,24000.0
P01CV08,BRG_004,1,1,55416.0
P01CV08,BRG_004,2,1,23736.0
P01CV08,BRG_004,3,1,36576.0
P01CV08,BRG_004,4,0,28284.0
P01CV08,BRG_005,0,1,23724.0
P01CV08,BRG_005,1,1,42732.0
P01CV08,BRG_005,2,1,48312.0
P01CV08,BRG_005,3,1,26628.0
P01CV08,BRG_005,4,1,16716.0
P01CV08,BRG_005,5,0,9900.0
P01CV08,BRG_006,0,1,44568.0
P01CV08,BRG_006,1,1,35220.0
P01CV08,BRG_006,2,1,31992.0
P01CV08,BRG_006,3,1,23196.0
P01CV08,BRG_006,4,0,33036.0
P01CV08,BRG_007,0,1,33024.0
P01CV08,BRG_007,1,1,6792.0
P01CV08,BRG_007,2,1,58440.0
P01CV08,BRG_007,3,1,23460.0
P01CV08,BRG_007,4,1,28860.0
P01CV08,BRG_007,5,0,17436.0
P01CV08,BRG_008,0,1,45720.0
P01CV08,BRG_008,1,1,45864.0
P01CV08,BRG_008,2,1,38448.0
P01CV08,BRG_008,3,1,37536.0
P01CV08,BRG_008,4,0,444.0
P01CV08,BRG_009,0,1,55428.0
P01CV08,BRG_009,1,1,25800.0
P01CV08,BRG_009,2,1,50460.0
P01CV08,BRG_009,3,1,26436.0
P01CV08,BRG_009,4,0,9888.0
P01CV08,BRG_010,0,1,25836.0
P01CV08,BRG_010,1,1,14820.0
P01CV08,BRG_010,2,1,13728.0
P01CV08,BRG_010,3,1,50268.0
P01CV08,BRG_010,4,1,54924.0
P01CV08,BRG_010,5,0,8436.0
P01CV08,BRG_011,0,1,29304.0
P01CV08,BRG_011,1,1,38916.0
P01CV08,BRG_011,2,1,37116.0
P01CV08,BRG_011,3,1,59868.0
P01CV08,BRG_011,4,0,2808.0
P01CV08,BRG_012,0,1,11916.0
P01CV08,BRG_012,1,1,39228.0
P01CV08,BRG_012,2,1,40212.0
P01CV08,BRG_012,3,1,33924.0
P01CV08,BRG_012,4,0,42732.0
P01CV08,BRG_013,0,1,8844.0
P01CV08,BRG_013,1,1,50340.0
P01CV08,BRG_013,2,1,12756.0
P01CV08,BRG_013,3,1,25872.0
P01CV08,BRG_013,4,1,51372.0
P01CV08,BRG_013,5,0,18828.0
P01CV08,BRG_014,0,1,33588.0
P01CV08,BRG_014,1,1,58848.0
P01CV08,BRG_014,2,1,31488.0
P01CV08,BRG_014,3,1,13404.0
P01CV08,BRG_014,4,0,30684.0
P01CV08,BRG_015,0,1,51012.0
P01CV08,BRG_015,1,1,45204.0
P01CV08,BRG_015,2,1,54132.0
P01CV08,BRG_015,3,0,17664.0
P01CV08,BRG_016,0,1,27048.0
P01CV08,BRG_016,1,1,22524.0
P01CV08,BRG_016,2,1,51060.0
P01CV08,BRG_016,3,1,35892.0
P01CV08,BRG_016,4,0,31488.0
P01CV08,BRG_017,0,1,71592.0
P01CV08,BRG_017,1,1,30828.0
P01CV08,BRG_017,2,1,47184.0
P01CV08,BRG_017,3,0,18408.0
P01CV08,BRG_018,0,1,38412.0
P01CV08,BRG_018,1,1,47448.0
P01CV08,BRG_018,2,1,43632.0
P01CV08,BRG_018,3,1,19392.0
P01CV08,BRG_018,4,0,19128.0
P01CV08,BRG_019,0,1,28620.0
P01CV08,BRG_019,1,1,27960.0
P01CV08,BRG_019,2,1,23292.0
P01CV08,BRG_019,3,1,58764.0
P01CV08,BRG_019,4,0,29376.0
P01CV08,BRG_020,0,1,38304.0
P01CV08,BRG_020,1,1,29160.0
P01CV08,BRG_020,2,1,43752.0
P01CV08,BRG_020,3,1,41340.0
P01CV08,BRG_020,4,0,15456.0
P01CV08,BRG_021,0,1,46548.0
P01CV08,BRG_021,1,1,41532.0
P01CV08,BRG_021,2,1,44916.0
P01CV08,BRG_021,3,0,35016.0
P01CV08,BRG_022,0,1,43152.0
P01CV08,BRG_022,1,1,49704.0
P01CV08,BRG_022,2,1,30768.0
P01CV08,BRG_022,3,1,21744.0
P01CV08,BRG_022,4,0,22644.0
P01CV08,BRG_023,0,1,35916.0
P01CV08,BRG_023,1,1,49908.0
P01CV08,BRG_023,2,1,20592.0
P01CV08,BRG_023,3,1,43200.0
P01CV08,BRG_023,4,0,18396.0
P01CV08,BRG_024,0,1,11544.0
P01CV08,BRG_024,1,1,54228.0
P01CV08,BRG_024,2,1,65292.0
P01CV08,BRG_024,3,1,32616.0
P01CV08,BRG_024,4,0,4332.0
P01CV08,BRG_025,0,1,40284.0
P01CV08,BRG_025,1,1,34116.0
P01CV08,BRG_025,2,1,42840.0
P01CV08,BRG_025,3,0,50772.0
P01CV08,BRG_026,0,1,66024.0
P01CV08,BRG_026,1,1,48084.0
P01CV08,BRG_026,2,1,23748.0
P01CV08,BRG_026,3,0,30156.0
P01CV08,BRG_027,0,1,41448.0
P01CV08,BRG_027,1,1,40920.0
P01CV08,BRG_027,2,1,23988.0
P01CV08,BRG_027,3,1,55692.0
P01CV08,BRG_027,4,0,5964.0
P01CV08,BRG_028,0,1,53028.0
P01CV08,BRG_028,1,1,11484.0
P01CV08,BRG_028,2,1,25524.0
P01CV08,BRG_028,3,1,8448.0
P01CV08,BRG_028,4,1,59256.0
P01CV08,BRG_028,5,0,10272.0
P01CV08,BRG_029,0,1,20124.0
P01CV08,BRG_029,1,1,17904.0
P01CV08,BRG_029,2,1,33456.0
P01CV08,BRG_029,3,1,58656.0
P01CV08,BRG_029,4,0,37872.0
P01CV08,BRG_030,0,1,34176.0
P01CV08,BRG_030,1,1,49140.0
P01CV08,BRG_030,2,1,30012.0
P01CV08,BRG_030,3,1,18012.0
P01CV08,BRG_030,4,0,36672.0
P01CV08,BRG_031,0,1,30288.0
P01CV08,BRG_031,1,1,43164.0
P01CV08,BRG_031,2,1,54612.0
P01CV08,BRG_031,3,0,39948.0
P01CV08,BRG_032,0,1,42372.0
P01CV08,BRG_032,1,1,30132.0
P01CV08,BRG_032,2,1,34812.0
P01CV08,BRG_032,3,1,56256.0
P01CV08,BRG_032,4,0,4440.0
P01CV09,BRG_001,0,1,46968.0
P01CV09,BRG_001,1,1,23112.0
P01CV09,BRG_001,2,1,26652.0
P01CV09,BRG_001,3,1,26784.0
P01CV09,BRG_001,4,1,38448.0
P01CV09,BRG_001,5,0,6072.0
P01CV09,BRG_002,0,1,46032.0
P01CV09,BRG_002,1,1,36840.0
P01CV09,BRG_002,2,1,48264.0
P01CV09,BRG_002,3,1,36900.0
P01CV09,BRG_002,4,0,0.0
P01CV09,BRG_003,0,1,56028.0
P01CV09,BRG_003,1,1,26568.0
P01CV09,BRG_003,2,1,25188.0
P01CV09,BRG_003,3,1,52128.0
P01CV09,BRG_003,4,0,8124.0
P01CV09,BRG_004,0,1,39564.0
P01CV09,BRG_004,1,1,34140.0
P01CV09,BRG_004,2,1,8292.0
P01CV09,BRG_004,3,1,55848.0
P01CV09,BRG_004,4,0,30192.0
P01CV09,BRG_005,0,1,42012.0
P01CV09,BRG_005,1,1,35448.0
P01CV09,BRG_005,2,1,51276.0
P01CV09,BRG_005,3,1,23508.0
P01CV09,BRG_005,4,0,15792.0
P01CV09,BRG_006,0,1,29448.0
P01CV09,BRG_006,1,1,25524.0
P01CV09,BRG_006,2,1,52584.0
P01CV09,BRG_006,3,1,36804.0
P01CV09,BRG_006,4,0,23676.0
P01CV09,BRG_007,0,1,46956.0
P01CV09,BRG_007,1,1,34980.0
P01CV09,BRG_007,2,1,32484.0
P01CV09,BRG_007,3,1,51516.0
P01CV09,BRG_007,4,0,2100.0
P01CV09,BRG_008,0,1,64380.0
P01CV09,BRG_008,1,1,16020.0
P01CV09,BRG_008,2,1,30612.0
P01CV09,BRG_008,3,1,43416.0
P01CV09,BRG_008,4,0,13608.0
P01CV09,BRG_009,0,1,53652.0
P01CV09,BRG_009,1,1,29520.0
P01CV09,BRG_009,2,1,36588.0
P01CV09,BRG_009,3,1,42684.0
P01CV09,BRG_009,4,0,5592.0
P01CV09,BRG_010,0,1,33576.0
P01CV09,BRG_010,1,1,41232.0
P01CV09,BRG_010,2,1,35244.0
P01CV09,BRG_010,3,0,57984.0
P01CV09,BRG_011,0,1,46440.0
P01CV09,BRG_011,1,1,27780.0
P01CV09,BRG_011,2,1,67392.0
P01CV09,BRG_011,3,1,13992.0
P01CV09,BRG_011,4,0,12432.0
P01CV09,BRG_012,0,1,82200.0
P01CV09,BRG_012,1,1,58392.0
P01CV09,BRG_012,2,0,27444.0
P01CV09,BRG_013,0,1,38244.0
P01CV09,BRG_013,1,1,19296.0
P01CV09,BRG_013,2,1,23016.0
P01CV09,BRG_013,3,1,54564.0
P01CV09,BRG_013,4,1,22152.0
P01CV09,BRG_013,5,0,10764.0
P01CV09,BRG_014,0,1,58020.0
P01CV09,BRG_014,1,1,32544.0
P01CV09,BRG_014,2,1,36036.0
P01CV09,BRG_014,3,0,41436.0
P01CV09,BRG_015,0,1,51456.0
P01CV09,BRG_015,1,1,24660.0
P01CV09,BRG_015,2,1,29376.0
P01CV09,BRG_015,3,1,53268.0
P01CV09,BRG_015,4,0,9276.0
P01CV09,BRG_016,0,1,28956.0
P01CV09,BRG_016,1,1,37752.0
P01CV09,BRG_016,2,1,36432.0
P01CV09,BRG_016,3,1,39168.0
P01CV09,BRG_016,4,0,25728.0
P01CV09,BRG_017,0,1,49548.0
P01CV09,BRG_017,1,1,64476.0
P01CV09,BRG_017,2,1,49620.0
P01CV09,BRG_017,3,0,4392.0
P01CV09,BRG_018,0,1,51180.0
P01CV09,BRG_018,1,1,53820.0
P01CV09,BRG_018,2,1,35196.0
P01CV09,BRG_018,3,1,14820.0
P01CV09,BRG_018,4,0,13020.0
P01CV09,BRG_019,0,1,7380.0
P01CV09,BRG_019,1,1,25908.0
P01CV09,BRG_019,2,1,52344.0
P01CV09,BRG_019,3,1,45228.0
P01CV09,BRG_019,4,1,31428.0
P01CV09,BRG_019,5,0,5748.0
P01CV09,BRG_020,0,1,47880.0
P01CV09,BRG_020,1,1,51396.0
P01CV09,BRG_020,2,1,40644.0
P01CV09,BRG_020,3,1,24216.0
P01CV09,BRG_020,4,0,3900.0
P01CV09,BRG_021,0,1,51924.0
P01CV09,BRG_021,1,1,25380.0
P01CV09,BRG_021,2,1,37128.0
P01CV09,BRG_021,3,1,37896.0
P01CV09,BRG_021,4,0,15708.0
P01CV09,BRG_022,0,1,18024.0
P01CV09,BRG_022,1,1,38064.0
P01CV09,BRG_022,2,1,21012.0
P01CV09,BRG_022,3,1,45780.0
P01CV09,BRG_022,4,1,32832.0
P01CV09,BRG_022,5,0,12324.0
P01CV09,BRG_023,0,1,52296.0
P01CV09,BRG_023,1,1,41484.0
P01CV09,BRG_023,2,1,33120.0
P01CV09,BRG_023,3,1,20760.0
P01CV09,BRG_023,4,0,20376.0
P01CV09,BRG_024,0,1,47004.0
P01CV09,BRG_024,1,1,26796.0
P01CV09,BRG_024,2,1,57444.0
P01CV09,BRG_024,3,1,27000.0
P01CV09,BRG_024,4,1,8772.0
P01CV09,BRG_024,5,0,1020.0
P01CV09,BRG_025,0,1,33420.0
P01CV09,BRG_025,1,1,26220.0
P01CV09,BRG_025,2,1,41520.0
P01CV09,BRG_025,3,1,29460.0
P01CV09,BRG_025,4,1,32040.0
P01CV09,BRG_025,5,0,5376.0
P01CV09,BRG_026,0,1,46164.0
P01CV09,BRG_026,1,1,37236.0
P01CV09,BRG_026,2,1,79104.0
P01CV09,BRG_026,3,0,5532.0
P01CV09,BRG_027,0,1,57552.0
P01CV09,BRG_027,1,1,38712.0
P01CV09,BRG_027,2,1,27648.0
P01CV09,BRG_027,3,1,12324.0
P01CV09,BRG_027,4,0,31800.0
P01CV09,BRG_028,0,1,37368.0
P01CV09,BRG_028,1,1,36396.0
P01CV09,BRG_028,2,1,30720.0
P01CV09,BRG_028,3,1,26196.0
P01CV09,BRG_028,4,0,37356.0
P01CV09,BRG_029,0,1,54984.0
P01CV09,BRG_029,1,1,29292.0
P01CV09,BRG_029,2,1,63372.0
P01CV09,BRG_029,3,0,20388.0
P01CV09,BRG_030,0,1,12960.0
P01CV09,BRG_030,1,1,72828.0
P01CV09,BRG_030,2,1,51348.0
P01CV09,BRG_030,3,0,30900.0
P01CV09,BRG_031,0,1,27648.0
P01CV09,BRG_031,1,1,39528.0
P01CV09,BRG_031,2,1,28140.0
P01CV09,BRG_031,3,1,34392.0
P01CV09,BRG_031,4,1,34632.0
P01CV09,BRG_031,5,0,3696.0
P01CV09,BRG_032,0,1,65832.0
P01CV09,BRG_032,1,1,28512.0
P01CV09,BRG_032,2,1,55848.0
P01CV09,BRG_032,3,0,17844.0
P01CV10,BRG_001,0,1,59652.0
P01CV10,BRG_001,1,1,20796.0
P01CV10,BRG_001,2,1,33360.0
P01CV10,BRG_001,3,1,20292.0
P01CV10,BRG_001,4,1,29820.0
P01CV10,BRG_001,5,0,4020.0
P01CV10,BRG_002,0,1,32532.0
P01CV10,BRG_002,1,1,48048.0
P01CV10,BRG_002,2,1,32964.0
P01CV10,BRG_002,3,1,41592.0
P01CV10,BRG_002,4,0,12804.0
P01CV10,BRG_003,0,1,33828.0
P01CV10,BRG_003,1,1,31344.0
P01CV10,BRG_003,2,1,54372.0
P01CV10,BRG_003,3,1,20544.0
P01CV10,BRG_003,4,0,27852.0
P01CV10,BRG_004,0,1,21552.0
P01CV10,BRG_004,1,1,25932.0
P01CV10,BRG_004,2,1,44700.0
P01CV10,BRG_004,3,1,59160.0
P01CV10,BRG_004,4,0,16596.0
P01CV10,BRG_005,0,1,40776.0
P01CV10,BRG_005,1,1,36684.0
P01CV10,BRG_005,2,1,50664.0
P01CV10,BRG_005,3,0,39816.0
P01CV10,BRG_006,0,1,42900.0
P01CV10,BRG_006,1,1,12372.0
P01CV10,BRG_006,2,1,31368.0
P01CV10,BRG_006,3,1,51912.0
P01CV10,BRG_006,4,1,19872.0
P01CV10,BRG_006,5,0,9516.0
P01CV10,BRG_007,0,1,20616.0
P01CV10,BRG_007,1,1,12864.0
P01CV10,BRG_007,2,1,22200.0
P01CV10,BRG_007,3,1,58488.0
P01CV10,BRG_007,4,1,37044.0
P01CV10,BRG_007,5,0,16728.0
P01CV10,BRG_008,0,1,34236.0
P01CV10,BRG_008,1,1,39204.0
P01CV10,BRG_008,2,1,40644.0
P01CV10,BRG_008,3,0,53856.0
P01CV10,BRG_009,0,1,16128.0
P01CV10,BRG_009,1,1,49392.0
P01CV10,BRG_009,2,1,71232.0
P01CV10,BRG_009,3,0,31188.0
P01CV10,BRG_010,0,1,73068.0
P01CV10,BRG_010,1,1,58956.0
P01CV10,BRG_010,2,0,35916.0
P01CV10,BRG_011,0,1,30924.0
P01CV10,BRG_011,1,1,67788.0
P01CV10,BRG_011,2,1,47448.0
P01CV10,BRG_011,3,0,21780.0
P01CV10,BRG_012,0,1,21492.0
P01CV10,BRG_012,1,1,18180.0
P01CV10,BRG_012,2,1,58056.0
P01CV10,BRG_012,3,1,44808.0
P01CV10,BRG_012,4,0,25404.0
P01CV10,BRG_013,0,1,31920.0
P01CV10,BRG_013,1,1,31260.0
P01CV10,BRG_013,2,1,15996.0
P01CV10,BRG_013,3,1,32112.0
P01CV10,BRG_013,4,1,31668.0
P01CV10,BRG_013,5,0,24984.0
P01CV10,BRG_014,0,1,53364.0
P01CV10,BRG_014,1,1,54636.0
P01CV10,BRG_014,2,1,33576.0
P01CV10,BRG_014,3,0,26364.0
P01CV10,BRG_015,0,1,20676.0
P01CV10,BRG_015,1,1,56400.0
P01CV10,BRG_015,2,1,40668.0
P01CV10,BRG_015,3,1,28896.0
P01CV10,BRG_015,4,0,21300.0
P01CV10,BRG_016,0,1,55332.0
P01CV10,BRG_016,1,1,26496.0
P01CV10,BRG_016,2,1,43488.0
P01CV10,BRG_016,3,1,35844.0
P01CV10,BRG_016,4,0,6780.0
P01CV10,BRG_017,0,1,47256.0
P01CV10,BRG_017,1,1,26580.0
P01CV10,BRG_017,2,1,56304.0
P01CV10,BRG_017,3,1,35076.0
P01CV10,BRG_017,4,0,2724.0
P01CV10,BRG_018,0,1,60540.0
P01CV10,BRG_018,1,1,54528.0
P01CV10,BRG_018,2,1,31296.0
P01CV10,BRG_018,3,0,21576.0
P01CV10,BRG_019,0,1,28692.0
P01CV10,BRG_019,1,1,61452.0
P01CV10,BRG_019,2,0,77796.0
P01CV10,BRG_020,0,1,42240.0
P01CV10,BRG_020,1,1,32952.0
P01CV10,BRG_020,2,1,24756.0
P01CV10,BRG_020,3,1,6348.0
P01CV10,BRG_020,4,1,44304.0
P01CV10,BRG_020,5,0,17340.0
P01CV10,BRG_021,0,1,15336.0
P01CV10,BRG_021,1,1,35256.0
P01CV10,BRG_021,2,1,57276.0
P01CV10,BRG_021,3,1,31656.0
P01CV10,BRG_021,4,0,28416.0
P01CV10,BRG_022,0,1,39228.0
P01CV10,BRG_022,1,1,56412.0
P01CV10,BRG_022,2,1,24612.0
P01CV10,BRG_022,3,1,26856.0
P01CV10,BRG_022,4,0,20832.0
P01CV10,BRG_023,0,1,28944.0
P01CV10,BRG_023,1,1,43776.0
P01CV10,BRG_023,2,1,45300.0
P01CV10,BRG_023,3,1,49248.0
P01CV10,BRG_023,4,0,672.0
P01CV10,BRG_024,0,1,19452.0
P01CV10,BRG_024,1,1,40884.0
P01CV10,BRG_024,2,1,52788.0
P01CV10,BRG_024,3,0,54816.0
P01CV10,BRG_025,0,1,66948.0
P01CV10,BRG_025,1,1,57528.0
P01CV10,BRG_025,2,1,38640.0
P01CV10,BRG_025,3,0,4824.0
P01CV10,BRG_026,0,1,51300.0
P01CV10,BRG_026,1,1,57732.0
P01CV10,BRG_026,2,1,39096.0
P01CV10,BRG_026,3,0,19812.0
P01CV10,BRG_027,0,1,42540.0
P01CV10,BRG_027,1,1,29904.0
P01CV10,BRG_027,2,1,43764.0
P01CV10,BRG_027,3,1,43380.0
P01CV10,BRG_027,4,0,8352.0
P01CV10,BRG_028,0,1,34152.0
P01CV10,BRG_028,1,1,53100.0
P01CV10,BRG_028,2,1,17436.0
P01CV10,BRG_028,3,1,49788.0
P01CV10,BRG_028,4,0,13464.0
P01CV10,BRG_029,0,1,44568.0
P01CV10,BRG_029,1,1,37056.0
P01CV10,BRG_029,2,1,60348.0
P01CV10,BRG_029,3,0,25968.0
P01CV10,BRG_030,0,1,45060.0
P01CV10,BRG_030,1,1,29580.0
P01CV10,BRG_030,2,1,50256.0
P01CV10,BRG_030,3,1,40404.0
P01CV10,BRG_030,4,0,2640.0
P01CV10,BRG_031,0,1,42552.0
P01CV10,BRG_031,1,1,51000.0
P01CV10,BRG_031,2,1,49728.0
P01CV10,BRG_031,3,0,24660.0
P01CV10,BRG_032,0,1,25296.0
P01CV10,BRG_032,1,1,70332.0
P01CV10,BRG_032,2,1,56748.0
P01CV10,BRG_032,3,0,15564.0
P01CV11,BRG_001,0,1,35340.0
P01CV11,BRG_001,1,1,33180.0
P01CV11,BRG_001,2,1,30420.0
P01CV11,BRG_001,3,1,35628.0
P01CV11,BRG_001,4,0,33768.0
P01CV11,BRG_002,0,1,44436.0
P01CV11,BRG_002,1,1,38256.0
P01CV11,BRG_002,2,1,55524.0
P01CV11,BRG_002,3,0,30120.0
P01CV11,BRG_003,0,1,43056.0
P01CV11,BRG_003,1,1,30768.0
P01CV11,BRG_003,2,1,54240.0
P01CV11,BRG_003,3,0,40272.0
P01CV11,BRG_004,0,1,65940.0
P01CV11,BRG_004,1,1,50136.0
P01CV11,BRG_004,2,0,52260.0
P01CV11,BRG_005,0,1,49572.0
P01CV11,BRG_005,1,1,77280.0
P01CV11,BRG_005,2,1,39648.0
P01CV11,BRG_005,3,0,1836.0
P01CV11,BRG_006,0,1,12624.0
P01CV11,BRG_006,1,1,27960.0
P01CV11,BRG_006,2,1,34512.0
P01CV11,BRG_006,3,1,31200.0
P01CV11,BRG_006,4,0,62040.0
P01CV11,BRG_007,0,1,31224.0
P01CV11,BRG_007,1,1,32748.0
P01CV11,BRG_007,2,1,16896.0
P01CV11,BRG_007,3,1,41148.0
P01CV11,BRG_007,4,0,46320.0
P01CV11,BRG_008,0,1,23724.0
P01CV11,BRG_008,1,1,37380.0
P01CV11,BRG_008,2,1,28296.0
P01CV11,BRG_008,3,1,17916.0
P01CV11,BRG_008,4,1,45768.0
P01CV11,BRG_008,5,0,15252.0
P01CV11,BRG_009,0,1,18984.0
P01CV11,BRG_009,1,1,52932.0
P01CV11,BRG_009,2,1,38436.0
P01CV11,BRG_009,3,0,57984.0
P01CV11,BRG_010,0,1,49008.0
P01CV11,BRG_010,1,1,56388.0
P01CV11,BRG_010,2,1,20652.0
P01CV11,BRG_010,3,1,40320.0
P01CV11,BRG_010,4,0,1968.0
P01CV11,BRG_011,0,1,80352.0
P01CV11,BRG_011,1,1,52716.0
P01CV11,BRG_011,2,0,35268.0
P01CV11,BRG_012,0,1,47916.0
P01CV11,BRG_012,1,1,18492.0
P01CV11,BRG_012,2,1,38304.0
P01CV11,BRG_012,3,1,44928.0
P01CV11,BRG_012,4,0,18696.0
P01CV11,BRG_013,0,1,41340.0
P01CV11,BRG_013,1,1,35616.0
P01CV11,BRG_013,2,1,23532.0
P01CV11,BRG_013,3,1,62388.0
P01CV11,BRG_013,4,0,5460.0
P01CV11,BRG_014,0,1,18084.0
P01CV11,BRG_014,1,1,46716.0
P01CV11,BRG_014,2,1,45660.0
P01CV11,BRG_014,3,1,37812.0
P01CV11,BRG_014,4,0,20064.0
P01CV11,BRG_015,0,1,54084.0
P01CV11,BRG_015,1,1,37404.0
P01CV11,BRG_015,2,1,37908.0
P01CV11,BRG_015,3,1,32748.0
P01CV11,BRG_015,4,0,6192.0
P01CV11,BRG_016,0,1,32004.0
P01CV11,BRG_016,1,1,37008.0
P01CV11,BRG_016,2,1,15384.0
P01CV11,BRG_016,3,1,17172.0
P01CV11,BRG_016,4,1,34428.0
P01CV11,BRG_016,5,0,32340.0
P01CV11,BRG_017,0,1,60612.0
P01CV11,BRG_017,1,1,26748.0
P01CV11,BRG_017,2,1,35472.0
P01CV11,BRG_017,3,0,45504.0
P01CV11,BRG_018,0,1,34920.0
P01CV11,BRG_018,1,1,60096.0
P01CV11,BRG_018,2,1,32820.0
P01CV11,BRG_018,3,1,38916.0
P01CV11,BRG_018,4,0,1584.0
P01CV11,BRG_019,0,1,53196.0
P01CV11,BRG_019,1,1,58500.0
P01CV11,BRG_019,2,1,42648.0
P01CV11,BRG_019,3,0,13992.0
P01CV11,BRG_020,0,1,52536.0
P01CV11,BRG_020,1,1,37572.0
P01CV11,BRG_020,2,1,47004.0
P01CV11,BRG_020,3,0,31224.0
P01CV11,BRG_021,0,1,26820.0
P01CV11,BRG_021,1,1,58836.0
P01CV11,BRG_021,2,1,44244.0
P01CV11,BRG_021,3,0,38436.0
P01CV11,BRG_022,0,1,53640.0
P01CV11,BRG_022,1,1,64788.0
P01CV11,BRG_022,2,1,38736.0
P01CV11,BRG_022,3,0,11172.0
P01CV11,BRG_023,0,1,51756.0
P01CV11,BRG_023,1,1,32268.0
P01CV11,BRG_023,2,1,47592.0
P01CV11,BRG_023,3,0,36720.0
P01CV11,BRG_024,0,1,58548.0
P01CV11,BRG_024,1,1,57876.0
P01CV11,BRG_024,2,1,42276.0
P01CV11,BRG_024,3,0,9636.0
P01CV11,BRG_025,0,1,23784.0
P01CV11,BRG_025,1,1,31752.0
P01CV11,BRG_025,2,1,48684.0
P01CV11,BRG_025,3,0,64116.0
P01CV11,BRG_026,0,1,37356.0
P01CV11,BRG_026,1,1,44976.0
P01CV11,BRG_026,2,1,56364.0
P01CV11,BRG_026,3,0,29640.0
P01CV11,BRG_027,0,1,50172.0
P01CV11,BRG_027,1,1,45216.0
P01CV11,BRG_027,2,1,32712.0
P01CV11,BRG_027,3,1,24024.0
P01CV11,BRG_027,4,0,16212.0
P01CV11,BRG_028,0,1,38544.0
P01CV11,BRG_028,1,1,57720.0
P01CV11,BRG_028,2,1,63000.0
P01CV11,BRG_028,3,0,9072.0
P01CV11,BRG_029,0,1,29724.0
P01CV11,BRG_029,1,1,42468.0
P01CV11,BRG_029,2,1,58488.0
P01CV11,BRG_029,3,1,22200.0
P01CV11,BRG_029,4,0,15456.0
P01CV11,BRG_030,0,1,36744.0
P01CV11,BRG_030,1,1,51732.0
P01CV11,BRG_030,2,1,34128.0
P01CV11,BRG_030,3,1,9792.0
P01CV11,BRG_030,4,0,35940.0
P01CV11,BRG_031,0,1,46584.0
P01CV11,BRG_031,1,1,21540.0
P01CV11,BRG_031,2,1,61236.0
P01CV11,BRG_031,3,1,31308.0
P01CV11,BRG_031,4,0,7668.0
P01CV11,BRG_032,0,1,23712.0
P01CV11,BRG_032,1,1,76692.0
P01CV11,BRG_032,2,1,26820.0
P01CV11,BRG_032,3,0,41112.0
P01CV12,BRG_001,0,1,47544.0
P01CV12,BRG_001,1,1,32652.0
P01CV12,BRG_001,2,1,37932.0
P01CV12,BRG_001,3,1,30180.0
P01CV12,BRG_001,4,0,20028.0
P01CV12,BRG_002,0,1,42684.0
P01CV12,BRG_002,1,1,44580.0
P01CV12,BRG_002,2,1,19152.0
P01CV12,BRG_002,3,1,19392.0
P01CV12,BRG_002,4,1,35844.0
P01CV12,BRG_002,5,0,6684.0
P01CV12,BRG_003,0,1,58656.0
P01CV12,BRG_003,1,1,26544.0
P01CV12,BRG_003,2,1,45396.0
P01CV12,BRG_003,3,1,25608.0
P01CV12,BRG_003,4,0,12132.0
P01CV12,BRG_004,0,1,69204.0
P01CV12,BRG_004,1,1,46560.0
P01CV12,BRG_004,2,1,28344.0
P01CV12,BRG_004,3,0,24228.0
P01CV12,BRG_005,0,1,21888.0
P01CV12,BRG_005,1,1,50160.0
P01CV12,BRG_005,2,1,35076.0
P01CV12,BRG_005,3,0,61212.0
P01CV12,BRG_006,0,1,39996.0
P01CV12,BRG_006,1,1,22296.0
P01CV12,BRG_006,2,1,21132.0
P01CV12,BRG_006,3,1,18156.0
P01CV12,BRG_006,4,1,19656.0
P01CV12,BRG_006,5,0,47100.0
P01CV12,BRG_007,0,1,63108.0
P01CV12,BRG_007,1,1,29208.0
P01CV12,BRG_007,2,1,29580.0
P01CV12,BRG_007,3,1,40656.0
P01CV12,BRG_007,4,0,5784.0
P01CV12,BRG_008,0,1,26160.0
P01CV12,BRG_008,1,1,61764.0
P01CV12,BRG_008,2,1,41100.0
P01CV12,BRG_008,3,1,31260.0
P01CV12,BRG_008,4,0,8052.0
P01CV12,BRG_009,0,1,37212.0
P01CV12,BRG_009,1,1,52680.0
P01CV12,BRG_009,2,1,70692.0
P01CV12,BRG_009,3,0,7752.0
P01CV12,BRG_010,0,1,11160.0
P01CV12,BRG_010,1,1,21936.0
P01CV12,BRG_010,2,1,44244.0
P01CV12,BRG_010,3,1,54156.0
P01CV12,BRG_010,4,1,26820.0
P01CV12,BRG_010,5,0,10020.0
P01CV12,BRG_011,0,1,43692.0
P01CV12,BRG_011,1,1,44040.0
P01CV12,BRG_011,2,1,38664.0
P01CV12,BRG_011,3,1,22692.0
P01CV12,BRG_011,4,0,19248.0
P01CV12,BRG_012,0,1,34668.0
P01CV12,BRG_012,1,1,25740.0
P01CV12,BRG_012,2,1,38664.0
P01CV12,BRG_012,3,1,21024.0
P01CV12,BRG_012,4,1,40176.0
P01CV12,BRG_012,5,0,8064.0
P01CV12,BRG_013,0,1,22296.0
P01CV12,BRG_013,1,1,20544.0
P01CV12,BRG_013,2,1,56148.0
P01CV12,BRG_013,3,1,20760.0
P01CV12,BRG_013,4,0,48588.0
P01CV12,BRG_014,0,1,8208.0
P01CV12,BRG_014,1,1,40428.0
P01CV12,BRG_014,2,1,8856.0
P01CV12,BRG_014,3,1,19860.0
P01CV12,BRG_014,4,1,27816.0
P01CV12,BRG_014,5,1,41496.0
P01CV12,BRG_014,6,0,21672.0
P01CV12,BRG_015,0,1,44448.0
P01CV12,BRG_015,1,1,59508.0
P01CV12,BRG_015,2,1,39084.0
P01CV12,BRG_015,3,0,25296.0
P01CV12,BRG_016,0,1,44556.0
P01CV12,BRG_016,1,1,46980.0
P01CV12,BRG_016,2,1,26700.0
P01CV12,BRG_016,3,1,35820.0
P01CV12,BRG_016,4,0,14280.0
P01CV12,BRG_017,0,1,49764.0
P01CV12,BRG_017,1,1,19992.0
P01CV12,BRG_017,2,1,45684.0
P01CV12,BRG_017,3,1,19464.0
P01CV12,BRG_017,4,0,33432.0
P01CV12,BRG_018,0,1,36048.0
P01CV12,BRG_018,1,1,24684.0
P01CV12,BRG_018,2,1,62736.0
P01CV12,BRG_018,3,1,42192.0
P01CV12,BRG_018,4,0,2676.0
P01CV12,BRG_019,0,1,63072.0
P01CV12,BRG_019,1,1,38136.0
P01CV12,BRG_019,2,1,36432.0
P01CV12,BRG_019,3,0,30696.0
P01CV12,BRG_020,0,1,46020.0
P01CV12,BRG_020,1,1,38160.0
P01CV12,BRG_020,2,1,55440.0
P01CV12,BRG_020,3,0,28716.0
P01CV12,BRG_021,0,1,55728.0
P01CV12,BRG_021,1,1,23628.0
P01CV12,BRG_021,2,1,49440.0
P01CV12,BRG_021,3,0,39540.0
P01CV12,BRG_022,0,1,68280.0
P01CV12,BRG_022,1,1,42828.0
P01CV12,BRG_022,2,1,52260.0
P01CV12,BRG_022,3,0,4968.0
P01CV12,BRG_023,0,1,33012.0
P01CV12,BRG_023,1,1,46380.0
P01CV12,BRG_023,2,1,28296.0
P01CV12,BRG_023,3,1,17700.0
P01CV12,BRG_023,4,0,42948.0
P01CV12,BRG_024,0,1,51816.0
P01CV12,BRG_024,1,1,57792.0
P01CV12,BRG_024,2,1,31956.0
P01CV12,BRG_024,3,0,26772.0
P01CV12,BRG_025,0,1,45516.0
P01CV12,BRG_025,1,1,39528.0
P01CV12,BRG_025,2,1,26292.0
P01CV12,BRG_025,3,0,57000.0
P01CV12,BRG_026,0,1,52812.0
P01CV12,BRG_026,1,1,20652.0
P01CV12,BRG_026,2,1,44856.0
P01CV12,BRG_026,3,0,50016.0
P01CV12,BRG_027,0,1,22452.0
P01CV12,BRG_027,1,1,49800.0
P01CV12,BRG_027,2,1,12132.0
P01CV12,BRG_027,3,1,51300.0
P01CV12,BRG_027,4,1,32388.0
P01CV12,BRG_027,5,0,264.0
P01CV12,BRG_028,0,1,39552.0
P01CV12,BRG_028,1,1,41280.0
P01CV12,BRG_028,2,1,51228.0
P01CV12,BRG_028,3,0,36276.0
P01CV12,BRG_029,0,1,51444.0
P01CV12,BRG_029,1,1,68928.0
P01CV12,BRG_029,2,0,47964.0
P01CV12,BRG_030,0,1,32568.0
P01CV12,BRG_030,1,1,55296.0
P01CV12,BRG_030,2,1,57348.0
P01CV12,BRG_030,3,0,23124.0
P01CV12,BRG_031,0,1,45552.0
P01CV12,BRG_031,1,1,43680.0
P01CV12,BRG_031,2,1,31440.0
P01CV12,BRG_031,3,1,22008.0
P01CV12,BRG_031,4,0,25656.0
P01CV12,BRG_032,0,1,40440.0
P01CV12,BRG_032,1,1,54612.0
P01CV12,BRG_032,2,1,37236.0
P01CV12,BRG_032,3,0,36048.0
P01CV13,BRG_001,0,1,53784.0
P01CV13,BRG_001,1,1,43272.0
P01CV13,BRG_001,2,1,29904.0
P01CV13,BRG_001,3,1,19380.0
P01CV13,BRG_001,4,0,21852.0
P01CV13,BRG_002,0,1,48588.0
P01CV13,BRG_002,1,1,62952.0
P01CV13,BRG_002,2,1,18972.0
P01CV13,BRG_002,3,0,37680.0
P01CV13,BRG_003,0,1,28236.0
P01CV13,BRG_003,1,1,36156.0
P01CV13,BRG_003,2,1,44832.0
P01CV13,BRG_003,3,1,19848.0
P01CV13,BRG_003,4,1,36816.0
P01CV13,BRG_003,5,0,2304.0
P01CV13,BRG_004,0,1,56292.0
P01CV13,BRG_004,1,1,9888.0
P01CV13,BRG_004,2,1,23532.0
P01CV13,BRG_004,3,1,38244.0
P01CV13,BRG_004,4,1,18612.0
P01CV13,BRG_004,5,0,21624.0
P01CV13,BRG_005,0,1,25524.0
P01CV13,BRG_005,1,1,19944.0
P01CV13,BRG_005,2,1,65064.0
P01CV13,BRG_005,3,1,56868.0
P01CV13,BRG_005,4,0,792.0
P01CV13,BRG_006,0,1,25056.0
P01CV13,BRG_006,1,1,21180.0
P01CV13,BRG_006,2,1,66756.0
P01CV13,BRG_006,3,1,32652.0
P01CV13,BRG_006,4,1,21528.0
P01CV13,BRG_006,5,0,1020.0
P01CV13,BRG_007,0,1,48456.0
P01CV13,BRG_007,1,1,28788.0
P01CV13,BRG_007,2,1,51696.0
P01CV13,BRG_007,3,0,39252.0
P01CV13,BRG_008,0,1,56016.0
P01CV13,BRG_008,1,1,43680.0
P01CV13,BRG_008,2,1,66564.0
P01CV13,BRG_008,3,0,1932.0
P01CV13,BRG_009,0,1,28704.0
P01CV13,BRG_009,1,1,63564.0
P01CV13,BRG_009,2,1,26820.0
P01CV13,BRG_009,3,1,32364.0
P01CV13,BRG_009,4,0,16740.0
P01CV13,BRG_010,0,1,53496.0
P01CV13,BRG_010,1,1,23472.0
P01CV13,BRG_010,2,1,25668.0
P01CV13,BRG_010,3,1,20556.0
P01CV13,BRG_010,4,0,45000.0
P01CV13,BRG_011,0,1,31800.0
P01CV13,BRG_011,1,1,22824.0
P01CV13,BRG_011,2,1,37884.0
P01CV13,BRG_011,3,1,49656.0
P01CV13,BRG_011,4,0,26028.0
P01CV13,BRG_012,0,1,61140.0
P01CV13,BRG_012,1,1,56160.0
P01CV13,BRG_012,2,1,38256.0
P01CV13,BRG_012,3,0,12636.0
P01CV13,BRG_013,0,1,68028.0
P01CV13,BRG_013,1,1,51948.0
P01CV13,BRG_013,2,1,25680.0
P01CV13,BRG_013,3,0,22536.0
P01CV13,BRG_014,0,1,61044.0
P01CV13,BRG_014,1,1,49788.0
P01CV13,BRG_014,2,0,57360.0
P01CV13,BRG_015,0,1,53748.0
P01CV13,BRG_015,1,1,55392.0
P01CV13,BRG_015,2,1,42756.0
P01CV13,BRG_015,3,0,16296.0
P01CV13,BRG_016,0,1,8748.0
P01CV13,BRG_016,1,1,22632.0
P01CV13,BRG_016,2,1,42648.0
P01CV13,BRG_016,3,1,54996.0
P01CV13,BRG_016,4,1,31776.0
P01CV13,BRG_016,5,0,7392.0
P01CV13,BRG_017,0,1,24084.0
P01CV13,BRG_017,1,1,68724.0
P01CV13,BRG_017,2,1,56088.0
P01CV13,BRG_017,3,0,19296.0
P01CV13,BRG_018,0,1,38088.0
P01CV13,BRG_018,1,1,56724.0
P01CV13,BRG_018,2,1,34416.0
P01CV13,BRG_018,3,0,38964.0
P01CV13,BRG_019,0,1,35748.0
P01CV13,BRG_019,1,1,24732.0
P01CV13,BRG_019,2,1,34704.0
P01CV13,BRG_019,3,1,51672.0
P01CV13,BRG_019,4,0,21336.0
P01CV13,BRG_020,0,1,20448.0
P01CV13,BRG_020,1,1,36456.0
P01CV13,BRG_020,2,1,44040.0
P01CV13,BRG_020,3,0,67248.0
P01CV13,BRG_021,0,1,45504.0
P01CV13,BRG_021,1,1,49956.0
P01CV13,BRG_021,2,1,25548.0
P01CV13,BRG_021,3,1,35088.0
P01CV13,BRG_021,4,0,12096.0
P01CV13,BRG_022,0,1,47064.0
P01CV13,BRG_022,1,1,39204.0
P01CV13,BRG_022,2,1,53724.0
P01CV13,BRG_022,3,0,28200.0
P01CV13,BRG_023,0,1,62892.0
P01CV13,BRG_023,1,1,56808.0
P01CV13,BRG_023,2,1,23808.0
P01CV13,BRG_023,3,1,23652.0
P01CV13,BRG_023,4,0,1032.0
P01CV13,BRG_024,0,1,38400.0
P01CV13,BRG_024,1,1,43560.0
P01CV13,BRG_024,2,1,35628.0
P01CV13,BRG_024,3,1,50580.0
P01CV13,BRG_024,4,0,24.0
P01CV13,BRG_025,0,1,11796.0
P01CV13,BRG_025,1,1,28860.0
P01CV13,BRG_025,2,1,51576.0
P01CV13,BRG_025,3,1,36144.0
P01CV13,BRG_025,4,0,39816.0
P01CV13,BRG_026,0,1,36432.0
P01CV13,BRG_026,1,1,17436.0
P01CV13,BRG_026,2,1,31416.0
P01CV13,BRG_026,3,1,39864.0
P01CV13,BRG_026,4,1,25356.0
P01CV13,BRG_026,5,0,17688.0
P01CV13,BRG_027,0,1,39468.0
P01CV13,BRG_027,1,1,43404.0
P01CV13,BRG_027,2,1,50808.0
P01CV13,BRG_027,3,1,30756.0
P01CV13,BRG_027,4,0,3756.0
P01CV13,BRG_028,0,1,54840.0
P01CV13,BRG_028,1,1,46620.0
P01CV13,BRG_028,2,1,41580.0
P01CV13,BRG_028,3,0,25152.0
P01CV13,BRG_029,0,1,55740.0
P01CV13,BRG_029,1,1,52452.0
P01CV13,BRG_029,2,1,27036.0
P01CV13,BRG_029,3,0,32964.0
P01CV13,BRG_030,0,1,44664.0
P01CV13,BRG_030,1,1,41544.0
P01CV13,BRG_030,2,1,35292.0
P01CV13,BRG_030,3,1,4920.0
P01CV13,BRG_030,4,0,41772.0
P01CV13,BRG_031,0,1,43140.0
P01CV13,BRG_031,1,1,15480.0
P01CV13,BRG_031,2,1,79440.0
P01CV13,BRG_031,3,0,30132.0
P01CV13,BRG_032,0,1,37788.0
P01CV13,BRG_032,1,1,45684.0
P01CV13,BRG_032,2,1,45564.0
P01CV13,BRG_032,3,1,17928.0
P01CV13,BRG_032,4,0,21228.0
P01CV14,BRG_001,0,1,37812.0
P01CV14,BRG_001,1,1,30504.0
P01CV14,BRG_001,2,1,56040.0
P01CV14,BRG_001,3,1,40596.0
P01CV14,BRG_001,4,0,3096.0
P01CV14,BRG_002,0,1,16992.0
P01CV14,BRG_002,1,1,42444.0
P01CV14,BRG_002,2,1,48060.0
P01CV14,BRG_002,3,1,42312.0
P01CV14,BRG_002,4,0,18240.0
P01CV14,BRG_003,0,1,54252.0
P01CV14,BRG_003,1,1,16776.0
P01CV14,BRG_003,2,1,71196.0
P01CV14,BRG_003,3,1,5160.0
P01CV14,BRG_003,4,0,20664.0
P01CV14,BRG_004,0,1,50556.0
P01CV14,BRG_004,1,1,20028.0
P01CV14,BRG_004,2,1,20508.0
P01CV14,BRG_004,3,1,41112.0
P01CV14,BRG_004,4,1,20844.0
P01CV14,BRG_004,5,0,15000.0
P01CV14,BRG_005,0,1,50256.0
P01CV14,BRG_005,1,1,64572.0
P01CV14,BRG_005,2,0,53220.0
P01CV14,BRG_006,0,1,32436.0
P01CV14,BRG_006,1,1,54888.0
P01CV14,BRG_006,2,1,34692.0
P01CV14,BRG_006,3,1,36672.0
P01CV14,BRG_006,4,0,9360.0
P01CV14,BRG_007,0,1,22296.0
P01CV14,BRG_007,1,1,43764.0
P01CV14,BRG_007,2,1,56292.0
P01CV14,BRG_007,3,1,33960.0
P01CV14,BRG_007,4,0,11736.0
P01CV14,BRG_008,0,1,48360.0
P01CV14,BRG_008,1,1,57216.0
P01CV14,BRG_008,2,1,35928.0
P01CV14,BRG_008,3,1,23052.0
P01CV14,BRG_008,4,0,3492.0
P01CV14,BRG_009,0,1,62436.0
P01CV14,BRG_009,1,1,46080.0
P01CV14,BRG_009,2,1,32556.0
P01CV14,BRG_009,3,1,4416.0
P01CV14,BRG_009,4,0,22560.0
P01CV14,BRG_010,0,1,46356.0
P01CV14,BRG_010,1,1,49560.0
P01CV14,BRG_010,2,1,43980.0
P01CV14,BRG_010,3,0,28152.0
P01CV14,BRG_011,0,1,21984.0
P01CV14,BRG_011,1,1,12336.0
P01CV14,BRG_011,2,1,26424.0
P01CV14,BRG_011,3,1,84324.0
P01CV14,BRG_011,4,0,22980.0
P01CV14,BRG_012,0,1,40080.0
P01CV14,BRG_012,1,1,20460.0
P01CV14,BRG_012,2,1,41544.0
P01CV14,BRG_012,3,1,35196.0
P01CV14,BRG_012,4,0,30768.0
P01CV14,BRG_013,0,1,43608.0
P01CV14,BRG_013,1,1,39708.0
P01CV14,BRG_013,2,1,34512.0
P01CV14,BRG_013,3,1,18468.0
P01CV14,BRG_013,4,0,31752.0
P01CV14,BRG_014,0,1,3756.0
P01CV14,BRG_014,1,1,41916.0
P01CV14,BRG_014,2,1,47556.0
P01CV14,BRG_014,3,1,20844.0
P01CV14,BRG_014,4,1,27696.0
P01CV14,BRG_014,5,0,26280.0
P01CV14,BRG_015,0,1,43836.0
P01CV14,BRG_015,1,1,48420.0
P01CV14,BRG_015,2,1,38820.0
P01CV14,BRG_015,3,0,36972.0
P01CV14,BRG_016,0,1,37260.0
P01CV14,BRG_016,1,1,24780.0
P01CV14,BRG_016,2,1,44400.0
P01CV14,BRG_016,3,1,27696.0
P01CV14,BRG_016,4,0,33912.0
P01CV14,BRG_017,0,1,46896.0
P01CV14,BRG_017,1,1,66168.0
P01CV14,BRG_017,2,1,18672.0
P01CV14,BRG_017,3,1,20316.0
P01CV14,BRG_017,4,0,15996.0
P01CV14,BRG_018,0,1,20940.0
P01CV14,BRG_018,1,1,38988.0
P01CV14,BRG_018,2,1,41760.0
P01CV14,BRG_018,3,1,45708.0
P01CV14,BRG_018,4,0,20652.0
P01CV14,BRG_019,0,1,36120.0
P01CV14,BRG_019,1,1,63696.0
P01CV14,BRG_019,2,1,53532.0
P01CV14,BRG_019,3,0,14700.0
P01CV14,BRG_020,0,1,48180.0
P01CV14,BRG_020,1,1,42468.0
P01CV14,BRG_020,2,1,28032.0
P01CV14,BRG_020,3,1,22596.0
P01CV14,BRG_020,4,0,26772.0
P01CV14,BRG_021,0,1,10140.0
P01CV14,BRG_021,1,1,27444.0
P01CV14,BRG_021,2,1,55800.0
P01CV14,BRG_021,3,1,40836.0
P01CV14,BRG_021,4,0,33828.0
P01CV14,BRG_022,0,1,34020.0
P01CV14,BRG_022,1,1,44004.0
P01CV14,BRG_022,2,1,12804.0
P01CV14,BRG_022,3,1,58368.0
P01CV14,BRG_022,4,0,18852.0
P01CV14,BRG_023,0,1,60756.0
P01CV14,BRG_023,1,1,9060.0
P01CV14,BRG_023,2,1,43380.0
P01CV14,BRG_023,3,0,54852.0
P01CV14,BRG_024,0,1,41628.0
P01CV14,BRG_024,1,1,17244.0
P01CV14,BRG_024,2,1,25884.0
P01CV14,BRG_024,3,1,18756.0
P01CV14,BRG_024,4,1,47256.0
P01CV14,BRG_024,5,0,17280.0
P01CV14,BRG_025,0,1,56208.0
P01CV14,BRG_025,1,1,24024.0
P01CV14,BRG_025,2,1,66708.0
P01CV14,BRG_025,3,0,21108.0
P01CV14,BRG_026,0,1,41400.0
P01CV14,BRG_026,1,1,37572.0
P01CV14,BRG_026,2,1,62952.0
P01CV14,BRG_026,3,1,23328.0
P01CV14,BRG_026,4,0,2796.0
P01CV14,BRG_027,0,1,20088.0
P01CV14,BRG_027,1,1,46776.0
P01CV14,BRG_027,2,1,39420.0
P01CV14,BRG_027,3,1,33912.0
P01CV14,BRG_027,4,1,25512.0
P01CV14,BRG_027,5,0,2340.0
P01CV14,BRG_028,0,1,31512.0
P01CV14,BRG_028,1,1,33696.0
P01CV14,BRG_028,2,1,52104.0
P01CV14,BRG_028,3,1,47952.0
P01CV14,BRG_028,4,0,2784.0
P01CV14,BRG_029,0,1,53760.0
P01CV14,BRG_029,1,1,40872.0
P01CV14,BRG_029,2,1,41988.0
P01CV14,BRG_029,3,0,31428.0
P01CV14,BRG_030,0,1,54888.0
P01CV14,BRG_030,1,1,29400.0
P01CV14,BRG_030,2,1,20676.0
P01CV14,BRG_030,3,1,22692.0
P01CV14,BRG_030,4,1,25896.0
P01CV14,BRG_030,5,0,14496.0
P01CV14,BRG_031,0,1,25764.0
P01CV14,BRG_031,1,1,31992.0
P01CV14,BRG_031,2,1,31260.0
P01CV14,BRG_031,3,1,56484.0
P01CV14,BRG_031,4,0,22548.0
P01CV14,BRG_032,0,1,32880.0
P01CV14,BRG_032,1,1,61620.0
P01CV14,BRG_032,2,1,52116.0
P01CV14,BRG_032,3,0,21432.0
P01CV15,BRG_001,0,1,32472.0
P01CV15,BRG_001,1,1,58212.0
P01CV15,BRG_001,2,1,49932.0
P01CV15,BRG_001,3,0,27828.0
P01CV15,BRG_002,0,1,27564.0
P01CV15,BRG_002,1,1,39792.0
P01CV15,BRG_002,2,1,47100.0
P01CV15,BRG_002,3,1,21996.0
P01CV15,BRG_002,4,0,31992.0
P01CV15,BRG_003,0,1,38412.0
P01CV15,BRG_003,1,1,54864.0
P01CV15,BRG_003,2,1,30480.0
P01CV15,BRG_003,3,1,41268.0
P01CV15,BRG_003,4,0,3420.0
P01CV15,BRG_004,0,1,26556.0
P01CV15,BRG_004,1,1,45360.0
P01CV15,BRG_004,2,1,41688.0
P01CV15,BRG_004,3,1,44940.0
P01CV15,BRG_004,4,0,9900.0
P01CV15,BRG_005,0,1,24396.0
P01CV15,BRG_005,1,1,30168.0
P01CV15,BRG_005,2,1,59220.0
P01CV15,BRG_005,3,1,18888.0
P01CV15,BRG_005,4,1,30372.0
P01CV15,BRG_005,5,0,5400.0
P01CV15,BRG_006,0,1,48036.0
P01CV15,BRG_006,1,1,35304.0
P01CV15,BRG_006,2,1,65736.0
P01CV15,BRG_006,3,0,19368.0
P01CV15,BRG_007,0,1,25488.0
P01CV15,BRG_007,1,1,47196.0
P01CV15,BRG_007,2,1,47964.0
P01CV15,BRG_007,3,0,47796.0
P01CV15,BRG_008,0,1,39348.0
P01CV15,BRG_008,1,1,64224.0
P01CV15,BRG_008,2,1,51828.0
P01CV15,BRG_008,3,0,13044.0
P01CV15,BRG_009,0,1,31332.0
P01CV15,BRG_009,1,1,35628.0
P01CV15,BRG_009,2,1,54696.0
P01CV15,BRG_009,3,1,16740.0
P01CV15,BRG_009,4,1,25740.0
P01CV15,BRG_009,5,0,4308.0
P01CV15,BRG_010,0,1,52488.0
P01CV15,BRG_010,1,1,35628.0
P01CV15,BRG_010,2,1,45900.0
P01CV15,BRG_010,3,0,34428.0
P01CV15,BRG_011,0,1,16320.0
P01CV15,BRG_011,1,1,40692.0
P01CV15,BRG_011,2,1,62424.0
P01CV15,BRG_011,3,1,36732.0
P01CV15,BRG_011,4,0,12276.0
P01CV15,BRG_012,0,1,76584.0
P01CV15,BRG_012,1,1,37740.0
P01CV15,BRG_012,2,0,54120.0
P01CV15,BRG_013,0,1,39168.0
P01CV15,BRG_013,1,1,30648.0
P01CV15,BRG_013,2,1,32232.0
P01CV15,BRG_013,3,1,57348.0
P01CV15,BRG_013,4,0,9048.0
P01CV15,BRG_014,0,1,56400.0
P01CV15,BRG_014,1,1,37536.0
P01CV15,BRG_014,2,1,40872.0
P01CV15,BRG_014,3,0,33636.0
P01CV15,BRG_015,0,1,64284.0
P01CV15,BRG_015,1,1,42144.0
P01CV15,BRG_015,2,1,40752.0
P01CV15,BRG_015,3,0,21264.0
P01CV15,BRG_016,0,1,29088.0
P01CV15,BRG_016,1,1,17760.0
P01CV15,BRG_016,2,1,24468.0
P01CV15,BRG_016,3,1,45072.0
P01CV15,BRG_016,4,1,48264.0
P01CV15,BRG_016,5,0,3792.0
P01CV15,BRG_017,0,1,44316.0
P01CV15,BRG_017,1,1,28668.0
P01CV15,BRG_017,2,1,53472.0
P01CV15,BRG_017,3,0,41988.0
P01CV15,BRG_018,0,1,19296.0
P01CV15,BRG_018,1,1,32844.0
P01CV15,BRG_018,2,1,44748.0
P01CV15,BRG_018,3,1,58140.0
P01CV15,BRG_018,4,0,13416.0
P01CV15,BRG_019,0,1,75456.0
P01CV15,BRG_019,1,1,68604.0
P01CV15,BRG_019,2,0,24384.0
P01CV15,BRG_020,0,1,61632.0
P01CV15,BRG_020,1,1,59388.0
P01CV15,BRG_020,2,1,22356.0
P01CV15,BRG_020,3,1,19056.0
P01CV15,BRG_020,4,0,6012.0
P01CV15,BRG_021,0,1,30900.0
P01CV15,BRG_021,1,1,45408.0
P01CV15,BRG_021,2,1,33468.0
P01CV15,BRG_021,3,1,24468.0
P01CV15,BRG_021,4,0,34200.0
P01CV15,BRG_022,0,1,34500.0
P01CV15,BRG_022,1,1,23052.0
P01CV15,BRG_022,2,1,33684.0
P01CV15,BRG_022,3,1,54204.0
P01CV15,BRG_022,4,1,22764.0
P01CV15,BRG_022,5,0,240.0
P01CV15,BRG_023,0,1,74664.0
P01CV15,BRG_023,1,1,39924.0
P01CV15,BRG_023,2,1,24024.0
P01CV15,BRG_023,3,1,18000.0
P01CV15,BRG_023,4,0,11832.0
P01CV15,BRG_024,0,1,62916.0
P01CV15,BRG_024,1,1,32592.0
P01CV15,BRG_024,2,1,54372.0
P01CV15,BRG_024,3,0,18564.0
P01CV15,BRG_025,0,1,60360.0
P01CV15,BRG_025,1,1,40392.0
P01CV15,BRG_025,2,1,42900.0
P01CV15,BRG_025,3,0,24792.0
P01CV15,BRG_026,0,1,44712.0
P01CV15,BRG_026,1,1,63972.0
P01CV15,BRG_026,2,1,32640.0
P01CV15,BRG_026,3,1,24168.0
P01CV15,BRG_026,4,0,2952.0
P01CV15,BRG_027,0,1,31104.0
P01CV15,BRG_027,1,1,40752.0
P01CV15,BRG_027,2,1,59364.0
P01CV15,BRG_027,3,1,24504.0
P01CV15,BRG_027,4,0,12720.0
P01CV15,BRG_028,0,1,29880.0
P01CV15,BRG_028,1,1,24096.0
P01CV15,BRG_028,2,1,20220.0
P01CV15,BRG_028,3,1,17724.0
P01CV15,BRG_028,4,1,50520.0
P01CV15,BRG_028,5,0,26004.0
P01CV15,BRG_029,0,1,26880.0
P01CV15,BRG_029,1,1,38616.0
P01CV15,BRG_029,2,1,32448.0
P01CV15,BRG_029,3,1,53016.0
P01CV15,BRG_029,4,0,17484.0
P01CV15,BRG_030,0,1,65748.0
P01CV15,BRG_030,1,1,22980.0
P01CV15,BRG_030,2,1,46704.0
P01CV15,BRG_030,3,0,33012.0
P01CV15,BRG_031,0,1,48588.0
P01CV15,BRG_031,1,1,23532.0
P01CV15,BRG_031,2,1,25236.0
P01CV15,BRG_031,3,1,41076.0
P01CV15,BRG_031,4,0,30012.0
P01CV15,BRG_032,0,1,60492.0
P01CV15,BRG_032,1,1,73416.0
P01CV15,BRG_032,2,0,34536.0
P01CV16,BRG_001,0,1,27012.0
P01CV16,BRG_001,1,1,58656.0
P01CV16,BRG_001,2,1,46128.0
P01CV16,BRG_001,3,0,36540.0
P01CV16,BRG_002,0,1,49188.0
P01CV16,BRG_002,1,1,37944.0
P01CV16,BRG_002,2,1,48564.0
P01CV16,BRG_002,3,0,32640.0
P01CV16,BRG_003,0,1,20760.0
P01CV16,BRG_003,1,1,25692.0
P01CV16,BRG_003,2,1,24468.0
P01CV16,BRG_003,3,1,26940.0
P01CV16,BRG_003,4,1,41580.0
P01CV16,BRG_003,5,0,28896.0
P01CV16,BRG_004,0,1,45564.0
P01CV16,BRG_004,1,1,23208.0
P01CV16,BRG_004,2,1,10704.0
P01CV16,BRG_004,3,1,26076.0
P01CV16,BRG_004,4,0,62784.0
P01CV16,BRG_005,0,1,60732.0
P01CV16,BRG_005,1,1,24468.0
P01CV16,BRG_005,2,1,41220.0
P01CV16,BRG_005,3,1,38244.0
P01CV16,BRG_005,4,0,3672.0
P01CV16,BRG_006,0,1,20484.0
P01CV16,BRG_006,1,1,54984.0
P01CV16,BRG_006,2,1,69036.0
P01CV16,BRG_006,3,1,23448.0
P01CV16,BRG_006,4,0,384.0
P01CV16,BRG_007,0,1,42756.0
P01CV16,BRG_007,1,1,41184.0
P01CV16,BRG_007,2,1,45372.0
P01CV16,BRG_007,3,1,20544.0
P01CV16,BRG_007,4,0,18480.0
P01CV16,BRG_008,0,1,65328.0
P01CV16,BRG_008,1,1,52500.0
P01CV16,BRG_008,2,1,42336.0
P01CV16,BRG_008,3,0,8172.0
P01CV16,BRG_009,0,1,64548.0
P01CV16,BRG_009,1,1,27000.0
P01CV16,BRG_009,2,1,58572.0
P01CV16,BRG_009,3,0,18216.0
P01CV16,BRG_010,0,1,54480.0
P01CV16,BRG_010,1,1,62016.0
P01CV16,BRG_010,2,0,51840.0
P01CV16,BRG_011,0,1,47064.0
P01CV16,BRG_011,1,1,40464.0
P01CV16,BRG_011,2,1,59928.0
P01CV16,BRG_011,3,0,20880.0
P01CV16,BRG_012,0,1,53796.0
P01CV16,BRG_012,1,1,35412.0
P01CV16,BRG_012,2,1,71400.0
P01CV16,BRG_012,3,0,7728.0
P01CV16,BRG_013,0,1,57816.0
P01CV16,BRG_013,1,1,59136.0
P01CV16,BRG_013,2,1,39600.0
P01CV16,BRG_013,3,0,11784.0
P01CV16,BRG_014,0,1,26808.0
P01CV16,BRG_014,1,1,36024.0
P01CV16,BRG_014,2,1,47316.0
P01CV16,BRG_014,3,1,44760.0
P01CV16,BRG_014,4,0,13428.0
P01CV16,BRG_015,0,1,44988.0
P01CV16,BRG_015,1,1,48420.0
P01CV16,BRG_015,2,1,53052.0
P01CV16,BRG_015,3,0,21876.0
P01CV16,BRG_016,0,1,45276.0
P01CV16,BRG_016,1,1,48000.0
P01CV16,BRG_016,2,1,31380.0
P01CV16,BRG_016,3,1,29028.0
P01CV16,BRG_016,4,0,14652.0
P01CV16,BRG_017,0,1,51864.0
P01CV16,BRG_017,1,1,56316.0
P01CV16,BRG_017,2,1,50556.0
P01CV16,BRG_017,3,0,9600.0
P01CV16,BRG_018,0,1,21972.0
P01CV16,BRG_018,1,1,40632.0
P01CV16,BRG_018,2,1,46236.0
P01CV16,BRG_018,3,0,59496.0
P01CV16,BRG_019,0,1,72408.0
P01CV16,BRG_019,1,1,62988.0
P01CV16,BRG_019,2,0,32940.0
P01CV16,BRG_020,0,1,45216.0
P01CV16,BRG_020,1,1,10704.0
P01CV16,BRG_020,2,1,52224.0
P01CV16,BRG_020,3,1,23952.0
P01CV16,BRG_020,4,1,21960.0
P01CV16,BRG_020,5,0,14280.0
P01CV16,BRG_021,0,1,39312.0
P01CV16,BRG_021,1,1,57312.0
P01CV16,BRG_021,2,1,35820.0
P01CV16,BRG_021,3,1,29556.0
P01CV16,BRG_021,4,0,6336.0
P01CV16,BRG_022,0,1,43332.0
P01CV16,BRG_022,1,1,73320.0
P01CV16,BRG_022,2,1,47112.0
P01CV16,BRG_022,3,0,4572.0
P01CV16,BRG_023,0,1,41184.0
P01CV16,BRG_023,1,1,32628.0
P01CV16,BRG_023,2,1,17580.0
P01CV16,BRG_023,3,1,23052.0
P01CV16,BRG_023,4,1,41400.0
P01CV16,BRG_023,5,0,12492.0
P01CV16,BRG_024,0,1,26532.0
P01CV16,BRG_024,1,1,40080.0
P01CV16,BRG_024,2,1,29928.0
P01CV16,BRG_024,3,1,55824.0
P01CV16,BRG_024,4,0,15972.0
P01CV16,BRG_025,0,1,50388.0
P01CV16,BRG_025,1,1,73992.0
P01CV16,BRG_025,2,1,30588.0
P01CV16,BRG_025,3,0,13368.0
P01CV16,BRG_026,0,1,42840.0
P01CV16,BRG_026,1,1,45108.0
P01CV16,BRG_026,2,1,45540.0
P01CV16,BRG_026,3,1,24228.0
P01CV16,BRG_026,4,0,10620.0
P01CV16,BRG_027,0,1,48804.0
P01CV16,BRG_027,1,1,30516.0
P01CV16,BRG_027,2,1,24096.0
P01CV16,BRG_027,3,0,64920.0
P01CV16,BRG_028,0,1,44280.0
P01CV16,BRG_028,1,1,17016.0
P01CV16,BRG_028,2,1,42876.0
P01CV16,BRG_028,3,0,64164.0
P01CV16,BRG_029,0,1,45744.0
P01CV16,BRG_029,1,1,34272.0
P01CV16,BRG_029,2,1,32808.0
P01CV16,BRG_029,3,1,26748.0
P01CV16,BRG_029,4,0,28764.0
P01CV16,BRG_030,0,1,12360.0
P01CV16,BRG_030,1,1,40020.0
P01CV16,BRG_030,2,1,21852.0
P01CV16,BRG_030,3,1,64596.0
P01CV16,BRG_030,4,1,28728.0
P01CV16,BRG_030,5,0,780.0
P01CV16,BRG_031,0,1,16668.0
P01CV16,BRG_031,1,1,28620.0
P01CV16,BRG_031,2,1,32868.0
P01CV16,BRG_031,3,1,66048.0
P01CV16,BRG_031,4,0,24132.0
P01CV16,BRG_032,0,1,23868.0
P01CV16,BRG_032,1,1,29604.0
P01CV16,BRG_032,2,1,54540.0
P01CV16,BRG_032,3,1,45660.0
P01CV16,BRG_032,4,0,14664.0
P01CV17,BRG_001,0,1,14808.0
P01CV17,BRG_001,1,1,45132.0
P01CV17,BRG_001,2,1,32496.0
P01CV17,BRG_001,3,1,38844.0
P01CV17,BRG_001,4,0,37092.0
P01CV17,BRG_002,0,1,23364.0
P01CV17,BRG_002,1,1,30276.0
P01CV17,BRG_002,2,1,35100.0
P01CV17,BRG_002,3,1,48216.0
P01CV17,BRG_002,4,0,31416.0
P01CV17,BRG_003,0,1,25656.0
P01CV17,BRG_003,1,1,42204.0
P01CV17,BRG_003,2,1,60732.0
P01CV17,BRG_003,3,0,39780.0
P01CV17,BRG_004,0,1,58764.0
P01CV17,BRG_004,1,1,27336.0
P01CV17,BRG_004,2,1,21804.0
P01CV17,BRG_004,3,1,56580.0
P01CV17,BRG_004,4,0,3888.0
P01CV17,BRG_005,0,1,39468.0
P01CV17,BRG_005,1,1,28032.0
P01CV17,BRG_005,2,1,58224.0
P01CV17,BRG_005,3,0,42648.0
P01CV17,BRG_006,0,1,40188.0
P01CV17,BRG_006,1,1,48264.0
P01CV17,BRG_006,2,1,7728.0
P01CV17,BRG_006,3,1,38580.0
P01CV17,BRG_006,4,0,33612.0
P01CV17,BRG_007,0,1,46236.0
P01CV17,BRG_007,1,1,57732.0
P01CV17,BRG_007,2,1,48468.0
P01CV17,BRG_007,3,0,15936.0
P01CV17,BRG_008,0,1,38136.0
P01CV17,BRG_008,1,1,51888.0
P01CV17,BRG_008,2,1,53316.0
P01CV17,BRG_008,3,0,25032.0
P01CV17,BRG_009,0,1,34536.0
P01CV17,BRG_009,1,1,21864.0
P01CV17,BRG_009,2,1,11952.0
P01CV17,BRG_009,3,1,28248.0
P01CV17,BRG_009,4,1,26628.0
P01CV17,BRG_009,5,0,45144.0
P01CV17,BRG_010,0,1,44976.0
P01CV17,BRG_010,1,1,5436.0
P01CV17,BRG_010,2,1,34512.0
P01CV17,BRG_010,3,1,68040.0
P01CV17,BRG_010,4,0,15408.0
P01CV17,BRG_011,0,1,40416.0
P01CV17,BRG_011,1,1,64920.0
P01CV17,BRG_011,2,1,45672.0
P01CV17,BRG_011,3,0,17364.0
P01CV17,BRG_012,0,1,37812.0
P01CV17,BRG_012,1,1,14640.0
P01CV17,BRG_012,2,1,23856.0
P01CV17,BRG_012,3,1,66276.0
P01CV17,BRG_012,4,1,19656.0
P01CV17,BRG_012,5,0,6132.0
P01CV17,BRG_013,0,1,39576.0
P01CV17,BRG_013,1,1,36816.0
P01CV17,BRG_013,2,1,42504.0
P01CV17,BRG_013,3,0,49476.0
P01CV17,BRG_014,0,1,63072.0
P01CV17,BRG_014,1,1,84480.0
P01CV17,BRG_014,2,0,20820.0
P01CV17,BRG_015,0,1,34644.0
P01CV17,BRG_015,1,1,52644.0
P01CV17,BRG_015,2,1,56616.0
P01CV17,BRG_015,3,1,23124.0
P01CV17,BRG_015,4,0,1344.0
P01CV17,BRG_016,0,1,47712.0
P01CV17,BRG_016,1,1,37104.0
P01CV17,BRG_016,2,1,53976.0
P01CV17,BRG_016,3,0,29580.0
P01CV17,BRG_017,0,1,23448.0
P01CV17,BRG_017,1,1,48156.0
P01CV17,BRG_017,2,1,93708.0
P01CV17,BRG_017,3,0,3060.0
P01CV17,BRG_018,0,1,55248.0
P01CV17,BRG_018,1,1,28428.0
P01CV17,BRG_018,2,1,61056.0
P01CV17,BRG_018,3,0,23640.0
P01CV17,BRG_019,0,1,30096.0
P01CV17,BRG_019,1,1,24804.0
P01CV17,BRG_019,2,1,17808.0
P01CV17,BRG_019,3,1,28440.0
P01CV17,BRG_019,4,1,39528.0
P01CV17,BRG_019,5,0,27696.0
P01CV17,BRG_020,0,1,73248.0
P01CV17,BRG_020,1,1,42660.0
P01CV17,BRG_020,2,1,46836.0
P01CV17,BRG_020,3,0,5628.0
P01CV17,BRG_021,0,1,24108.0
P01CV17,BRG_021,1,1,35556.0
P01CV17,BRG_021,2,1,50628.0
P01CV17,BRG_021,3,1,8448.0
P01CV17,BRG_021,4,1,40632.0
P01CV17,BRG_021,5,0,9000.0
P01CV17,BRG_022,0,1,54084.0
P01CV17,BRG_022,1,1,39396.0
P01CV17,BRG_022,2,1,25920.0
P01CV17,BRG_022,3,1,32448.0
P01CV17,BRG_022,4,0,16524.0
P01CV17,BRG_023,0,1,52008.0
P01CV17,BRG_023,1,1,43284.0
P01CV17,BRG_023,2,1,51528.0
P01CV17,BRG_023,3,0,21552.0
P01CV17,BRG_024,0,1,42372.0
P01CV17,BRG_024,1,1,24996.0
P01CV17,BRG_024,2,1,34560.0
P01CV17,BRG_024,3,1,27204.0
P01CV17,BRG_024,4,0,39240.0
P01CV17,BRG_025,0,1,36744.0
P01CV17,BRG_025,1,1,19212.0
P01CV17,BRG_025,2,1,48312.0
P01CV17,BRG_025,3,0,64104.0
P01CV17,BRG_026,0,1,11340.0
P01CV17,BRG_026,1,1,60180.0
P01CV17,BRG_026,2,1,41592.0
P01CV17,BRG_026,3,1,40632.0
P01CV17,BRG_026,4,0,14628.0
P01CV17,BRG_027,0,1,68772.0
P01CV17,BRG_027,1,1,48276.0
P01CV17,BRG_027,2,1,34200.0
P01CV17,BRG_027,3,0,17124.0
P01CV17,BRG_028,0,1,34116.0
P01CV17,BRG_028,1,1,61692.0
P01CV17,BRG_028,2,1,28152.0
P01CV17,BRG_028,3,1,25080.0
P01CV17,BRG_028,4,0,19332.0
P01CV17,BRG_029,0,1,27348.0
P01CV17,BRG_029,1,1,71640.0
P01CV17,BRG_029,2,1,21372.0
P01CV17,BRG_029,3,1,31380.0
P01CV17,BRG_029,4,0,16632.0
P01CV17,BRG_030,0,1,54624.0
P01CV17,BRG_030,1,1,37224.0
P01CV17,BRG_030,2,1,56340.0
P01CV17,BRG_030,3,0,20184.0
P01CV17,BRG_031,0,1,41496.0
P01CV17,BRG_031,1,1,30576.0
P01CV17,BRG_031,2,1,35460.0
P01CV17,BRG_031,3,1,11592.0
P01CV17,BRG_031,4,1,33444.0
P01CV17,BRG_031,5,0,15804.0
P01CV17,BRG_032,0,1,20592.0
P01CV17,BRG_032,1,1,48936.0
P01CV17,BRG_032,2,1,44676.0
P01CV17,BRG_032,3,1,30564.0
P01CV17,BRG_032,4,0,23604.0
P01CV18,BRG_001,0,1,36312.0
P01CV18,BRG_001,1,1,33192.0
P01CV18,BRG_001,2,1,20640.0
P01CV18,BRG_001,3,1,53652.0
P01CV18,BRG_001,4,0,24576.0
P01CV18,BRG_002,0,1,17376.0
P01CV18,BRG_002,1,1,11532.0
P01CV18,BRG_002,2,1,19440.0
P01CV18,BRG_002,3,1,81924.0
P01CV18,BRG_002,4,1,27768.0
P01CV18,BRG_002,5,0,10332.0
P01CV18,BRG_003,0,1,19776.0
P01CV18,BRG_003,1,1,47352.0
P01CV18,BRG_003,2,1,30024.0
P01CV18,BRG_003,3,1,51924.0
P01CV18,BRG_003,4,0,19296.0
P01CV18,BRG_004,0,1,7404.0
P01CV18,BRG_004,1,1,40356.0
P01CV18,BRG_004,2,1,66504.0
P01CV18,BRG_004,3,0,54108.0
P01CV18,BRG_005,0,1,55728.0
P01CV18,BRG_005,1,1,49956.0
P01CV18,BRG_005,2,1,18072.0
P01CV18,BRG_005,3,1,42600.0
P01CV18,BRG_005,4,0,2016.0
P01CV18,BRG_006,0,1,65184.0
P01CV18,BRG_006,1,1,42132.0
P01CV18,BRG_006,2,1,52860.0
P01CV18,BRG_006,3,0,8196.0
P01CV18,BRG_007,0,1,46104.0
P01CV18,BRG_007,1,1,35904.0
P01CV18,BRG_007,2,1,37572.0
P01CV18,BRG_007,3,1,37584.0
P01CV18,BRG_007,4,0,11208.0
P01CV18,BRG_008,0,1,38928.0
P01CV18,BRG_008,1,1,41568.0
P01CV18,BRG_008,2,1,61260.0
P01CV18,BRG_008,3,0,26616.0
P01CV18,BRG_009,0,1,40308.0
P01CV18,BRG_009,1,1,32448.0
P01CV18,BRG_009,2,1,31500.0
P01CV18,BRG_009,3,1,28788.0
P01CV18,BRG_009,4,1,19092.0
P01CV18,BRG_009,5,0,16236.0
P01CV18,BRG_010,0,1,26976.0
P01CV18,BRG_010,1,1,49824.0
P01CV18,BRG_010,2,1,36624.0
P01CV18,BRG_010,3,1,51840.0
P01CV18,BRG_010,4,0,3108.0
P01CV18,BRG_011,0,1,65100.0
P01CV18,BRG_011,1,1,42324.0
P01CV18,BRG_011,2,0,60948.0
P01CV18,BRG_012,0,1,48480.0
P01CV18,BRG_012,1,1,29412.0
P01CV18,BRG_012,2,1,63000.0
P01CV18,BRG_012,3,0,27480.0
P01CV18,BRG_013,0,1,32940.0
P01CV18,BRG_013,1,1,47088.0
P01CV18,BRG_013,2,1,52452.0
P01CV18,BRG_013,3,0,35892.0
P01CV18,BRG_014,0,1,42384.0
P01CV18,BRG_014,1,1,48060.0
P01CV18,BRG_014,2,1,62628.0
P01CV18,BRG_014,3,0,15300.0
P01CV18,BRG_015,0,1,48840.0
P01CV18,BRG_015,1,1,66288.0
P01CV18,BRG_015,2,1,33096.0
P01CV18,BRG_015,3,0,20148.0
P01CV18,BRG_016,0,1,59712.0
P01CV18,BRG_016,1,1,30936.0
P01CV18,BRG_016,2,1,55464.0
P01CV18,BRG_016,3,0,22260.0
P01CV18,BRG_017,0,1,41256.0
P01CV18,BRG_017,1,1,34284.0
P01CV18,BRG_017,2,1,52236.0
P01CV18,BRG_017,3,0,40596.0
P01CV18,BRG_018,0,1,30708.0
P01CV18,BRG_018,1,1,54408.0
P01CV18,BRG_018,2,1,31692.0
P01CV18,BRG_018,3,0,51564.0
P01CV18,BRG_019,0,1,11520.0
P01CV18,BRG_019,1,1,66924.0
P01CV18,BRG_019,2,1,21048.0
P01CV18,BRG_019,3,1,28464.0
P01CV18,BRG_019,4,0,40416.0
P01CV18,BRG_020,0,1,37020.0
P01CV18,BRG_020,1,1,34872.0
P01CV18,BRG_020,2,1,48780.0
P01CV18,BRG_020,3,1,33564.0
P01CV18,BRG_020,4,0,14136.0
P01CV18,BRG_021,0,1,38796.0
P01CV18,BRG_021,1,1,55572.0
P01CV18,BRG_021,2,1,61428.0
P01CV18,BRG_021,3,0,12576.0
P01CV18,BRG_022,0,1,38076.0
P01CV18,BRG_022,1,1,37404.0
P01CV18,BRG_022,2,1,27660.0
P01CV18,BRG_022,3,1,47088.0
P01CV18,BRG_022,4,0,18144.0
P01CV18,BRG_023,0,1,25716.0
P01CV18,BRG_023,1,1,29472.0
P01CV18,BRG_023,2,1,50124.0
P01CV18,BRG_023,3,1,49704.0
P01CV18,BRG_023,4,0,13356.0
P01CV18,BRG_024,0,1,42300.0
P01CV18,BRG_024,1,1,59028.0
P01CV18,BRG_024,2,1,45924.0
P01CV18,BRG_024,3,0,21120.0
P01CV18,BRG_025,0,1,20076.0
P01CV18,BRG_025,1,1,46224.0
P01CV18,BRG_025,2,1,34296.0
P01CV18,BRG_025,3,1,40212.0
P01CV18,BRG_025,4,1,17724.0
P01CV18,BRG_025,5,0,9840.0
P01CV18,BRG_026,0,1,72216.0
P01CV18,BRG_026,1,1,52224.0
P01CV18,BRG_026,2,1,37524.0
P01CV18,BRG_026,3,0,6408.0
P01CV18,BRG_027,0,1,38760.0
P01CV18,BRG_027,1,1,48588.0
P01CV18,BRG_027,2,1,63588.0
P01CV18,BRG_027,3,0,17436.0
P01CV18,BRG_028,0,1,24888.0
P01CV18,BRG_028,1,1,53328.0
P01CV18,BRG_028,2,1,45384.0
P01CV18,BRG_028,3,0,44772.0
P01CV18,BRG_029,0,1,43572.0
P01CV18,BRG_029,1,1,48120.0
P01CV18,BRG_029,2,1,28272.0
P01CV18,BRG_029,3,0,48408.0
P01CV18,BRG_030,0,1,47652.0
P01CV18,BRG_030,1,1,54468.0
P01CV18,BRG_030,2,1,31080.0
P01CV18,BRG_030,3,0,35172.0
P01CV18,BRG_031,0,1,27348.0
P01CV18,BRG_031,1,1,36960.0
P01CV18,BRG_031,2,1,51744.0
P01CV18,BRG_031,3,1,37008.0
P01CV18,BRG_031,4,0,15312.0
P01CV18,BRG_032,0,1,61452.0
P01CV18,BRG_032,1,1,46872.0
P01CV18,BRG_032,2,1,23736.0
P01CV18,BRG_032,3,0,36312.0
P01CV19,BRG_001,0,1,43824.0
P01CV19,BRG_001,1,1,23076.0
P01CV19,BRG_001,2,1,23316.0
P01CV19,BRG_001,3,1,34272.0
P01CV19,BRG_001,4,1,21444.0
P01CV19,BRG_001,5,0,22620.0
P01CV19,BRG_002,0,1,52272.0
P01CV19,BRG_002,1,1,39528.0
P01CV19,BRG_002,2,1,20688.0
P01CV19,BRG_002,3,1,23448.0
P01CV19,BRG_002,4,1,31164.0
P01CV19,BRG_002,5,0,1452.0
P01CV19,BRG_003,0,1,45492.0
P01CV19,BRG_003,1,1,28032.0
P01CV19,BRG_003,2,1,18336.0
P01CV19,BRG_003,3,1,59016.0
P01CV19,BRG_003,4,0,17676.0
P01CV19,BRG_004,0,1,48168.0
P01CV19,BRG_004,1,1,50136.0
P01CV19,BRG_004,2,1,34848.0
P01CV19,BRG_004,3,1,9756.0
P01CV19,BRG_004,4,0,25644.0
P01CV19,BRG_005,0,1,31608.0
P01CV19,BRG_005,1,1,57228.0
P01CV19,BRG_005,2,1,59916.0
P01CV19,BRG_005,3,0,19800.0
P01CV19,BRG_006,0,1,47004.0
P01CV19,BRG_006,1,1,55392.0
P01CV19,BRG_006,2,1,35940.0
P01CV19,BRG_006,3,1,29184.0
P01CV19,BRG_006,4,0,1032.0
P01CV19,BRG_007,0,1,57504.0
P01CV19,BRG_007,1,1,23688.0
P01CV19,BRG_007,2,1,36444.0
P01CV19,BRG_007,3,1,39276.0
P01CV19,BRG_007,4,0,11640.0
P01CV19,BRG_008,0,1,27012.0
P01CV19,BRG_008,1,1,51816.0
P01CV19,BRG_008,2,1,38580.0
P01CV19,BRG_008,3,0,51144.0
P01CV19,BRG_009,0,1,54912.0
P01CV19,BRG_009,1,1,39888.0
P01CV19,BRG_009,2,1,50592.0
P01CV19,BRG_009,3,0,23160.0
P01CV19,BRG_010,0,1,64584.0
P01CV19,BRG_010,1,1,24312.0
P01CV19,BRG_010,2,1,33120.0
P01CV19,BRG_010,3,1,36024.0
P01CV19,BRG_010,4,0,10512.0
P01CV19,BRG_011,0,1,56100.0
P01CV19,BRG_011,1,1,63912.0
P01CV19,BRG_011,2,1,33036.0
P01CV19,BRG_011,3,0,15504.0
P01CV19,BRG_012,0,1,48588.0
P01CV19,BRG_012,1,1,46224.0
P01CV19,BRG_012,2,1,68916.0
P01CV19,BRG_012,3,0,4824.0
P01CV19,BRG_013,0,1,49764.0
P01CV19,BRG_013,1,1,62448.0
P01CV19,BRG_013,2,1,33168.0
P01CV19,BRG_013,3,0,23172.0
P01CV19,BRG_014,0,1,49416.0
P01CV19,BRG_014,1,1,48324.0
P01CV19,BRG_014,2,0,70812.0
P01CV19,BRG_015,0,1,18612.0
P01CV19,BRG_015,1,1,47976.0
P01CV19,BRG_015,2,1,19308.0
P01CV19,BRG_015,3,1,19656.0
P01CV19,BRG_015,4,1,60720.0
P01CV19,BRG_015,5,0,2280.0
P01CV19,BRG_016,0,1,52476.0
P01CV19,BRG_016,1,1,77784.0
P01CV19,BRG_016,2,0,38292.0
P01CV19,BRG_017,0,1,70752.0
P01CV19,BRG_017,1,1,55320.0
P01CV19,BRG_017,2,0,42480.0
P01CV19,BRG_018,0,1,65820.0
P01CV19,BRG_018,1,1,34740.0
P01CV19,BRG_018,2,1,60816.0
P01CV19,BRG_018,3,0,7176.0
P01CV19,BRG_019,0,1,40572.0
P01CV19,BRG_019,1,1,56412.0
P01CV19,BRG_019,2,1,53184.0
P01CV19,BRG_019,3,0,18384.0
P01CV19,BRG_020,0,1,65100.0
P01CV19,BRG_020,1,1,54684.0
P01CV19,BRG_020,2,1,40548.0
P01CV19,BRG_020,3,0,8220.0
P01CV19,BRG_021,0,1,39012.0
P01CV19,BRG_021,1,1,22476.0
P01CV19,BRG_021,2,1,43908.0
P01CV19,BRG_021,3,1,19416.0
P01CV19,BRG_021,4,1,32640.0
P01CV19,BRG_021,5,0,11100.0
P01CV19,BRG_022,0,1,66624.0
P01CV19,BRG_022,1,1,47100.0
P01CV19,BRG_022,2,1,50412.0
P01CV19,BRG_022,3,0,4416.0
P01CV19,BRG_023,0,1,24384.0
P01CV19,BRG_023,1,1,56292.0
P01CV19,BRG_023,2,1,56424.0
P01CV19,BRG_023,3,0,31452.0
P01CV19,BRG_024,0,1,65952.0
P01CV19,BRG_024,1,1,23820.0
P01CV19,BRG_024,2,1,37440.0
P01CV19,BRG_024,3,1,25728.0
P01CV19,BRG_024,4,0,15612.0
P01CV19,BRG_025,0,1,46056.0
P01CV19,BRG_025,1,1,25728.0
P01CV19,BRG_025,2,1,57096.0
P01CV19,BRG_025,3,1,29052.0
P01CV19,BRG_025,4,0,10620.0
P01CV19,BRG_026,0,1,49236.0
P01CV19,BRG_026,1,1,21576.0
P01CV19,BRG_026,2,1,20304.0
P01CV19,BRG_026,3,1,66492.0
P01CV19,BRG_026,4,0,10944.0
P01CV19,BRG_027,0,1,30252.0
P01CV19,BRG_027,1,1,43644.0
P01CV19,BRG_027,2,1,19332.0
P01CV19,BRG_027,3,1,50652.0
P01CV19,BRG_027,4,0,24672.0
P01CV19,BRG_028,0,1,61356.0
P01CV19,BRG_028,1,1,17316.0
P01CV19,BRG_028,2,1,56124.0
P01CV19,BRG_028,3,0,33756.0
P01CV19,BRG_029,0,1,60624.0
P01CV19,BRG_029,1,1,47184.0
P01CV19,BRG_029,2,1,32868.0
P01CV19,BRG_029,3,0,27876.0
P01CV19,BRG_030,0,1,2988.0
P01CV19,BRG_030,1,1,33600.0
P01CV19,BRG_030,2,1,43260.0
P01CV19,BRG_030,3,1,29904.0
P01CV19,BRG_030,4,0,58800.0
P01CV19,BRG_031,0,1,30048.0
P01CV19,BRG_031,1,1,44436.0
P01CV19,BRG_031,2,1,12744.0
P01CV19,BRG_031,3,1,20856.0
P01CV19,BRG_031,4,1,25548.0
P01CV19,BRG_031,5,0,34920.0
P01CV19,BRG_032,0,1,42420.0
P01CV19,BRG_032,1,1,61932.0
P01CV19,BRG_032,2,1,46536.0
P01CV19,BRG_032,3,0,17664.0
P01CV20,BRG_001,0,1,33312.0
P01CV20,BRG_001,1,1,55236.0
P01CV20,BRG_001,2,1,54408.0
P01CV20,BRG_001,3,0,25128.0
P01CV20,BRG_002,0,1,31464.0
P01CV20,BRG_002,1,1,53520.0
P01CV20,BRG_002,2,1,26208.0
P01CV20,BRG_002,3,1,19944.0
P01CV20,BRG_002,4,0,36948.0
P01CV20,BRG_003,0,1,31020.0
P01CV20,BRG_003,1,1,74088.0
P01CV20,BRG_003,2,1,58548.0
P01CV20,BRG_003,3,0,4428.0
P01CV20,BRG_004,0,1,46944.0
P01CV20,BRG_004,1,1,36984.0
P01CV20,BRG_004,2,1,18300.0
P01CV20,BRG_004,3,1,35568.0
P01CV20,BRG_004,4,1,14808.0
P01CV20,BRG_004,5,0,15480.0
P01CV20,BRG_005,0,1,48300.0
P01CV20,BRG_005,1,1,35328.0
P01CV20,BRG_005,2,1,45432.0
P01CV20,BRG_005,3,1,21600.0
P01CV20,BRG_005,4,0,17424.0
P01CV20,BRG_006,0,1,32028.0
P01CV20,BRG_006,1,1,38556.0
P01CV20,BRG_006,2,1,3120.0
P01CV20,BRG_006,3,1,24900.0
P01CV20,BRG_006,4,1,27828.0
P01CV20,BRG_006,5,0,41652.0
P01CV20,BRG_007,0,1,49212.0
P01CV20,BRG_007,1,1,30660.0
P01CV20,BRG_007,2,1,57840.0
P01CV20,BRG_007,3,0,30372.0
P01CV20,BRG_008,0,1,22824.0
P01CV20,BRG_008,1,1,55056.0
P01CV20,BRG_008,2,1,33444.0
P01CV20,BRG_008,3,1,30480.0
P01CV20,BRG_008,4,1,20280.0
P01CV20,BRG_008,5,0,6000.0
P01CV20,BRG_009,0,1,64536.0
P01CV20,BRG_009,1,1,37632.0
P01CV20,BRG_009,2,1,39720.0
P01CV20,BRG_009,3,1,19584.0
P01CV20,BRG_009,4,0,6612.0
P01CV20,BRG_010,0,1,43272.0
P01CV20,BRG_010,1,1,34572.0
P01CV20,BRG_010,2,1,62844.0
P01CV20,BRG_010,3,0,27396.0
P01CV20,BRG_011,0,1,23172.0
P01CV20,BRG_011,1,1,37536.0
P01CV20,BRG_011,2,1,66276.0
P01CV20,BRG_011,3,0,41100.0
P01CV20,BRG_012,0,1,40968.0
P01CV20,BRG_012,1,1,29652.0
P01CV20,BRG_012,2,1,40560.0
P01CV20,BRG_012,3,1,33876.0
P01CV20,BRG_012,4,0,23028.0
P01CV20,BRG_013,0,1,61080.0
P01CV20,BRG_013,1,1,46248.0
P01CV20,BRG_013,2,1,43884.0
P01CV20,BRG_013,3,0,16872.0
P01CV20,BRG_014,0,1,37680.0
P01CV20,BRG_014,1,1,29148.0
P01CV20,BRG_014,2,1,58884.0
P01CV20,BRG_014,3,1,27264.0
P01CV20,BRG_014,4,0,15108.0
P01CV20,BRG_015,0,1,7896.0
P01CV20,BRG_015,1,1,32316.0
P01CV20,BRG_015,2,1,13008.0
P01CV20,BRG_015,3,1,85692.0
P01CV20,BRG_015,4,1,29004.0
P01CV20,BRG_015,5,0,168.0
P01CV20,BRG_016,0,1,41916.0
P01CV20,BRG_016,1,1,42504.0
P01CV20,BRG_016,2,1,9216.0
P01CV20,BRG_016,3,1,34056.0
P01CV20,BRG_016,4,1,37608.0
P01CV20,BRG_016,5,0,2784.0
P01CV20,BRG_017,0,1,5604.0
P01CV20,BRG_017,1,1,23952.0
P01CV20,BRG_017,2,1,52524.0
P01CV20,BRG_017,3,1,43404.0
P01CV20,BRG_017,4,1,26052.0
P01CV20,BRG_017,5,1,13128.0
P01CV20,BRG_017,6,0,3420.0
P01CV20,BRG_018,0,1,58344.0
P01CV20,BRG_018,1,1,54864.0
P01CV20,BRG_018,2,1,54576.0
P01CV20,BRG_018,3,0,300.0
P01CV20,BRG_019,0,1,24660.0
P01CV20,BRG_019,1,1,41892.0
P01CV20,BRG_019,2,1,20592.0
P01CV20,BRG_019,3,1,47520.0
P01CV20,BRG_019,4,0,33420.0
P01CV20,BRG_020,0,1,24600.0
P01CV20,BRG_020,1,1,13452.0
P01CV20,BRG_020,2,1,54552.0
P01CV20,BRG_020,3,1,24756.0
P01CV20,BRG_020,4,1,22812.0
P01CV20,BRG_020,5,1,20100.0
P01CV20,BRG_020,6,0,7812.0
P01CV20,BRG_021,0,1,42852.0
P01CV20,BRG_021,1,1,43068.0
P01CV20,BRG_021,2,1,28044.0
P01CV20,BRG_021,3,1,49536.0
P01CV20,BRG_021,4,0,4584.0
P01CV20,BRG_022,0,1,57132.0
P01CV20,BRG_022,1,1,39036.0
P01CV20,BRG_022,2,1,34056.0
P01CV20,BRG_022,3,0,37860.0
P01CV20,BRG_023,0,1,22548.0
P01CV20,BRG_023,1,1,52476.0
P01CV20,BRG_023,2,1,31812.0
P01CV20,BRG_023,3,1,53784.0
P01CV20,BRG_023,4,0,7464.0
P01CV20,BRG_024,0,1,74196.0
P01CV20,BRG_024,1,1,56376.0
P01CV20,BRG_024,2,0,37512.0
P01CV20,BRG_025,0,1,43500.0
P01CV20,BRG_025,1,1,76872.0
P01CV20,BRG_025,2,1,30324.0
P01CV20,BRG_025,3,0,17388.0
P01CV20,BRG_026,0,1,21960.0
P01CV20,BRG_026,1,1,37464.0
P01CV20,BRG_026,2,1,42396.0
P01CV20,BRG_026,3,1,22884.0
P01CV20,BRG_026,4,0,43380.0
P01CV20,BRG_027,0,1,40152.0
P01CV20,BRG_027,1,1,38988.0
P01CV20,BRG_027,2,1,39072.0
P01CV20,BRG_027,3,1,29136.0
P01CV20,BRG_027,4,0,20736.0
P01CV20,BRG_028,0,1,16824.0
P01CV20,BRG_028,1,1,32016.0
P01CV20,BRG_028,2,1,36732.0
P01CV20,BRG_028,3,1,47868.0
P01CV20,BRG_028,4,0,34644.0
P01CV20,BRG_029,0,1,33444.0
P01CV20,BRG_029,1,1,25392.0
P01CV20,BRG_029,2,1,18948.0
P01CV20,BRG_029,3,1,54300.0
P01CV20,BRG_029,4,1,30372.0
P01CV20,BRG_029,5,0,5628.0
P01CV20,BRG_030,0,1,42048.0
P01CV20,BRG_030,1,1,38676.0
P01CV20,BRG_030,2,1,24564.0
P01CV20,BRG_030,3,1,54780.0
P01CV20,BRG_030,4,0,8016.0
P01CV20,BRG_031,0,1,65580.0
P01CV20,BRG_031,1,1,72096.0
P01CV20,BRG_031,2,0,30408.0
P01CV20,BRG_032,0,1,25992.0
P01CV20,BRG_032,1,1,37620.0
P01CV20,BRG_032,2,1,63024.0
P01CV20,BRG_032,3,1,37248.0
P01CV20,BRG_032,4,0,4200.0
P03CV01,BRG_001,0,1,26376.0
P03CV01,BRG_001,1,1,32532.0
P03CV01,BRG_001,2,1,72696.0
P03CV01,BRG_001,3,1,29664.0
P03CV01,BRG_001,4,0,6852.0
P03CV01,BRG_002,0,1,27912.0
P03CV01,BRG_002,1,1,38700.0
P03CV01,BRG_002,2,1,42252.0
P03CV01,BRG_002,3,1,12588.0
P03CV01,BRG_002,4,1,45912.0
P03CV01,BRG_002,5,0,756.0
P03CV01,BRG_003,0,1,54072.0
P03CV01,BRG_003,1,1,44868.0
P03CV01,BRG_003,2,1,51288.0
P03CV01,BRG_003,3,0,17892.0
P03CV01,BRG_004,0,1,57708.0
P03CV01,BRG_004,1,1,44760.0
P03CV01,BRG_004,2,0,65652.0
P03CV01,BRG_005,0,1,58416.0
P03CV01,BRG_005,1,1,42780.0
P03CV01,BRG_005,2,1,60036.0
P03CV01,BRG_005,3,0,6888.0
P03CV01,BRG_006,0,1,27228.0
P03CV01,BRG_006,1,1,23472.0
P03CV01,BRG_006,2,1,73836.0
P03CV01,BRG_006,3,1,7884.0
P03CV01,BRG_006,4,0,35700.0
P03CV01,BRG_007,0,1,33204.0
P03CV01,BRG_007,1,1,21564.0
P03CV01,BRG_007,2,1,27540.0
P03CV01,BRG_007,3,1,35508.0
P03CV01,BRG_007,4,0,50304.0
P03CV01,BRG_008,0,1,40152.0
P03CV01,BRG_008,1,1,36060.0
P03CV01,BRG_008,2,1,56004.0
P03CV01,BRG_008,3,1,12204.0
P03CV01,BRG_008,4,0,23700.0
P03CV01,BRG_009,0,1,70572.0
P03CV01,BRG_009,1,1,33252.0
P03CV01,BRG_009,2,1,46788.0
P03CV01,BRG_009,3,0,17508.0
P03CV01,BRG_010,0,1,44808.0
P03CV01,BRG_010,1,1,57192.0
P03CV01,BRG_010,2,0,66120.0
P03CV01,BRG_011,0,1,36600.0
P03CV01,BRG_011,1,1,52680.0
P03CV01,BRG_011,2,1,59700.0
P03CV01,BRG_011,3,0,19140.0
P03CV01,BRG_012,0,1,53580.0
P03CV01,BRG_012,1,1,12000.0
P03CV01,BRG_012,2,1,43632.0
P03CV01,BRG_012,3,0,58908.0
P03CV01,BRG_013,0,1,43344.0
P03CV01,BRG_013,1,1,13752.0
P03CV01,BRG_013,2,1,40296.0
P03CV01,BRG_013,3,1,29460.0
P03CV01,BRG_013,4,0,41268.0
P03CV01,BRG_014,0,1,36060.0
P03CV01,BRG_014,1,1,37620.0
P03CV01,BRG_014,2,1,68544.0
P03CV01,BRG_014,3,0,25896.0
P03CV01,BRG_015,0,1,43128.0
P03CV01,BRG_015,1,1,30468.0
P03CV01,BRG_015,2,1,16428.0
P03CV01,BRG_015,3,1,36984.0
P03CV01,BRG_015,4,0,41112.0
P03CV01,BRG_016,0,1,9732.0
P03CV01,BRG_016,1,1,35808.0
P03CV01,BRG_016,2,1,54564.0
P03CV01,BRG_016,3,1,57588.0
P03CV01,BRG_016,4,0,10428.0
P03CV01,BRG_017,0,1,47448.0
P03CV01,BRG_017,1,1,29520.0
P03CV01,BRG_017,2,1,32328.0
P03CV01,BRG_017,3,1,30684.0
P03CV01,BRG_017,4,0,28140.0
P03CV01,BRG_018,0,1,18780.0
P03CV01,BRG_018,1,1,26532.0
P03CV01,BRG_018,2,1,64932.0
P03CV01,BRG_018,3,1,38220.0
P03CV01,BRG_018,4,0,19656.0
P03CV01,BRG_019,0,1,41376.0
P03CV01,BRG_019,1,1,19752.0
P03CV01,BRG_019,2,1,49248.0
P03CV01,BRG_019,3,1,3744.0
P03CV01,BRG_019,4,1,44580.0
P03CV01,BRG_019,5,0,9420.0
P03CV01,BRG_020,0,1,48624.0
P03CV01,BRG_020,1,1,44820.0
P03CV01,BRG_020,2,1,28728.0
P03CV01,BRG_020,3,1,38736.0
P03CV01,BRG_020,4,0,7212.0
P03CV01,BRG_021,0,1,38016.0
P03CV01,BRG_021,1,1,31512.0
P03CV01,BRG_021,2,1,47544.0
P03CV01,BRG_021,3,1,36732.0
P03CV01,BRG_021,4,0,14316.0
P03CV01,BRG_022,0,1,46140.0
P03CV01,BRG_022,1,1,72828.0
P03CV01,BRG_022,2,1,18420.0
P03CV01,BRG_022,3,1,22428.0
P03CV01,BRG_022,4,0,8304.0
P03CV01,BRG_023,0,1,65664.0
P03CV01,BRG_023,1,1,25020.0
P03CV01,BRG_023,2,1,49572.0
P03CV01,BRG_023,3,0,27864.0
P03CV01,BRG_024,0,1,73836.0
P03CV01,BRG_024,1,1,37932.0
P03CV01,BRG_024,2,1,53772.0
P03CV01,BRG_024,3,0,2580.0
P03CV01,BRG_025,0,1,50400.0
P03CV01,BRG_025,1,1,71448.0
P03CV01,BRG_025,2,1,41376.0
P03CV01,BRG_025,3,0,4896.0
P03CV01,BRG_026,0,1,35712.0
P03CV01,BRG_026,1,1,31032.0
P03CV01,BRG_026,2,1,67116.0
P03CV01,BRG_026,3,0,34260.0
P03CV01,BRG_027,0,1,50244.0
P03CV01,BRG_027,1,1,15000.0
P03CV01,BRG_027,2,1,19740.0
P03CV01,BRG_027,3,1,27900.0
P03CV01,BRG_027,4,1,36396.0
P03CV01,BRG_027,5,0,18840.0
P03CV01,BRG_028,0,1,29412.0
P03CV01,BRG_028,1,1,81672.0
P03CV01,BRG_028,2,0,57036.0
P03CV01,BRG_029,0,1,45180.0
P03CV01,BRG_029,1,1,44232.0
P03CV01,BRG_029,2,1,37680.0
P03CV01,BRG_029,3,1,24996.0
P03CV01,BRG_029,4,0,16032.0
P03CV01,BRG_030,0,1,76056.0
P03CV01,BRG_030,1,1,59400.0
P03CV01,BRG_030,2,1,31632.0
P03CV01,BRG_030,3,0,1032.0
P03CV01,BRG_031,0,1,47844.0
P03CV01,BRG_031,1,1,25740.0
P03CV01,BRG_031,2,1,44244.0
P03CV01,BRG_031,3,0,50292.0
P03CV01,BRG_032,0,1,39420.0
P03CV01,BRG_032,1,1,60180.0
P03CV01,BRG_032,2,1,58824.0
P03CV01,BRG_032,3,0,9696.0
P03CV01,BRG_033,0,1,45720.0
P03CV01,BRG_033,1,1,71556.0
P03CV01,BRG_033,2,0,50844.0
P03CV01,BRG_034,0,1,43308.0
P03CV01,BRG_034,1,1,64128.0
P03CV01,BRG_034,2,1,37956.0
P03CV01,BRG_034,3,0,22728.0
P03CV01,BRG_035,0,1,36876.0
P03CV01,BRG_035,1,1,55464.0
P03CV01,BRG_035,2,1,36300.0
P03CV01,BRG_035,3,0,39480.0
P03CV01,BRG_036,0,1,26220.0
P03CV01,BRG_036,1,1,29448.0
P03CV01,BRG_036,2,1,27252.0
P03CV01,BRG_036,3,1,55080.0
P03CV01,BRG_036,4,0,30120.0
P03CV01,BRG_037,0,1,44052.0
P03CV01,BRG_037,1,1,30588.0
P03CV01,BRG_037,2,1,36312.0
P03CV01,BRG_037,3,0,57168.0
P03CV01,BRG_038,0,1,49140.0
P03CV01,BRG_038,1,1,43524.0
P03CV01,BRG_038,2,1,57276.0
P03CV01,BRG_038,3,0,18180.0
P03CV02,BRG_001,0,1,45000.0
P03CV02,BRG_001,1,1,60396.0
P03CV02,BRG_001,2,1,37560.0
P03CV02,BRG_001,3,0,25020.0
P03CV02,BRG_002,0,1,66816.0
P03CV02,BRG_002,1,1,44448.0
P03CV02,BRG_002,2,1,46356.0
P03CV02,BRG_002,3,0,10356.0
P03CV02,BRG_003,0,1,81648.0
P03CV02,BRG_003,1,1,32316.0
P03CV02,BRG_003,2,0,54012.0
P03CV02,BRG_004,0,1,37296.0
P03CV02,BRG_004,1,1,39672.0
P03CV02,BRG_004,2,1,41868.0
P03CV02,BRG_004,3,0,49140.0
P03CV02,BRG_005,0,1,31104.0
P03CV02,BRG_005,1,1,68544.0
P03CV02,BRG_005,2,0,68328.0
P03CV02,BRG_006,0,1,90456.0
P03CV02,BRG_006,1,1,26964.0
P03CV02,BRG_006,2,1,30708.0
P03CV02,BRG_006,3,0,19848.0
P03CV02,BRG_007,0,1,19968.0
P03CV02,BRG_007,1,1,60480.0
P03CV02,BRG_007,2,1,49464.0
P03CV02,BRG_007,3,0,38064.0
P03CV02,BRG_008,0,1,42012.0
P03CV02,BRG_008,1,1,47796.0
P03CV02,BRG_008,2,1,29868.0
P03CV02,BRG_008,3,1,40620.0
P03CV02,BRG_008,4,0,7680.0
P03CV02,BRG_009,0,1,50148.0
P03CV02,BRG_009,1,1,47040.0
P03CV02,BRG_009,2,1,26460.0
P03CV02,BRG_009,3,0,44328.0
P03CV02,BRG_010,0,1,46656.0
P03CV02,BRG_010,1,1,66336.0
P03CV02,BRG_010,2,1,22668.0
P03CV02,BRG_010,3,0,32316.0
P03CV02,BRG_011,0,1,76704.0
P03CV02,BRG_011,1,1,26040.0
P03CV02,BRG_011,2,1,46080.0
P03CV02,BRG_011,3,0,19152.0
P03CV02,BRG_012,0,1,46716.0
P03CV02,BRG_012,1,1,63204.0
P03CV02,BRG_012,2,1,52728.0
P03CV02,BRG_012,3,0,5328.0
P03CV02,BRG_013,0,1,56592.0
P03CV02,BRG_013,1,1,17268.0
P03CV02,BRG_013,2,1,26544.0
P03CV02,BRG_013,3,1,59136.0
P03CV02,BRG_013,4,0,8436.0
P03CV02,BRG_014,0,1,43608.0
P03CV02,BRG_014,1,1,22020.0
P03CV02,BRG_014,2,1,47352.0
P03CV02,BRG_014,3,1,44316.0
P03CV02,BRG_014,4,0,10680.0
P03CV02,BRG_015,0,1,47508.0
P03CV02,BRG_015,1,1,33528.0
P03CV02,BRG_015,2,1,58920.0
P03CV02,BRG_015,3,0,28020.0
P03CV02,BRG_016,0,1,50664.0
P03CV02,BRG_016,1,1,34428.0
P03CV02,BRG_016,2,1,61680.0
P03CV02,BRG_016,3,0,21204.0
P03CV02,BRG_017,0,1,39108.0
P03CV02,BRG_017,1,1,39240.0
P03CV02,BRG_017,2,1,22236.0
P03CV02,BRG_017,3,1,65760.0
P03CV02,BRG_017,4,0,1632.0
P03CV02,BRG_018,0,1,58200.0
P03CV02,BRG_018,1,1,31644.0
P03CV02,BRG_018,2,1,56196.0
P03CV02,BRG_018,3,0,21936.0
P03CV02,BRG_019,0,1,44988.0
P03CV02,BRG_019,1,1,51912.0
P03CV02,BRG_019,2,1,49152.0
P03CV02,BRG_019,3,0,21924.0
P03CV02,BRG_020,0,1,67296.0
P03CV02,BRG_020,1,1,61272.0
P03CV02,BRG_020,2,0,39408.0
P03CV02,BRG_021,0,1,29076.0
P03CV02,BRG_021,1,1,61560.0
P03CV02,BRG_021,2,1,39456.0
P03CV02,BRG_021,3,1,29652.0
P03CV02,BRG_021,4,0,8232.0
P03CV02,BRG_022,0,1,55188.0
P03CV02,BRG_022,1,1,47136.0
P03CV02,BRG_022,2,1,28620.0
P03CV02,BRG_022,3,1,33840.0
P03CV02,BRG_022,4,0,3192.0
P03CV02,BRG_023,0,1,48540.0
P03CV02,BRG_023,1,1,60420.0
P03CV02,BRG_023,2,1,27288.0
P03CV02,BRG_023,3,1,27876.0
P03CV02,BRG_023,4,0,3852.0
P03CV02,BRG_024,0,1,41952.0
P03CV02,BRG_024,1,1,22128.0
P03CV02,BRG_024,2,1,80076.0
P03CV02,BRG_024,3,0,23820.0
P03CV02,BRG_025,0,1,29508.0
P03CV02,BRG_025,1,1,70416.0
P03CV02,BRG_025,2,1,60792.0
P03CV02,BRG_025,3,0,7260.0
P03CV02,BRG_026,0,1,60612.0
P03CV02,BRG_026,1,1,81060.0
P03CV02,BRG_026,2,0,26304.0
P03CV02,BRG_027,0,1,49152.0
P03CV02,BRG_027,1,1,45288.0
P03CV02,BRG_027,2,1,23424.0
P03CV02,BRG_027,3,1,38112.0
P03CV02,BRG_027,4,0,12000.0
P03CV02,BRG_028,0,1,73164.0
P03CV02,BRG_028,1,1,50688.0
P03CV02,BRG_028,2,1,16860.0
P03CV02,BRG_028,3,0,27264.0
P03CV02,BRG_029,0,1,67044.0
P03CV02,BRG_029,1,1,32172.0
P03CV02,BRG_029,2,1,32172.0
P03CV02,BRG_029,3,0,36588.0
P03CV02,BRG_030,0,1,57756.0
P03CV02,BRG_030,1,1,39396.0
P03CV02,BRG_030,2,1,16296.0
P03CV02,BRG_030,3,1,43428.0
P03CV02,BRG_030,4,0,11100.0
P03CV02,BRG_031,0,1,70140.0
P03CV02,BRG_031,1,1,25260.0
P03CV02,BRG_031,2,1,63000.0
P03CV02,BRG_031,3,0,9576.0
P03CV02,BRG_032,0,1,29328.0
P03CV02,BRG_032,1,1,18744.0
P03CV02,BRG_032,2,1,28860.0
P03CV02,BRG_032,3,1,32400.0
P03CV02,BRG_032,4,1,52584.0
P03CV02,BRG_032,5,0,6060.0
P03CV02,BRG_033,0,1,35532.0
P03CV02,BRG_033,1,1,38316.0
P03CV02,BRG_033,2,1,52956.0
P03CV02,BRG_033,3,0,41172.0
P03CV02,BRG_034,0,1,23076.0
P03CV02,BRG_034,1,1,59352.0
P03CV02,BRG_034,2,1,28248.0
P03CV02,BRG_034,3,0,57300.0
P03CV02,BRG_035,0,1,45492.0
P03CV02,BRG_035,1,1,49560.0
P03CV02,BRG_035,2,1,69348.0
P03CV02,BRG_035,3,0,3576.0
P03CV02,BRG_036,0,1,24912.0
P03CV02,BRG_036,1,1,57816.0
P03CV02,BRG_036,2,1,22560.0
P03CV02,BRG_036,3,1,59844.0
P03CV02,BRG_036,4,0,2844.0
P03CV02,BRG_037,0,1,49644.0
P03CV02,BRG_037,1,1,32364.0
P03CV02,BRG_037,2,1,65988.0
P03CV02,BRG_037,3,0,19980.0
P03CV02,BRG_038,0,1,35292.0
P03CV02,BRG_038,1,1,37308.0
P03CV02,BRG_038,2,1,38940.0
P03CV02,BRG_038,3,1,53208.0
P03CV02,BRG_038,4,0,3228.0
P03CV03,BRG_001,0,1,46212.0
P03CV03,BRG_001,1,1,66504.0
P03CV03,BRG_001,2,0,55548.0
P03CV03,BRG_002,0,1,33624.0
P03CV03,BRG_002,1,1,86196.0
P03CV03,BRG_002,2,0,48444.0
P03CV03,BRG_003,0,1,70500.0
P03CV03,BRG_003,1,1,53772.0
P03CV03,BRG_003,2,0,43992.0
P03CV03,BRG_004,0,1,60852.0
P03CV03,BRG_004,1,1,48900.0
P03CV03,BRG_004,2,0,58512.0
P03CV03,BRG_005,0,1,75108.0
P03CV03,BRG_005,1,1,49152.0
P03CV03,BRG_005,2,1,43956.0
P03CV03,BRG_005,3,0,48.0
P03CV03,BRG_006,0,1,43308.0
P03CV03,BRG_006,1,1,35880.0
P03CV03,BRG_006,2,1,51108.0
P03CV03,BRG_006,3,0,37968.0
P03CV03,BRG_007,0,1,25308.0
P03CV03,BRG_007,1,1,19584.0
P03CV03,BRG_007,2,1,43392.0
P03CV03,BRG_007,3,1,62244.0
P03CV03,BRG_007,4,0,17736.0
P03CV03,BRG_008,0,1,32280.0
P03CV03,BRG_008,1,1,29100.0
P03CV03,BRG_008,2,1,47928.0
P03CV03,BRG_008,3,1,45696.0
P03CV03,BRG_008,4,0,13260.0
P03CV03,BRG_009,0,1,44064.0
P03CV03,BRG_009,1,1,26616.0
P03CV03,BRG_009,2,1,50424.0
P03CV03,BRG_009,3,0,47160.0
P03CV03,BRG_010,0,1,30036.0
P03CV03,BRG_010,1,1,48780.0
P03CV03,BRG_010,2,1,58680.0
P03CV03,BRG_010,3,0,30768.0
P03CV03,BRG_011,0,1,23628.0
P03CV03,BRG_011,1,1,20616.0
P03CV03,BRG_011,2,1,44592.0
P03CV03,BRG_011,3,1,38244.0
P03CV03,BRG_011,4,1,20064.0
P03CV03,BRG_011,5,0,21120.0
P03CV03,BRG_012,0,1,35916.0
P03CV03,BRG_012,1,1,69036.0
P03CV03,BRG_012,2,1,35364.0
P03CV03,BRG_012,3,1,22656.0
P03CV03,BRG_012,4,0,5292.0
P03CV03,BRG_013,0,1,11160.0
P03CV03,BRG_013,1,1,51660.0
P03CV03,BRG_013,2,1,27684.0
P03CV03,BRG_013,3,1,43128.0
P03CV03,BRG_013,4,0,34632.0
P03CV03,BRG_014,0,1,48336.0
P03CV03,BRG_014,1,1,41388.0
P03CV03,BRG_014,2,1,52800.0
P03CV03,BRG_014,3,0,25740.0
P03CV03,BRG_015,0,1,59076.0
P03CV03,BRG_015,1,1,57228.0
P03CV03,BRG_015,2,1,51036.0
P03CV03,BRG_015,3,0,924.0
P03CV03,BRG_016,0,1,52512.0
P03CV03,BRG_016,1,1,36192.0
P03CV03,BRG_016,2,1,54576.0
P03CV03,BRG_016,3,0,24984.0
P03CV03,BRG_017,0,1,55332.0
P03CV03,BRG_017,1,1,80856.0
P03CV03,BRG_017,2,0,32076.0
P03CV03,BRG_018,0,1,66756.0
P03CV03,BRG_018,1,1,27660.0
P03CV03,BRG_018,2,1,59280.0
P03CV03,BRG_018,3,0,14568.0
P03CV03,BRG_019,0,1,46392.0
P03CV03,BRG_019,1,1,14976.0
P03CV03,BRG_019,2,1,34464.0
P03CV03,BRG_019,3,1,40380.0
P03CV03,BRG_019,4,1,24972.0
P03CV03,BRG_019,5,0,7080.0
P03CV03,BRG_020,0,1,47124.0
P03CV03,BRG_020,1,1,42720.0
P03CV03,BRG_020,2,1,45192.0
P03CV03,BRG_020,3,0,33228.0
P03CV03,BRG_021,0,1,24804.0
P03CV03,BRG_021,1,1,49524.0
P03CV03,BRG_021,2,1,67512.0
P03CV03,BRG_021,3,0,26424.0
P03CV03,BRG_022,0,1,24576.0
P03CV03,BRG_022,1,1,59052.0
P03CV03,BRG_022,2,1,73356.0
P03CV03,BRG_022,3,0,11280.0
P03CV03,BRG_023,0,1,25632.0
P03CV03,BRG_023,1,1,63792.0
P03CV03,BRG_023,2,1,46752.0
P03CV03,BRG_023,3,0,32088.0
P03CV03,BRG_024,0,1,30816.0
P03CV03,BRG_024,1,1,34296.0
P03CV03,BRG_024,2,1,48192.0
P03CV03,BRG_024,3,0,54960.0
P03CV03,BRG_025,0,1,44844.0
P03CV03,BRG_025,1,1,39468.0
P03CV03,BRG_025,2,1,54960.0
P03CV03,BRG_025,3,1,24912.0
P03CV03,BRG_025,4,0,4080.0
P03CV03,BRG_026,0,1,58176.0
P03CV03,BRG_026,1,1,44952.0
P03CV03,BRG_026,2,1,49020.0
P03CV03,BRG_026,3,0,16116.0
P03CV03,BRG_027,0,1,60624.0
P03CV03,BRG_027,1,1,48312.0
P03CV03,BRG_027,2,1,53760.0
P03CV03,BRG_027,3,0,5568.0
P03CV03,BRG_028,0,1,56448.0
P03CV03,BRG_028,1,1,51852.0
P03CV03,BRG_028,2,1,48816.0
P03CV03,BRG_028,3,0,11148.0
P03CV03,BRG_029,0,1,54840.0
P03CV03,BRG_029,1,1,43656.0
P03CV03,BRG_029,2,1,37704.0
P03CV03,BRG_029,3,0,32064.0
P03CV03,BRG_030,0,1,41424.0
P03CV03,BRG_030,1,1,35784.0
P03CV03,BRG_030,2,1,37260.0
P03CV03,BRG_030,3,1,17424.0
P03CV03,BRG_030,4,0,36372.0
P03CV03,BRG_031,0,1,47136.0
P03CV03,BRG_031,1,1,47748.0
P03CV03,BRG_031,2,1,29268.0
P03CV03,BRG_031,3,0,44112.0
P03CV03,BRG_032,0,1,38016.0
P03CV03,BRG_032,1,1,58392.0
P03CV03,BRG_032,2,0,71856.0
P03CV03,BRG_033,0,1,51252.0
P03CV03,BRG_033,1,1,86808.0
P03CV03,BRG_033,2,0,30204.0
P03CV03,BRG_034,0,1,7524.0
P03CV03,BRG_034,1,1,42096.0
P03CV03,BRG_034,2,1,72216.0
P03CV03,BRG_034,3,1,46272.0
P03CV03,BRG_034,4,0,156.0
P03CV03,BRG_035,0,1,46104.0
P03CV03,BRG_035,1,1,51132.0
P03CV03,BRG_035,2,1,47424.0
P03CV03,BRG_035,3,0,23604.0
P03CV03,BRG_036,0,1,44856.0
P03CV03,BRG_036,1,1,2316.0
P03CV03,BRG_036,2,1,81084.0
P03CV03,BRG_036,3,1,37800.0
P03CV03,BRG_036,4,0,2208.0
P03CV03,BRG_037,0,1,57948.0
P03CV03,BRG_037,1,1,60936.0
P03CV03,BRG_037,2,1,30732.0
P03CV03,BRG_037,3,0,18648.0
P03CV03,BRG_038,0,1,33084.0
P03CV03,BRG_038,1,1,50412.0
P03CV03,BRG_038,2,1,44916.0
P03CV03,BRG_038,3,0,39852.0
P03CV04,BRG_001,0,1,55428.0
P03CV04,BRG_001,1,1,54216.0
P03CV04,BRG_001,2,1,31932.0
P03CV04,BRG_001,3,0,26184.0
P03CV04,BRG_002,0,1,11616.0
P03CV04,BRG_002,1,1,21300.0
P03CV04,BRG_002,2,1,33384.0
P03CV04,BRG_002,3,1,69492.0
P03CV04,BRG_002,4,0,31968.0
P03CV04,BRG_003,0,1,41568.0
P03CV04,BRG_003,1,1,68208.0
P03CV04,BRG_003,2,1,45396.0
P03CV04,BRG_003,3,0,12588.0
P03CV04,BRG_004,0,1,46812.0
P03CV04,BRG_004,1,1,63816.0
P03CV04,BRG_004,2,1,20304.0
P03CV04,BRG_004,3,0,36828.0
P03CV04,BRG_005,0,1,51372.0
P03CV04,BRG_005,1,1,45528.0
P03CV04,BRG_005,2,1,45804.0
P03CV04,BRG_005,3,0,25056.0
P03CV04,BRG_006,0,1,27552.0
P03CV04,BRG_006,1,1,31872.0
P03CV04,BRG_006,2,1,41136.0
P03CV04,BRG_006,3,1,61860.0
P03CV04,BRG_006,4,0,5340.0
P03CV04,BRG_007,0,1,60252.0
P03CV04,BRG_007,1,1,64320.0
P03CV04,BRG_007,2,0,43188.0
P03CV04,BRG_008,0,1,71388.0
P03CV04,BRG_008,1,1,53700.0
P03CV04,BRG_008,2,1,41664.0
P03CV04,BRG_008,3,0,1008.0
P03CV04,BRG_009,0,1,33336.0
P03CV04,BRG_009,1,1,31956.0
P03CV04,BRG_009,2,1,13104.0
P03CV04,BRG_009,3,1,55956.0
P03CV04,BRG_009,4,1,21984.0
P03CV04,BRG_009,5,0,11424.0
P03CV04,BRG_010,0,1,39684.0
P03CV04,BRG_010,1,1,39816.0
P03CV04,BRG_010,2,1,62088.0
P03CV04,BRG_010,3,0,26172.0
P03CV04,BRG_011,0,1,32592.0
P03CV04,BRG_011,1,1,9816.0
P03CV04,BRG_011,2,1,36480.0
P03CV04,BRG_011,3,1,19908.0
P03CV04,BRG_011,4,1,39828.0
P03CV04,BRG_011,5,0,29136.0
P03CV04,BRG_012,0,1,38124.0
P03CV04,BRG_012,1,1,55308.0
P03CV04,BRG_012,2,1,26592.0
P03CV04,BRG_012,3,0,47736.0
P03CV04,BRG_013,0,1,69000.0
P03CV04,BRG_013,1,1,76212.0
P03CV04,BRG_013,2,0,22548.0
P03CV04,BRG_014,0,1,59748.0
P03CV04,BRG_014,1,1,6132.0
P03CV04,BRG_014,2,1,52644.0
P03CV04,BRG_014,3,1,44676.0
P03CV04,BRG_014,4,0,4560.0
P03CV04,BRG_015,0,1,39864.0
P03CV04,BRG_015,1,1,61500.0
P03CV04,BRG_015,2,1,51120.0
P03CV04,BRG_015,3,0,15276.0
P03CV04,BRG_016,0,1,60048.0
P03CV04,BRG_016,1,1,43332.0
P03CV04,BRG_016,2,0,64380.0
P03CV04,BRG_017,0,1,29004.0
P03CV04,BRG_017,1,1,29208.0
P03CV04,BRG_017,2,1,76224.0
P03CV04,BRG_017,3,0,33324.0
P03CV04,BRG_018,0,1,41100.0
P03CV04,BRG_018,1,1,28680.0
P03CV04,BRG_018,2,1,26148.0
P03CV04,BRG_018,3,1,41424.0
P03CV04,BRG_018,4,0,30408.0
P03CV04,BRG_019,0,1,61872.0
P03CV04,BRG_019,1,1,25500.0
P03CV04,BRG_019,2,1,33912.0
P03CV04,BRG_019,3,1,19944.0
P03CV04,BRG_019,4,0,26532.0
P03CV04,BRG_020,0,1,24468.0
P03CV04,BRG_020,1,1,55884.0
P03CV04,BRG_020,2,1,52860.0
P03CV04,BRG_020,3,0,34548.0
P03CV04,BRG_021,0,1,49560.0
P03CV04,BRG_021,1,1,57096.0
P03CV04,BRG_021,2,1,32748.0
P03CV04,BRG_021,3,0,28356.0
P03CV04,BRG_022,0,1,5940.0
P03CV04,BRG_022,1,1,64440.0
P03CV04,BRG_022,2,1,51792.0
P03CV04,BRG_022,3,0,45588.0
P03CV04,BRG_023,0,1,31116.0
P03CV04,BRG_023,1,1,46884.0
P03CV04,BRG_023,2,1,75024.0
P03CV04,BRG_023,3,0,14736.0
P03CV04,BRG_024,0,1,64200.0
P03CV04,BRG_024,1,1,24696.0
P03CV04,BRG_024,2,1,51504.0
P03CV04,BRG_024,3,1,25344.0
P03CV04,BRG_024,4,0,2016.0
P03CV04,BRG_025,0,1,19116.0
P03CV04,BRG_025,1,1,48912.0
P03CV04,BRG_025,2,1,25512.0
P03CV04,BRG_025,3,1,49056.0
P03CV04,BRG_025,4,0,25164.0
P03CV04,BRG_026,0,1,24240.0
P03CV04,BRG_026,1,1,29808.0
P03CV04,BRG_026,2,1,38748.0
P03CV04,BRG_026,3,1,53364.0
P03CV04,BRG_026,4,0,21600.0
P03CV04,BRG_027,0,1,35796.0
P03CV04,BRG_027,1,1,22308.0
P03CV04,BRG_027,2,1,63528.0
P03CV04,BRG_027,3,1,10992.0
P03CV04,BRG_027,4,1,28968.0
P03CV04,BRG_027,5,0,6168.0
P03CV04,BRG_028,0,1,51960.0
P03CV04,BRG_028,1,1,47184.0
P03CV04,BRG_028,2,0,68616.0
P03CV04,BRG_029,0,1,41748.0
P03CV04,BRG_029,1,1,49092.0
P03CV04,BRG_029,2,1,33120.0
P03CV04,BRG_029,3,1,33348.0
P03CV04,BRG_029,4,0,10452.0
P03CV04,BRG_030,0,1,39216.0
P03CV04,BRG_030,1,1,58752.0
P03CV04,BRG_030,2,1,49236.0
P03CV04,BRG_030,3,0,20556.0
P03CV04,BRG_031,0,1,20544.0
P03CV04,BRG_031,1,1,61140.0
P03CV04,BRG_031,2,1,44640.0
P03CV04,BRG_031,3,0,41436.0
P03CV04,BRG_032,0,1,35640.0
P03CV04,BRG_032,1,1,20880.0
P03CV04,BRG_032,2,1,38772.0
P03CV04,BRG_032,3,1,41664.0
P03CV04,BRG_032,4,0,30804.0
P03CV04,BRG_033,0,1,23604.0
P03CV04,BRG_033,1,1,5628.0
P03CV04,BRG_033,2,1,63384.0
P03CV04,BRG_033,3,1,38184.0
P03CV04,BRG_033,4,0,36960.0
P03CV04,BRG_034,0,1,27564.0
P03CV04,BRG_034,1,1,42540.0
P03CV04,BRG_034,2,1,21948.0
P03CV04,BRG_034,3,1,39720.0
P03CV04,BRG_034,4,1,19716.0
P03CV04,BRG_034,5,0,16272.0
P03CV04,BRG_035,0,1,6192.0
P03CV04,BRG_035,1,1,48912.0
P03CV04,BRG_035,2,1,46968.0
P03CV04,BRG_035,3,1,35388.0
P03CV04,BRG_035,4,0,30300.0
P03CV04,BRG_036,0,1,90084.0
P03CV04,BRG_036,1,1,28668.0
P03CV04,BRG_036,2,0,49008.0
P03CV04,BRG_037,0,1,14868.0
P03CV04,BRG_037,1,1,38160.0
P03CV04,BRG_037,2,1,51744.0
P03CV04,BRG_037,3,0,62988.0
P03CV04,BRG_038,0,1,44940.0
P03CV04,BRG_038,1,1,16188.0
P03CV04,BRG_038,2,1,65256.0
P03CV04,BRG_038,3,1,25356.0
P03CV04,BRG_038,4,0,16020.0
P03CV05,BRG_001,0,1,72540.0
P03CV05,BRG_001,1,1,16920.0
P03CV05,BRG_001,2,1,54720.0
P03CV05,BRG_001,3,0,24048.0
P03CV05,BRG_002,0,1,59124.0
P03CV05,BRG_002,1,1,61380.0
P03CV05,BRG_002,2,1,17976.0
P03CV05,BRG_002,3,1,26928.0
P03CV05,BRG_002,4,0,2820.0
P03CV05,BRG_003,0,1,46020.0
P03CV05,BRG_003,1,1,58932.0
P03CV05,BRG_003,2,1,46620.0
P03CV05,BRG_003,3,0,16656.0
P03CV05,BRG_004,0,1,63240.0
P03CV05,BRG_004,1,1,31572.0
P03CV05,BRG_004,2,1,35832.0
P03CV05,BRG_004,3,0,37584.0
P03CV05,BRG_005,0,1,62796.0
P03CV05,BRG_005,1,1,64032.0
P03CV05,BRG_005,2,1,38664.0
P03CV05,BRG_005,3,0,2736.0
P03CV05,BRG_006,0,1,52956.0
P03CV05,BRG_006,1,1,34908.0
P03CV05,BRG_006,2,1,55116.0
P03CV05,BRG_006,3,0,25248.0
P03CV05,BRG_007,0,1,25284.0
P03CV05,BRG_007,1,1,56736.0
P03CV05,BRG_007,2,1,50400.0
P03CV05,BRG_007,3,1,27096.0
P03CV05,BRG_007,4,0,8712.0
P03CV05,BRG_008,0,1,40356.0
P03CV05,BRG_008,1,1,51648.0
P03CV05,BRG_008,2,0,76224.0
P03CV05,BRG_009,0,1,21888.0
P03CV05,BRG_009,1,1,54960.0
P03CV05,BRG_009,2,1,60252.0
P03CV05,BRG_009,3,0,31128.0
P03CV05,BRG_010,0,1,11532.0
P03CV05,BRG_010,1,1,50100.0
P03CV05,BRG_010,2,1,69096.0
P03CV05,BRG_010,3,0,37500.0
P03CV05,BRG_011,0,1,13260.0
P03CV05,BRG_011,1,1,84288.0
P03CV05,BRG_011,2,1,36864.0
P03CV05,BRG_011,3,0,33816.0
P03CV05,BRG_012,0,1,74100.0
P03CV05,BRG_012,1,1,13272.0
P03CV05,BRG_012,2,1,52308.0
P03CV05,BRG_012,3,0,28548.0
P03CV05,BRG_013,0,1,35496.0
P03CV05,BRG_013,1,1,38808.0
P03CV05,BRG_013,2,1,55968.0
P03CV05,BRG_013,3,1,30564.0
P03CV05,BRG_013,4,0,7392.0
P03CV05,BRG_014,0,1,29592.0
P03CV05,BRG_014,1,1,51744.0
P03CV05,BRG_014,2,1,45264.0
P03CV05,BRG_014,3,0,41628.0
P03CV05,BRG_015,0,1,52596.0
P03CV05,BRG_015,1,1,82500.0
P03CV05,BRG_015,2,0,33132.0
P03CV05,BRG_016,0,1,63444.0
P03CV05,BRG_016,1,1,69060.0
P03CV05,BRG_016,2,0,35724.0
P03CV05,BRG_017,0,1,42468.0
P03CV05,BRG_017,1,1,28644.0
P03CV05,BRG_017,2,1,78144.0
P03CV05,BRG_017,3,0,18972.0
P03CV05,BRG_018,0,1,44832.0
P03CV05,BRG_018,1,1,63396.0
P03CV05,BRG_018,2,1,37740.0
P03CV05,BRG_018,3,0,22260.0
P03CV05,BRG_019,0,1,39072.0
P03CV05,BRG_019,1,1,32616.0
P03CV05,BRG_019,2,1,29424.0
P03CV05,BRG_019,3,1,38124.0
P03CV05,BRG_019,4,0,28992.0
P03CV05,BRG_020,0,1,77940.0
P03CV05,BRG_020,1,1,28788.0
P03CV05,BRG_020,2,1,17772.0
P03CV05,BRG_020,3,0,43728.0
P03CV05,BRG_021,0,1,44844.0
P03CV05,BRG_021,1,1,49716.0
P03CV05,BRG_021,2,1,25188.0
P03CV05,BRG_021,3,1,45408.0
P03CV05,BRG_021,4,0,3072.0
P03CV05,BRG_022,0,1,37656.0
P03CV05,BRG_022,1,1,65052.0
P03CV05,BRG_022,2,1,50892.0
P03CV05,BRG_022,3,0,14628.0
P03CV05,BRG_023,0,1,61692.0
P03CV05,BRG_023,1,1,44712.0
P03CV05,BRG_023,2,1,36912.0
P03CV05,BRG_023,3,0,24912.0
P03CV05,BRG_024,0,1,33972.0
P03CV05,BRG_024,1,1,60432.0
P03CV05,BRG_024,2,1,23844.0
P03CV05,BRG_024,3,1,41808.0
P03CV05,BRG_024,4,0,8172.0
P03CV05,BRG_025,0,1,53028.0
P03CV05,BRG_025,1,1,49944.0
P03CV05,BRG_025,2,1,16788.0
P03CV05,BRG_025,3,1,33480.0
P03CV05,BRG_025,4,0,14988.0
P03CV05,BRG_026,0,1,18960.0
P03CV05,BRG_026,1,1,56340.0
P03CV05,BRG_026,2,1,52164.0
P03CV05,BRG_026,3,0,40764.0
P03CV05,BRG_027,0,1,52392.0
P03CV05,BRG_027,1,1,53472.0
P03CV05,BRG_027,2,1,42468.0
P03CV05,BRG_027,3,0,19896.0
P03CV05,BRG_028,0,1,35796.0
P03CV05,BRG_028,1,1,58356.0
P03CV05,BRG_028,2,1,13320.0
P03CV05,BRG_028,3,0,60756.0
P03CV05,BRG_029,0,1,56568.0
P03CV05,BRG_029,1,1,40248.0
P03CV05,BRG_029,2,1,53280.0
P03CV05,BRG_029,3,0,18132.0
P03CV05,BRG_030,0,1,32208.0
P03CV05,BRG_030,1,1,32088.0
P03CV05,BRG_030,2,1,42972.0
P03CV05,BRG_030,3,1,40308.0
P03CV05,BRG_030,4,0,20652.0
P03CV05,BRG_031,0,1,38796.0
P03CV05,BRG_031,1,1,63972.0
P03CV05,BRG_031,2,0,65460.0
P03CV05,BRG_032,0,1,46536.0
P03CV05,BRG_032,1,1,53724.0
P03CV05,BRG_032,2,0,67968.0
P03CV05,BRG_033,0,1,52092.0
P03CV05,BRG_033,1,1,31452.0
P03CV05,BRG_033,2,1,59712.0
P03CV05,BRG_033,3,0,24972.0
P03CV05,BRG_034,0,1,68268.0
P03CV05,BRG_034,1,1,54540.0
P03CV05,BRG_034,2,0,45420.0
P03CV05,BRG_035,0,1,50016.0
P03CV05,BRG_035,1,1,71388.0
P03CV05,BRG_035,2,1,26016.0
P03CV05,BRG_035,3,0,20808.0
P03CV05,BRG_036,0,1,17892.0
P03CV05,BRG_036,1,1,44604.0
P03CV05,BRG_036,2,1,48696.0
P03CV05,BRG_036,3,1,51840.0
P03CV05,BRG_036,4,0,5196.0
P03CV05,BRG_037,0,1,55116.0
P03CV05,BRG_037,1,1,48780.0
P03CV05,BRG_037,2,0,64332.0
P03CV05,BRG_038,0,1,74484.0
P03CV05,BRG_038,1,1,74616.0
P03CV05,BRG_038,2,0,19128.0
P03CV06,BRG_001,0,1,45120.0
P03CV06,BRG_001,1,1,57912.0
P03CV06,BRG_001,2,1,46608.0
P03CV06,BRG_001,3,0,18228.0
P03CV06,BRG_002,0,1,43452.0
P03CV06,BRG_002,1,1,39756.0
P03CV06,BRG_002,2,1,67176.0
P03CV06,BRG_002,3,0,17484.0
P03CV06,BRG_003,0,1,47316.0
P03CV06,BRG_003,1,1,44424.0
P03CV06,BRG_003,2,1,33912.0
P03CV06,BRG_003,3,1,38700.0
P03CV06,BRG_003,4,0,3516.0
P03CV06,BRG_004,0,1,35940.0
P03CV06,BRG_004,1,1,40848.0
P03CV06,BRG_004,2,1,31080.0
P03CV06,BRG_004,3,1,40800.0
P03CV06,BRG_004,4,0,19200.0
P03CV06,BRG_005,0,1,50916.0
P03CV06,BRG_005,1,1,67860.0
P03CV06,BRG_005,2,0,49092.0
P03CV06,BRG_006,0,1,12432.0
P03CV06,BRG_006,1,1,54360.0
P03CV06,BRG_006,2,1,56520.0
P03CV06,BRG_006,3,1,36720.0
P03CV06,BRG_006,4,0,7836.0
P03CV06,BRG_007,0,1,25692.0
P03CV06,BRG_007,1,1,61476.0
P03CV06,BRG_007,2,1,54576.0
P03CV06,BRG_007,3,0,26124.0
P03CV06,BRG_008,0,1,53268.0
P03CV06,BRG_008,1,1,17508.0
P03CV06,BRG_008,2,1,39708.0
P03CV06,BRG_008,3,1,34164.0
P03CV06,BRG_008,4,0,23220.0
P03CV06,BRG_009,0,1,52284.0
P03CV06,BRG_009,1,1,64464.0
P03CV06,BRG_009,2,1,43068.0
P03CV06,BRG_009,3,0,8052.0
P03CV06,BRG_010,0,1,15504.0
P03CV06,BRG_010,1,1,63648.0
P03CV06,BRG_010,2,1,23580.0
P03CV06,BRG_010,3,0,65136.0
P03CV06,BRG_011,0,1,41916.0
P03CV06,BRG_011,1,1,45696.0
P03CV06,BRG_011,2,1,32424.0
P03CV06,BRG_011,3,1,36660.0
P03CV06,BRG_011,4,0,11172.0
P03CV06,BRG_012,0,1,58392.0
P03CV06,BRG_012,1,1,37716.0
P03CV06,BRG_012,2,1,38868.0
P03CV06,BRG_012,3,0,32892.0
P03CV06,BRG_013,0,1,66276.0
P03CV06,BRG_013,1,1,16260.0
P03CV06,BRG_013,2,1,57600.0
P03CV06,BRG_013,3,1,23436.0
P03CV06,BRG_013,4,0,4296.0
P03CV06,BRG_014,0,1,50352.0
P03CV06,BRG_014,1,1,54624.0
P03CV06,BRG_014,2,0,62892.0
P03CV06,BRG_015,0,1,77016.0
P03CV06,BRG_015,1,1,34032.0
P03CV06,BRG_015,2,1,36912.0
P03CV06,BRG_015,3,0,19908.0
P03CV06,BRG_016,0,1,56532.0
P03CV06,BRG_016,1,1,66168.0
P03CV06,BRG_016,2,0,45168.0
P03CV06,BRG_017,0,1,40320.0
P03CV06,BRG_017,1,1,37716.0
P03CV06,BRG_017,2,1,52284.0
P03CV06,BRG_017,3,0,37548.0
P03CV06,BRG_018,0,1,54696.0
P03CV06,BRG_018,1,1,33804.0
P03CV06,BRG_018,2,1,13032.0
P03CV06,BRG_018,3,1,58440.0
P03CV06,BRG_018,4,0,7896.0
P03CV06,BRG_019,0,1,33852.0
P03CV06,BRG_019,1,1,40716.0
P03CV06,BRG_019,2,1,26100.0
P03CV06,BRG_019,3,1,61044.0
P03CV06,BRG_019,4,0,6156.0
P03CV06,BRG_020,0,1,37776.0
P03CV06,BRG_020,1,1,42396.0
P03CV06,BRG_020,2,1,35436.0
P03CV06,BRG_020,3,1,48996.0
P03CV06,BRG_020,4,0,3264.0
P03CV06,BRG_021,0,1,70548.0
P03CV06,BRG_021,1,1,52800.0
P03CV06,BRG_021,2,0,44520.0
P03CV06,BRG_022,0,1,53160.0
P03CV06,BRG_022,1,1,24420.0
P03CV06,BRG_022,2,1,26520.0
P03CV06,BRG_022,3,1,25176.0
P03CV06,BRG_022,4,0,38592.0
P03CV06,BRG_023,0,1,48552.0
P03CV06,BRG_023,1,1,33660.0
P03CV06,BRG_023,2,1,15696.0
P03CV06,BRG_023,3,1,49752.0
P03CV06,BRG_023,4,0,20208.0
P03CV06,BRG_024,0,1,30120.0
P03CV06,BRG_024,1,1,46248.0
P03CV06,BRG_024,2,1,24384.0
P03CV06,BRG_024,3,1,52980.0
P03CV06,BRG_024,4,0,14136.0
P03CV06,BRG_025,0,1,39324.0
P03CV06,BRG_025,1,1,66312.0
P03CV06,BRG_025,2,1,41676.0
P03CV06,BRG_025,3,0,20556.0
P03CV06,BRG_026,0,1,27204.0
P03CV06,BRG_026,1,1,52224.0
P03CV06,BRG_026,2,1,58152.0
P03CV06,BRG_026,3,0,30288.0
P03CV06,BRG_027,0,1,60492.0
P03CV06,BRG_027,1,1,69492.0
P03CV06,BRG_027,2,0,37884.0
P03CV06,BRG_028,0,1,37260.0
P03CV06,BRG_028,1,1,50844.0
P03CV06,BRG_028,2,1,39288.0
P03CV06,BRG_028,3,1,24480.0
P03CV06,BRG_028,4,0,15996.0
P03CV06,BRG_029,0,1,44052.0
P03CV06,BRG_029,1,1,40584.0
P03CV06,BRG_029,2,1,47388.0
P03CV06,BRG_029,3,0,35844.0
P03CV06,BRG_030,0,1,40476.0
P03CV06,BRG_030,1,1,14856.0
P03CV06,BRG_030,2,1,63084.0
P03CV06,BRG_030,3,1,37356.0
P03CV06,BRG_030,4,0,12096.0
P03CV06,BRG_031,0,1,82740.0
P03CV06,BRG_031,1,1,59304.0
P03CV06,BRG_031,2,0,25824.0
P03CV06,BRG_032,0,1,14268.0
P03CV06,BRG_032,1,1,13548.0
P03CV06,BRG_032,2,1,50136.0
P03CV06,BRG_032,3,1,62868.0
P03CV06,BRG_032,4,0,27048.0
P03CV06,BRG_033,0,1,42840.0
P03CV06,BRG_033,1,1,72132.0
P03CV06,BRG_033,2,1,27900.0
P03CV06,BRG_033,3,0,24996.0
P03CV06,BRG_034,0,1,26160.0
P03CV06,BRG_034,1,1,43428.0
P03CV06,BRG_034,2,1,29004.0
P03CV06,BRG_034,3,1,26688.0
P03CV06,BRG_034,4,0,42588.0
P03CV06,BRG_035,0,1,55704.0
P03CV06,BRG_035,1,1,76284.0
P03CV06,BRG_035,2,0,35880.0
P03CV06,BRG_036,0,1,46344.0
P03CV06,BRG_036,1,1,23568.0
P03CV06,BRG_036,2,1,37944.0
P03CV06,BRG_036,3,1,51804.0
P03CV06,BRG_036,4,1,7716.0
P03CV06,BRG_036,5,0,492.0
P03CV06,BRG_037,0,1,19128.0
P03CV06,BRG_037,1,1,42468.0
P03CV06,BRG_037,2,1,70560.0
P03CV06,BRG_037,3,1,35472.0
P03CV06,BRG_037,4,0,240.0
P03CV06,BRG_038,0,1,36552.0
P03CV06,BRG_038,1,1,35664.0
P03CV06,BRG_038,2,1,27168.0
P03CV06,BRG_038,3,1,51060.0
P03CV06,BRG_038,4,0,17424.0
P03CV07,BRG_001,0,1,45912.0
P03CV07,BRG_001,1,1,56844.0
P03CV07,BRG_001,2,1,36624.0
P03CV07,BRG_001,3,0,28200.0
P03CV07,BRG_002,0,1,32196.0
P03CV07,BRG_002,1,1,51372.0
P03CV07,BRG_002,2,1,61188.0
P03CV07,BRG_002,3,0,22824.0
P03CV07,BRG_003,0,1,18036.0
P03CV07,BRG_003,1,1,49716.0
P03CV07,BRG_003,2,1,52644.0
P03CV07,BRG_003,3,1,12516.0
P03CV07,BRG_003,4,1,28752.0
P03CV07,BRG_003,5,0,5916.0
P03CV07,BRG_004,0,1,25920.0
P03CV07,BRG_004,1,1,29040.0
P03CV07,BRG_004,2,1,33804.0
P03CV07,BRG_004,3,1,59292.0
P03CV07,BRG_004,4,0,19524.0
P03CV07,BRG_005,0,1,71388.0
P03CV07,BRG_005,1,1,45312.0
P03CV07,BRG_005,2,1,41100.0
P03CV07,BRG_005,3,0,9780.0
P03CV07,BRG_006,0,1,32376.0
P03CV07,BRG_006,1,1,35388.0
P03CV07,BRG_006,2,1,48828.0
P03CV07,BRG_006,3,1,50100.0
P03CV07,BRG_006,4,0,888.0
P03CV07,BRG_007,0,1,26316.0
P03CV07,BRG_007,1,1,25476.0
P03CV07,BRG_007,2,1,55152.0
P03CV07,BRG_007,3,1,57588.0
P03CV07,BRG_007,4,0,3048.0
P03CV07,BRG_008,0,1,45996.0
P03CV07,BRG_008,1,1,57720.0
P03CV07,BRG_008,2,1,28728.0
P03CV07,BRG_008,3,1,28992.0
P03CV07,BRG_008,4,0,6144.0
P03CV07,BRG_009,0,1,9600.0
P03CV07,BRG_009,1,1,62016.0
P03CV07,BRG_009,2,1,44892.0
P03CV07,BRG_009,3,1,35376.0
P03CV07,BRG_009,4,0,15696.0
P03CV07,BRG_010,0,1,57204.0
P03CV07,BRG_010,1,1,53412.0
P03CV07,BRG_010,2,1,46968.0
P03CV07,BRG_010,3,0,9996.0
P03CV07,BRG_011,0,1,47724.0
P03CV07,BRG_011,1,1,39972.0
P03CV07,BRG_011,2,1,49080.0
P03CV07,BRG_011,3,1,27192.0
P03CV07,BRG_011,4,0,3612.0
P03CV07,BRG_012,0,1,44244.0
P03CV07,BRG_012,1,1,23448.0
P03CV07,BRG_012,2,1,36084.0
P03CV07,BRG_012,3,1,10632.0
P03CV07,BRG_012,4,0,53172.0
P03CV07,BRG_013,0,1,51300.0
P03CV07,BRG_013,1,1,32796.0
P03CV07,BRG_013,2,1,22152.0
P03CV07,BRG_013,3,1,43884.0
P03CV07,BRG_013,4,0,17448.0
P03CV07,BRG_014,0,1,52116.0
P03CV07,BRG_014,1,1,46008.0
P03CV07,BRG_014,2,1,24600.0
P03CV07,BRG_014,3,1,42636.0
P03CV07,BRG_014,4,0,2220.0
P03CV07,BRG_015,0,1,40512.0
P03CV07,BRG_015,1,1,51216.0
P03CV07,BRG_015,2,1,43440.0
P03CV07,BRG_015,3,1,21216.0
P03CV07,BRG_015,4,0,11196.0
P03CV07,BRG_016,0,1,26736.0
P03CV07,BRG_016,1,1,39420.0
P03CV07,BRG_016,2,1,17400.0
P03CV07,BRG_016,3,1,34908.0
P03CV07,BRG_016,4,1,35940.0
P03CV07,BRG_016,5,0,13176.0
P03CV07,BRG_017,0,1,36864.0
P03CV07,BRG_017,1,1,45840.0
P03CV07,BRG_017,2,1,27684.0
P03CV07,BRG_017,3,0,57192.0
P03CV07,BRG_018,0,1,32880.0
P03CV07,BRG_018,1,1,31752.0
P03CV07,BRG_018,2,1,56376.0
P03CV07,BRG_018,3,1,40308.0
P03CV07,BRG_018,4,0,6264.0
P03CV07,BRG_019,0,1,74736.0
P03CV07,BRG_019,1,1,40200.0
P03CV07,BRG_019,2,0,52644.0
P03CV07,BRG_020,0,1,43092.0
P03CV07,BRG_020,1,1,70896.0
P03CV07,BRG_020,2,1,8460.0
P03CV07,BRG_020,3,0,45132.0
P03CV07,BRG_021,0,1,60420.0
P03CV07,BRG_021,1,1,77664.0
P03CV07,BRG_021,2,0,29496.0
P03CV07,BRG_022,0,1,32628.0
P03CV07,BRG_022,1,1,22056.0
P03CV07,BRG_022,2,1,45300.0
P03CV07,BRG_022,3,1,28692.0
P03CV07,BRG_022,4,1,32700.0
P03CV07,BRG_022,5,0,6204.0
P03CV07,BRG_023,0,1,29424.0
P03CV07,BRG_023,1,1,38256.0
P03CV07,BRG_023,2,1,16164.0
P03CV07,BRG_023,3,1,23904.0
P03CV07,BRG_023,4,1,43848.0
P03CV07,BRG_023,5,0,15984.0
P03CV07,BRG_024,0,1,52980.0
P03CV07,BRG_024,1,1,38448.0
P03CV07,BRG_024,2,1,47772.0
P03CV07,BRG_024,3,0,28380.0
P03CV07,BRG_025,0,1,31824.0
P03CV07,BRG_025,1,1,34800.0
P03CV07,BRG_025,2,1,12024.0
P03CV07,BRG_025,3,1,31032.0
P03CV07,BRG_025,4,1,40776.0
P03CV07,BRG_025,5,0,17124.0
P03CV07,BRG_026,0,1,19416.0
P03CV07,BRG_026,1,1,69480.0
P03CV07,BRG_026,2,1,54012.0
P03CV07,BRG_026,3,0,24672.0
P03CV07,BRG_027,0,1,15060.0
P03CV07,BRG_027,1,1,71736.0
P03CV07,BRG_027,2,1,36012.0
P03CV07,BRG_027,3,0,44772.0
P03CV07,BRG_028,0,1,44400.0
P03CV07,BRG_028,1,1,51360.0
P03CV07,BRG_028,2,1,59352.0
P03CV07,BRG_028,3,0,12468.0
P03CV07,BRG_029,0,1,54648.0
P03CV07,BRG_029,1,1,49848.0
P03CV07,BRG_029,2,1,31164.0
P03CV07,BRG_029,3,0,31920.0
P03CV07,BRG_030,0,1,34644.0
P03CV07,BRG_030,1,1,18060.0
P03CV07,BRG_030,2,1,53292.0
P03CV07,BRG_030,3,1,45804.0
P03CV07,BRG_030,4,0,15780.0
P03CV07,BRG_031,0,1,15696.0
P03CV07,BRG_031,1,1,92676.0
P03CV07,BRG_031,2,1,36324.0
P03CV07,BRG_031,3,0,22884.0
P03CV07,BRG_032,0,1,67116.0
P03CV07,BRG_032,1,1,33732.0
P03CV07,BRG_032,2,1,57324.0
P03CV07,BRG_032,3,0,9408.0
P03CV07,BRG_033,0,1,30372.0
P03CV07,BRG_033,1,1,57672.0
P03CV07,BRG_033,2,1,26376.0
P03CV07,BRG_033,3,1,37956.0
P03CV07,BRG_033,4,0,15204.0
P03CV07,BRG_034,0,1,50856.0
P03CV07,BRG_034,1,1,42996.0
P03CV07,BRG_034,2,1,62280.0
P03CV07,BRG_034,3,0,11448.0
P03CV07,BRG_035,0,1,60744.0
P03CV07,BRG_035,1,1,27480.0
P03CV07,BRG_035,2,1,60912.0
P03CV07,BRG_035,3,0,18444.0
P03CV07,BRG_036,0,1,43152.0
P03CV07,BRG_036,1,1,75564.0
P03CV07,BRG_036,2,0,48864.0
P03CV07,BRG_037,0,1,38868.0
P03CV07,BRG_037,1,1,45312.0
P03CV07,BRG_037,2,1,56964.0
P03CV07,BRG_037,3,1,16644.0
P03CV07,BRG_037,4,0,9792.0
P03CV07,BRG_038,0,1,60972.0
P03CV07,BRG_038,1,1,86544.0
P03CV07,BRG_038,2,0,20064.0
P03CV08,BRG_001,0,1,61836.0
P03CV08,BRG_001,1,1,72804.0
P03CV08,BRG_001,2,1,14748.0
P03CV08,BRG_001,3,0,19020.0
P03CV08,BRG_002,0,1,22032.0
P03CV08,BRG_002,1,1,58608.0
P03CV08,BRG_002,2,1,66912.0
P03CV08,BRG_002,3,0,20856.0
P03CV08,BRG_003,0,1,33348.0
P03CV08,BRG_003,1,1,102756.0
P03CV08,BRG_003,2,0,32304.0
P03CV08,BRG_004,0,1,24900.0
P03CV08,BRG_004,1,1,39264.0
P03CV08,BRG_004,2,1,31812.0
P03CV08,BRG_004,3,1,65892.0
P03CV08,BRG_004,4,0,6540.0
P03CV08,BRG_005,0,1,55596.0
P03CV08,BRG_005,1,1,62076.0
P03CV08,BRG_005,2,1,36456.0
P03CV08,BRG_005,3,0,14280.0
P03CV08,BRG_006,0,1,56148.0
P03CV08,BRG_006,1,1,78612.0
P03CV08,BRG_006,2,1,32820.0
P03CV08,BRG_006,3,0,828.0
P03CV08,BRG_007,0,1,65460.0
P03CV08,BRG_007,1,1,62892.0
P03CV08,BRG_007,2,1,25020.0
P03CV08,BRG_007,3,0,15036.0
P03CV08,BRG_008,0,1,43116.0
P03CV08,BRG_008,1,1,47964.0
P03CV08,BRG_008,2,1,65868.0
P03CV08,BRG_008,3,0,11460.0
P03CV08,BRG_009,0,1,48624.0
P03CV08,BRG_009,1,1,19260.0
P03CV08,BRG_009,2,1,27888.0
P03CV08,BRG_009,3,1,13464.0
P03CV08,BRG_009,4,1,41244.0
P03CV08,BRG_009,5,0,17928.0
P03CV08,BRG_010,0,1,10284.0
P03CV08,BRG_010,1,1,60768.0
P03CV08,BRG_010,2,1,62976.0
P03CV08,BRG_010,3,1,23268.0
P03CV08,BRG_010,4,0,11112.0
P03CV08,BRG_011,0,1,51708.0
P03CV08,BRG_011,1,1,34308.0
P03CV08,BRG_011,2,1,75024.0
P03CV08,BRG_011,3,0,7368.0
P03CV08,BRG_012,0,1,43056.0
P03CV08,BRG_012,1,1,60660.0
P03CV08,BRG_012,2,0,64692.0
P03CV08,BRG_013,0,1,41472.0
P03CV08,BRG_013,1,1,84708.0
P03CV08,BRG_013,2,0,42228.0
P03CV08,BRG_014,0,1,17016.0
P03CV08,BRG_014,1,1,42432.0
P03CV08,BRG_014,2,1,54804.0
P03CV08,BRG_014,3,0,54156.0
P03CV08,BRG_015,0,1,33048.0
P03CV08,BRG_015,1,1,45996.0
P03CV08,BRG_015,2,1,76644.0
P03CV08,BRG_015,3,0,12720.0
P03CV08,BRG_016,0,1,38448.0
P03CV08,BRG_016,1,1,51204.0
P03CV08,BRG_016,2,1,48168.0
P03CV08,BRG_016,3,0,30588.0
P03CV08,BRG_017,0,1,42804.0
P03CV08,BRG_017,1,1,74112.0
P03CV08,BRG_017,2,0,51492.0
P03CV08,BRG_018,0,1,35676.0
P03CV08,BRG_018,1,1,47112.0
P03CV08,BRG_018,2,1,26700.0
P03CV08,BRG_018,3,1,23592.0
P03CV08,BRG_018,4,1,34392.0
P03CV08,BRG_018,5,0,936.0
P03CV08,BRG_019,0,1,17532.0
P03CV08,BRG_019,1,1,22656.0
P03CV08,BRG_019,2,1,57228.0
P03CV08,BRG_019,3,0,70992.0
P03CV08,BRG_020,0,1,45780.0
P03CV08,BRG_020,1,1,10236.0
P03CV08,BRG_020,2,1,59208.0
P03CV08,BRG_020,3,1,31572.0
P03CV08,BRG_020,4,0,21612.0
P03CV08,BRG_021,0,1,83580.0
P03CV08,BRG_021,1,1,41556.0
P03CV08,BRG_021,2,1,34032.0
P03CV08,BRG_021,3,0,9240.0
P03CV08,BRG_022,0,1,53352.0
P03CV08,BRG_022,1,1,38040.0
P03CV08,BRG_022,2,1,63276.0
P03CV08,BRG_022,3,0,13740.0
P03CV08,BRG_023,0,1,50844.0
P03CV08,BRG_023,1,1,47988.0
P03CV08,BRG_023,2,1,45132.0
P03CV08,BRG_023,3,0,24444.0
P03CV08,BRG_024,0,1,25032.0
P03CV08,BRG_024,1,1,61380.0
P03CV08,BRG_024,2,1,42408.0
P03CV08,BRG_024,3,0,39588.0
P03CV08,BRG_025,0,1,45480.0
P03CV08,BRG_025,1,1,47796.0
P03CV08,BRG_025,2,1,41472.0
P03CV08,BRG_025,3,0,33660.0
P03CV08,BRG_026,0,1,33792.0
P03CV08,BRG_026,1,1,57684.0
P03CV08,BRG_026,2,1,52908.0
P03CV08,BRG_026,3,0,24024.0
P03CV08,BRG_027,0,1,22212.0
P03CV08,BRG_027,1,1,41280.0
P03CV08,BRG_027,2,1,32736.0
P03CV08,BRG_027,3,1,49692.0
P03CV08,BRG_027,4,0,22488.0
P03CV08,BRG_028,0,1,43596.0
P03CV08,BRG_028,1,1,39444.0
P03CV08,BRG_028,2,1,40476.0
P03CV08,BRG_028,3,1,14076.0
P03CV08,BRG_028,4,0,30816.0
P03CV08,BRG_029,0,1,64800.0
P03CV08,BRG_029,1,1,53604.0
P03CV08,BRG_029,2,0,50004.0
P03CV08,BRG_030,0,1,49248.0
P03CV08,BRG_030,1,1,23952.0
P03CV08,BRG_030,2,1,64380.0
P03CV08,BRG_030,3,0,30828.0
P03CV08,BRG_031,0,1,51024.0
P03CV08,BRG_031,1,1,59196.0
P03CV08,BRG_031,2,1,55200.0
P03CV08,BRG_031,3,0,2988.0
P03CV08,BRG_032,0,1,47736.0
P03CV08,BRG_032,1,1,16908.0
P03CV08,BRG_032,2,1,57708.0
P03CV08,BRG_032,3,0,46056.0
P03CV08,BRG_033,0,1,68928.0
P03CV08,BRG_033,1,1,24264.0
P03CV08,BRG_033,2,1,67524.0
P03CV08,BRG_033,3,0,7692.0
P03CV08,BRG_034,0,1,66600.0
P03CV08,BRG_034,1,1,38760.0
P03CV08,BRG_034,2,1,38088.0
P03CV08,BRG_034,3,0,24960.0
P03CV08,BRG_035,0,1,43776.0
P03CV08,BRG_035,1,1,54516.0
P03CV08,BRG_035,2,1,10404.0
P03CV08,BRG_035,3,1,33540.0
P03CV08,BRG_035,4,0,26172.0
P03CV08,BRG_036,0,1,43272.0
P03CV08,BRG_036,1,1,77820.0
P03CV08,BRG_036,2,0,47316.0
P03CV08,BRG_037,0,1,62424.0
P03CV08,BRG_037,1,1,27144.0
P03CV08,BRG_037,2,0,78840.0
P03CV08,BRG_038,0,1,36408.0
P03CV08,BRG_038,1,1,37956.0
P03CV08,BRG_038,2,1,22824.0
P03CV08,BRG_038,3,1,47784.0
P03CV08,BRG_038,4,0,23436.0
P03CV09,BRG_001,0,1,67572.0
P03CV09,BRG_001,1,1,9564.0
P03CV09,BRG_001,2,1,62292.0
P03CV09,BRG_001,3,0,28332.0
P03CV09,BRG_002,0,1,65880.0
P03CV09,BRG_002,1,1,35580.0
P03CV09,BRG_002,2,1,17676.0
P03CV09,BRG_002,3,0,48624.0
P03CV09,BRG_003,0,1,68832.0
P03CV09,BRG_003,1,1,46320.0
P03CV09,BRG_003,2,1,15768.0
P03CV09,BRG_003,3,0,36840.0
P03CV09,BRG_004,0,1,39756.0
P03CV09,BRG_004,1,1,32400.0
P03CV09,BRG_004,2,1,52968.0
P03CV09,BRG_004,3,0,42636.0
P03CV09,BRG_005,0,1,47220.0
P03CV09,BRG_005,1,1,46896.0
P03CV09,BRG_005,2,1,48336.0
P03CV09,BRG_005,3,0,25308.0
P03CV09,BRG_006,0,1,21720.0
P03CV09,BRG_006,1,1,43836.0
P03CV09,BRG_006,2,1,75420.0
P03CV09,BRG_006,3,1,21660.0
P03CV09,BRG_006,4,0,5124.0
P03CV09,BRG_007,0,1,58620.0
P03CV09,BRG_007,1,1,62580.0
P03CV09,BRG_007,2,0,46560.0
P03CV09,BRG_008,0,1,28980.0
P03CV09,BRG_008,1,1,64728.0
P03CV09,BRG_008,2,1,46668.0
P03CV09,BRG_008,3,0,27384.0
P03CV09,BRG_009,0,1,40740.0
P03CV09,BRG_009,1,1,65304.0
P03CV09,BRG_009,2,1,60864.0
P03CV09,BRG_009,3,0,852.0
P03CV09,BRG_010,0,1,81408.0
P03CV09,BRG_010,1,1,20160.0
P03CV09,BRG_010,2,1,49752.0
P03CV09,BRG_010,3,0,16440.0
P03CV09,BRG_011,0,1,52764.0
P03CV09,BRG_011,1,1,27240.0
P03CV09,BRG_011,2,1,23508.0
P03CV09,BRG_011,3,0,64248.0
P03CV09,BRG_012,0,1,41664.0
P03CV09,BRG_012,1,1,34044.0
P03CV09,BRG_012,2,1,43752.0
P03CV09,BRG_012,3,0,48300.0
P03CV09,BRG_013,0,1,34500.0
P03CV09,BRG_013,1,1,58548.0
P03CV09,BRG_013,2,1,70788.0
P03CV09,BRG_013,3,0,3924.0
P03CV09,BRG_014,0,1,13548.0
P03CV09,BRG_014,1,1,41304.0
P03CV09,BRG_014,2,1,56568.0
P03CV09,BRG_014,3,1,41748.0
P03CV09,BRG_014,4,0,14592.0
P03CV09,BRG_015,0,1,35904.0
P03CV09,BRG_015,1,1,66948.0
P03CV09,BRG_015,2,1,49752.0
P03CV09,BRG_015,3,0,15156.0
P03CV09,BRG_016,0,1,34608.0
P03CV09,BRG_016,1,1,31944.0
P03CV09,BRG_016,2,1,59604.0
P03CV09,BRG_016,3,0,41604.0
P03CV09,BRG_017,0,1,42060.0
P03CV09,BRG_017,1,1,44352.0
P03CV09,BRG_017,2,1,32712.0
P03CV09,BRG_017,3,0,48636.0
P03CV09,BRG_018,0,1,76104.0
P03CV09,BRG_018,1,1,8004.0
P03CV09,BRG_018,2,1,49608.0
P03CV09,BRG_018,3,1,33156.0
P03CV09,BRG_018,4,0,888.0
P03CV09,BRG_019,0,1,61764.0
P03CV09,BRG_019,1,1,38700.0
P03CV09,BRG_019,2,1,29028.0
P03CV09,BRG_019,3,1,11616.0
P03CV09,BRG_019,4,0,26652.0
P03CV09,BRG_020,0,1,53688.0
P03CV09,BRG_020,1,1,66048.0
P03CV09,BRG_020,2,0,48024.0
P03CV09,BRG_021,0,1,49260.0
P03CV09,BRG_021,1,1,16848.0
P03CV09,BRG_021,2,1,66372.0
P03CV09,BRG_021,3,0,35280.0
P03CV09,BRG_022,0,1,40440.0
P03CV09,BRG_022,1,1,56928.0
P03CV09,BRG_022,2,1,27096.0
P03CV09,BRG_022,3,1,18696.0
P03CV09,BRG_022,4,0,24600.0
P03CV09,BRG_023,0,1,67296.0
P03CV09,BRG_023,1,1,75588.0
P03CV09,BRG_023,2,0,24876.0
P03CV09,BRG_024,0,1,33576.0
P03CV09,BRG_024,1,1,51756.0
P03CV09,BRG_024,2,1,40044.0
P03CV09,BRG_024,3,1,34584.0
P03CV09,BRG_024,4,0,7800.0
P03CV09,BRG_025,0,1,37152.0
P03CV09,BRG_025,1,1,24192.0
P03CV09,BRG_025,2,1,23952.0
P03CV09,BRG_025,3,1,5052.0
P03CV09,BRG_025,4,1,19860.0
P03CV09,BRG_025,5,1,47808.0
P03CV09,BRG_025,6,0,9744.0
P03CV09,BRG_026,0,1,28176.0
P03CV09,BRG_026,1,1,49212.0
P03CV09,BRG_026,2,1,55884.0
P03CV09,BRG_026,3,0,34488.0
P03CV09,BRG_027,0,1,44916.0
P03CV09,BRG_027,1,1,31764.0
P03CV09,BRG_027,2,1,68448.0
P03CV09,BRG_027,3,0,22632.0
P03CV09,BRG_028,0,1,12816.0
P03CV09,BRG_028,1,1,61872.0
P03CV09,BRG_028,2,1,66204.0
P03CV09,BRG_028,3,1,17904.0
P03CV09,BRG_028,4,0,8964.0
P03CV09,BRG_029,0,1,67044.0
P03CV09,BRG_029,1,1,40152.0
P03CV09,BRG_029,2,1,53796.0
P03CV09,BRG_029,3,0,6768.0
P03CV09,BRG_030,0,1,20076.0
P03CV09,BRG_030,1,1,51108.0
P03CV09,BRG_030,2,1,68064.0
P03CV09,BRG_030,3,0,28512.0
P03CV09,BRG_031,0,1,64188.0
P03CV09,BRG_031,1,1,29700.0
P03CV09,BRG_031,2,1,73272.0
P03CV09,BRG_031,3,0,600.0
P03CV09,BRG_032,0,1,30660.0
P03CV09,BRG_032,1,1,55020.0
P03CV09,BRG_032,2,1,63132.0
P03CV09,BRG_032,3,1,14052.0
P03CV09,BRG_032,4,0,4896.0
P03CV09,BRG_033,0,1,47760.0
P03CV09,BRG_033,1,1,33012.0
P03CV09,BRG_033,2,1,35592.0
P03CV09,BRG_033,3,1,26964.0
P03CV09,BRG_033,4,1,18756.0
P03CV09,BRG_033,5,0,5676.0
P03CV09,BRG_034,0,1,30480.0
P03CV09,BRG_034,1,1,75720.0
P03CV09,BRG_034,2,1,26460.0
P03CV09,BRG_034,3,0,35100.0
P03CV09,BRG_035,0,1,35508.0
P03CV09,BRG_035,1,1,16044.0
P03CV09,BRG_035,2,1,69348.0
P03CV09,BRG_035,3,1,15672.0
P03CV09,BRG_035,4,0,31188.0
P03CV09,BRG_036,0,1,22164.0
P03CV09,BRG_036,1,1,56364.0
P03CV09,BRG_036,2,1,36792.0
P03CV09,BRG_036,3,0,52440.0
P03CV09,BRG_037,0,1,60372.0
P03CV09,BRG_037,1,1,54840.0
P03CV09,BRG_037,2,1,34968.0
P03CV09,BRG_037,3,0,17580.0
P03CV09,BRG_038,0,1,70164.0
P03CV09,BRG_038,1,1,72372.0
P03CV09,BRG_038,2,0,25224.0
P03CV10,BRG_001,0,1,55008.0
P03CV10,BRG_001,1,1,20316.0
P03CV10,BRG_001,2,1,40224.0
P03CV10,BRG_001,3,1,30456.0
P03CV10,BRG_001,4,0,22116.0
P03CV10,BRG_002,0,1,41052.0
P03CV10,BRG_002,1,1,24504.0
P03CV10,BRG_002,2,1,37968.0
P03CV10,BRG_002,3,1,47844.0
P03CV10,BRG_002,4,0,16752.0
P03CV10,BRG_003,0,1,52092.0
P03CV10,BRG_003,1,1,22620.0
P03CV10,BRG_003,2,1,26484.0
P03CV10,BRG_003,3,1,34488.0
P03CV10,BRG_003,4,1,15528.0
P03CV10,BRG_003,5,0,16908.0
P03CV10,BRG_004,0,1,35004.0
P03CV10,BRG_004,1,1,18444.0
P03CV10,BRG_004,2,1,38868.0
P03CV10,BRG_004,3,1,58476.0
P03CV10,BRG_004,4,0,17328.0
P03CV10,BRG_005,0,1,41316.0
P03CV10,BRG_005,1,1,44244.0
P03CV10,BRG_005,2,1,53568.0
P03CV10,BRG_005,3,0,28992.0
P03CV10,BRG_006,0,1,17448.0
P03CV10,BRG_006,1,1,37884.0
P03CV10,BRG_006,2,1,63780.0
P03CV10,BRG_006,3,0,49008.0
P03CV10,BRG_007,0,1,62124.0
P03CV10,BRG_007,1,1,39276.0
P03CV10,BRG_007,2,1,52128.0
P03CV10,BRG_007,3,0,14592.0
P03CV10,BRG_008,0,1,25776.0
P03CV10,BRG_008,1,1,68892.0
P03CV10,BRG_008,2,1,69660.0
P03CV10,BRG_008,3,0,3792.0
P03CV10,BRG_009,0,1,20628.0
P03CV10,BRG_009,1,1,70764.0
P03CV10,BRG_009,2,1,65472.0
P03CV10,BRG_009,3,0,11256.0
P03CV10,BRG_010,0,1,24804.0
P03CV10,BRG_010,1,1,10068.0
P03CV10,BRG_010,2,1,30192.0
P03CV10,BRG_010,3,1,53244.0
P03CV10,BRG_010,4,1,44136.0
P03CV10,BRG_010,5,0,5676.0
P03CV10,BRG_011,0,1,89388.0
P03CV10,BRG_011,1,1,51672.0
P03CV10,BRG_011,2,1,20760.0
P03CV10,BRG_011,3,0,6300.0
P03CV10,BRG_012,0,1,71940.0
P03CV10,BRG_012,1,1,54756.0
P03CV10,BRG_012,2,1,18780.0
P03CV10,BRG_012,3,0,22644.0
P03CV10,BRG_013,0,1,62628.0
P03CV10,BRG_013,1,1,65232.0
P03CV10,BRG_013,2,0,40260.0
P03CV10,BRG_014,0,1,47472.0
P03CV10,BRG_014,1,1,15696.0
P03CV10,BRG_014,2,1,35052.0
P03CV10,BRG_014,3,1,63660.0
P03CV10,BRG_014,4,0,6240.0
P03CV10,BRG_015,0,1,59064.0
P03CV10,BRG_015,1,1,64956.0
P03CV10,BRG_015,2,1,34164.0
P03CV10,BRG_015,3,0,9936.0
P03CV10,BRG_016,0,1,39240.0
P03CV10,BRG_016,1,1,34332.0
P03CV10,BRG_016,2,1,41112.0
P03CV10,BRG_016,3,0,53436.0
P03CV10,BRG_017,0,1,23688.0
P03CV10,BRG_017,1,1,71688.0
P03CV10,BRG_017,2,1,62040.0
P03CV10,BRG_017,3,0,10704.0
P03CV10,BRG_018,0,1,23868.0
P03CV10,BRG_018,1,1,31860.0
P03CV10,BRG_018,2,1,51840.0
P03CV10,BRG_018,3,1,47412.0
P03CV10,BRG_018,4,0,13140.0
P03CV10,BRG_019,0,1,52104.0
P03CV10,BRG_019,1,1,34548.0
P03CV10,BRG_019,2,1,37992.0
P03CV10,BRG_019,3,0,43476.0
P03CV10,BRG_020,0,1,34464.0
P03CV10,BRG_020,1,1,72696.0
P03CV10,BRG_020,2,1,12396.0
P03CV10,BRG_020,3,1,37752.0
P03CV10,BRG_020,4,0,10812.0
P03CV10,BRG_021,0,1,29124.0
P03CV10,BRG_021,1,1,36420.0
P03CV10,BRG_021,2,1,86556.0
P03CV10,BRG_021,3,0,16020.0
P03CV10,BRG_022,0,1,31740.0
P03CV10,BRG_022,1,1,33336.0
P03CV10,BRG_022,2,1,47520.0
P03CV10,BRG_022,3,1,47100.0
P03CV10,BRG_022,4,0,8424.0
P03CV10,BRG_023,0,1,46620.0
P03CV10,BRG_023,1,1,55344.0
P03CV10,BRG_023,2,1,35580.0
P03CV10,BRG_023,3,0,30576.0
P03CV10,BRG_024,0,1,44616.0
P03CV10,BRG_024,1,1,43104.0
P03CV10,BRG_024,2,1,25368.0
P03CV10,BRG_024,3,1,13476.0
P03CV10,BRG_024,4,0,41556.0
P03CV10,BRG_025,0,1,43044.0
P03CV10,BRG_025,1,1,37620.0
P03CV10,BRG_025,2,1,25608.0
P03CV10,BRG_025,3,1,32148.0
P03CV10,BRG_025,4,0,29700.0
P03CV10,BRG_026,0,1,34476.0
P03CV10,BRG_026,1,1,51408.0
P03CV10,BRG_026,2,1,50928.0
P03CV10,BRG_026,3,0,31308.0
P03CV10,BRG_027,0,1,42480.0
P03CV10,BRG_027,1,1,29820.0
P03CV10,BRG_027,2,1,25344.0
P03CV10,BRG_027,3,0,70476.0
P03CV10,BRG_028,0,1,72144.0
P03CV10,BRG_028,1,1,26160.0
P03CV10,BRG_028,2,1,50040.0
P03CV10,BRG_028,3,0,19776.0
P03CV10,BRG_029,0,1,70452.0
P03CV10,BRG_029,1,1,56004.0
P03CV10,BRG_029,2,1,33864.0
P03CV10,BRG_029,3,0,7800.0
P03CV10,BRG_030,0,1,44316.0
P03CV10,BRG_030,1,1,53652.0
P03CV10,BRG_030,2,1,30792.0
P03CV10,BRG_030,3,0,39360.0
P03CV10,BRG_031,0,1,33300.0
P03CV10,BRG_031,1,1,50604.0
P03CV10,BRG_031,2,1,23028.0
P03CV10,BRG_031,3,1,55860.0
P03CV10,BRG_031,4,0,5328.0
P03CV10,BRG_032,0,1,53268.0
P03CV10,BRG_032,1,1,40788.0
P03CV10,BRG_032,2,1,51600.0
P03CV10,BRG_032,3,0,22464.0
P03CV10,BRG_033,0,1,30624.0
P03CV10,BRG_033,1,1,35640.0
P03CV10,BRG_033,2,1,34704.0
P03CV10,BRG_033,3,1,22968.0
P03CV10,BRG_033,4,1,23532.0
P03CV10,BRG_033,5,0,20652.0
P03CV10,BRG_034,0,1,63996.0
P03CV10,BRG_034,1,1,50940.0
P03CV10,BRG_034,2,1,31968.0
P03CV10,BRG_034,3,0,21216.0
P03CV10,BRG_035,0,1,54420.0
P03CV10,BRG_035,1,1,78792.0
P03CV10,BRG_035,2,0,34908.0
P03CV10,BRG_036,0,1,35784.0
P03CV10,BRG_036,1,1,31596.0
P03CV10,BRG_036,2,1,40344.0
P03CV10,BRG_036,3,0,60396.0
P03CV10,BRG_037,0,1,41256.0
P03CV10,BRG_037,1,1,44856.0
P03CV10,BRG_037,2,1,50136.0
P03CV10,BRG_037,3,0,31872.0
P03CV10,BRG_038,0,1,44088.0
P03CV10,BRG_038,1,1,63204.0
P03CV10,BRG_038,2,1,55704.0
P03CV10,BRG_038,3,0,5124.0
P03CV11,BRG_001,0,1,38796.0
P03CV11,BRG_001,1,1,65448.0
P03CV11,BRG_001,2,1,39816.0
P03CV11,BRG_001,3,0,24060.0
P03CV11,BRG_002,0,1,62484.0
P03CV11,BRG_002,1,1,58128.0
P03CV11,BRG_002,2,0,47508.0
P03CV11,BRG_003,0,1,66816.0
P03CV11,BRG_003,1,1,37872.0
P03CV11,BRG_003,2,1,49668.0
P03CV11,BRG_003,3,0,13764.0
P03CV11,BRG_004,0,1,36060.0
P03CV11,BRG_004,1,1,41628.0
P03CV11,BRG_004,2,1,67560.0
P03CV11,BRG_004,3,0,22872.0
P03CV11,BRG_005,0,1,52932.0
P03CV11,BRG_005,1,1,51252.0
P03CV11,BRG_005,2,1,54780.0
P03CV11,BRG_005,3,0,9156.0
P03CV11,BRG_006,0,1,81576.0
P03CV11,BRG_006,1,1,31464.0
P03CV11,BRG_006,2,0,55080.0
P03CV11,BRG_007,0,1,36528.0
P03CV11,BRG_007,1,1,42516.0
P03CV11,BRG_007,2,1,49140.0
P03CV11,BRG_007,3,1,12720.0
P03CV11,BRG_007,4,0,27216.0
P03CV11,BRG_008,0,1,39924.0
P03CV11,BRG_008,1,1,48324.0
P03CV11,BRG_008,2,1,39192.0
P03CV11,BRG_008,3,1,39672.0
P03CV11,BRG_008,4,0,1008.0
P03CV11,BRG_009,0,1,52560.0
P03CV11,BRG_009,1,1,80652.0
P03CV11,BRG_009,2,0,34908.0
P03CV11,BRG_010,0,1,65724.0
P03CV11,BRG_010,1,1,58872.0
P03CV11,BRG_010,2,0,43524.0
P03CV11,BRG_011,0,1,14664.0
P03CV11,BRG_011,1,1,44592.0
P03CV11,BRG_011,2,1,50232.0
P03CV11,BRG_011,3,1,54204.0
P03CV11,BRG_011,4,0,4428.0
P03CV11,BRG_012,0,1,68184.0
P03CV11,BRG_012,1,1,59748.0
P03CV11,BRG_012,2,0,40188.0
P03CV11,BRG_013,0,1,43584.0
P03CV11,BRG_013,1,1,40368.0
P03CV11,BRG_013,2,1,19044.0
P03CV11,BRG_013,3,0,65124.0
P03CV11,BRG_014,0,1,23628.0
P03CV11,BRG_014,1,1,39804.0
P03CV11,BRG_014,2,1,43596.0
P03CV11,BRG_014,3,1,43596.0
P03CV11,BRG_014,4,0,17496.0
P03CV11,BRG_015,0,1,42840.0
P03CV11,BRG_015,1,1,47796.0
P03CV11,BRG_015,2,1,59244.0
P03CV11,BRG_015,3,0,18240.0
P03CV11,BRG_016,0,1,56280.0
P03CV11,BRG_016,1,1,37524.0
P03CV11,BRG_016,2,1,25464.0
P03CV11,BRG_016,3,1,35676.0
P03CV11,BRG_016,4,0,13176.0
P03CV11,BRG_017,0,1,18144.0
P03CV11,BRG_017,1,1,38856.0
P03CV11,BRG_017,2,1,25320.0
P03CV11,BRG_017,3,1,44724.0
P03CV11,BRG_017,4,0,41076.0
P03CV11,BRG_018,0,1,50688.0
P03CV11,BRG_018,1,1,54420.0
P03CV11,BRG_018,2,0,63012.0
P03CV11,BRG_019,0,1,35520.0
P03CV11,BRG_019,1,1,28116.0
P03CV11,BRG_019,2,1,64824.0
P03CV11,BRG_019,3,0,39660.0
P03CV11,BRG_020,0,1,49488.0
P03CV11,BRG_020,1,1,12336.0
P03CV11,BRG_020,2,1,54360.0
P03CV11,BRG_020,3,1,41376.0
P03CV11,BRG_020,4,0,10560.0
P03CV11,BRG_021,0,1,55092.0
P03CV11,BRG_021,1,1,60072.0
P03CV11,BRG_021,2,1,42120.0
P03CV11,BRG_021,3,0,10836.0
P03CV11,BRG_022,0,1,34164.0
P03CV11,BRG_022,1,1,49272.0
P03CV11,BRG_022,2,1,68928.0
P03CV11,BRG_022,3,0,15756.0
P03CV11,BRG_023,0,1,43836.0
P03CV11,BRG_023,1,1,26508.0
P03CV11,BRG_023,2,1,64452.0
P03CV11,BRG_023,3,0,33324.0
P03CV11,BRG_024,0,1,50700.0
P03CV11,BRG_024,1,1,29484.0
P03CV11,BRG_024,2,1,39576.0
P03CV11,BRG_024,3,0,48360.0
P03CV11,BRG_025,0,1,15084.0
P03CV11,BRG_025,1,1,34032.0
P03CV11,BRG_025,2,1,52728.0
P03CV11,BRG_025,3,1,30372.0
P03CV11,BRG_025,4,0,35904.0
P03CV11,BRG_026,0,1,11628.0
P03CV11,BRG_026,1,1,34116.0
P03CV11,BRG_026,2,1,41724.0
P03CV11,BRG_026,3,1,53136.0
P03CV11,BRG_026,4,0,27516.0
P03CV11,BRG_027,0,1,63084.0
P03CV11,BRG_027,1,1,69852.0
P03CV11,BRG_027,2,0,35184.0
P03CV11,BRG_028,0,1,40788.0
P03CV11,BRG_028,1,1,40272.0
P03CV11,BRG_028,2,1,44532.0
P03CV11,BRG_028,3,1,39192.0
P03CV11,BRG_028,4,0,3336.0
P03CV11,BRG_029,0,1,13512.0
P03CV11,BRG_029,1,1,47508.0
P03CV11,BRG_029,2,1,41964.0
P03CV11,BRG_029,3,1,30600.0
P03CV11,BRG_029,4,0,34536.0
P03CV11,BRG_030,0,1,28848.0
P03CV11,BRG_030,1,1,32484.0
P03CV11,BRG_030,2,1,71280.0
P03CV11,BRG_030,3,0,35508.0
P03CV11,BRG_031,0,1,84180.0
P03CV11,BRG_031,1,1,56052.0
P03CV11,BRG_031,2,0,27888.0
P03CV11,BRG_032,0,1,79488.0
P03CV11,BRG_032,1,1,61452.0
P03CV11,BRG_032,2,0,27180.0
P03CV11,BRG_033,0,1,40008.0
P03CV11,BRG_033,1,1,46944.0
P03CV11,BRG_033,2,1,49488.0
P03CV11,BRG_033,3,0,31680.0
P03CV11,BRG_034,0,1,41328.0
P03CV11,BRG_034,1,1,40572.0
P03CV11,BRG_034,2,1,53292.0
P03CV11,BRG_034,3,0,32928.0
P03CV11,BRG_035,0,1,32760.0
P03CV11,BRG_035,1,1,35364.0
P03CV11,BRG_035,2,1,73380.0
P03CV11,BRG_035,3,0,26616.0
P03CV11,BRG_036,0,1,61272.0
P03CV11,BRG_036,1,1,5436.0
P03CV11,BRG_036,2,1,56016.0
P03CV11,BRG_036,3,0,45396.0
P03CV11,BRG_037,0,1,52716.0
P03CV11,BRG_037,1,1,26808.0
P03CV11,BRG_037,2,1,16488.0
P03CV11,BRG_037,3,1,43224.0
P03CV11,BRG_037,4,0,28884.0
P03CV11,BRG_038,0,1,24024.0
P03CV11,BRG_038,1,1,33924.0
P03CV11,BRG_038,2,1,68100.0
P03CV11,BRG_038,3,1,30624.0
P03CV11,BRG_038,4,0,11448.0
P03CV12,BRG_001,0,1,50388.0
P03CV12,BRG_001,1,1,62580.0
P03CV12,BRG_001,2,1,53184.0
P03CV12,BRG_001,3,0,2292.0
P03CV12,BRG_002,0,1,40164.0
P03CV12,BRG_002,1,1,66672.0
P03CV12,BRG_002,2,0,61608.0
P03CV12,BRG_003,0,1,15612.0
P03CV12,BRG_003,1,1,53904.0
P03CV12,BRG_003,2,1,50976.0
P03CV12,BRG_003,3,1,37020.0
P03CV12,BRG_003,4,0,10932.0
P03CV12,BRG_004,0,1,34308.0
P03CV12,BRG_004,1,1,74952.0
P03CV12,BRG_004,2,1,39948.0
P03CV12,BRG_004,3,0,19236.0
P03CV12,BRG_005,0,1,48276.0
P03CV12,BRG_005,1,1,63252.0
P03CV12,BRG_005,2,1,45120.0
P03CV12,BRG_005,3,1,9348.0
P03CV12,BRG_005,4,0,2448.0
P03CV12,BRG_006,0,1,37320.0
P03CV12,BRG_006,1,1,47268.0
P03CV12,BRG_006,2,1,31452.0
P03CV12,BRG_006,3,0,52404.0
P03CV12,BRG_007,0,1,41640.0
P03CV12,BRG_007,1,1,43032.0
P03CV12,BRG_007,2,1,46236.0
P03CV12,BRG_007,3,1,32508.0
P03CV12,BRG_007,4,0,5028.0
P03CV12,BRG_008,0,1,46800.0
P03CV12,BRG_008,1,1,36516.0
P03CV12,BRG_008,2,1,73488.0
P03CV12,BRG_008,3,0,11640.0
P03CV12,BRG_009,0,1,26976.0
P03CV12,BRG_009,1,1,62940.0
P03CV12,BRG_009,2,1,50532.0
P03CV12,BRG_009,3,0,27996.0
P03CV12,BRG_010,0,1,37476.0
P03CV12,BRG_010,1,1,39924.0
P03CV12,BRG_010,2,1,59184.0
P03CV12,BRG_010,3,0,31860.0
P03CV12,BRG_011,0,1,44256.0
P03CV12,BRG_011,1,1,47232.0
P03CV12,BRG_011,2,1,37644.0
P03CV12,BRG_011,3,0,39312.0
P03CV12,BRG_012,0,1,26316.0
P03CV12,BRG_012,1,1,32208.0
P03CV12,BRG_012,2,1,46680.0
P03CV12,BRG_012,3,1,62592.0
P03CV12,BRG_012,4,0,648.0
P03CV12,BRG_013,0,1,40884.0
P03CV12,BRG_013,1,1,53328.0
P03CV12,BRG_013,2,1,33732.0
P03CV12,BRG_013,3,0,40500.0
P03CV12,BRG_014,0,1,30276.0
P03CV12,BRG_014,1,1,34812.0
P03CV12,BRG_014,2,1,42696.0
P03CV12,BRG_014,3,1,22368.0
P03CV12,BRG_014,4,1,34128.0
P03CV12,BRG_014,5,0,4164.0
P03CV12,BRG_015,0,1,67896.0
P03CV12,BRG_015,1,1,82752.0
P03CV12,BRG_015,2,0,17796.0
P03CV12,BRG_016,0,1,63492.0
P03CV12,BRG_016,1,1,72000.0
P03CV12,BRG_016,2,0,32952.0
P03CV12,BRG_017,0,1,14256.0
P03CV12,BRG_017,1,1,43584.0
P03CV12,BRG_017,2,1,54048.0
P03CV12,BRG_017,3,0,56556.0
P03CV12,BRG_018,0,1,66444.0
P03CV12,BRG_018,1,1,59364.0
P03CV12,BRG_018,2,0,42636.0
P03CV12,BRG_019,0,1,19200.0
P03CV12,BRG_019,1,1,16668.0
P03CV12,BRG_019,2,1,45048.0
P03CV12,BRG_019,3,1,41436.0
P03CV12,BRG_019,4,0,46092.0
P03CV12,BRG_020,0,1,17328.0
P03CV12,BRG_020,1,1,45984.0
P03CV12,BRG_020,2,1,66360.0
P03CV12,BRG_020,3,0,38772.0
P03CV12,BRG_021,0,1,62772.0
P03CV12,BRG_021,1,1,52968.0
P03CV12,BRG_021,2,1,47856.0
P03CV12,BRG_021,3,0,4848.0
P03CV12,BRG_022,0,1,31776.0
P03CV12,BRG_022,1,1,36576.0
P03CV12,BRG_022,2,1,49068.0
P03CV12,BRG_022,3,1,33720.0
P03CV12,BRG_022,4,0,17304.0
P03CV12,BRG_023,0,1,54480.0
P03CV12,BRG_023,1,1,40200.0
P03CV12,BRG_023,2,1,41940.0
P03CV12,BRG_023,3,0,31824.0
P03CV12,BRG_024,0,1,58752.0
P03CV12,BRG_024,1,1,41868.0
P03CV12,BRG_024,2,0,67824.0
P03CV12,BRG_025,0,1,68292.0
P03CV12,BRG_025,1,1,69156.0
P03CV12,BRG_025,2,0,30996.0
P03CV12,BRG_026,0,1,32004.0
P03CV12,BRG_026,1,1,23592.0
P03CV12,BRG_026,2,1,56280.0
P03CV12,BRG_026,3,1,32904.0
P03CV12,BRG_026,4,0,23664.0
P03CV12,BRG_027,0,1,37260.0
P03CV12,BRG_027,1,1,78768.0
P03CV12,BRG_027,2,1,38052.0
P03CV12,BRG_027,3,0,14364.0
P03CV12,BRG_028,0,1,47076.0
P03CV12,BRG_028,1,1,28536.0
P03CV12,BRG_028,2,1,48828.0
P03CV12,BRG_028,3,1,17796.0
P03CV12,BRG_028,4,0,26208.0
P03CV12,BRG_029,0,1,43404.0
P03CV12,BRG_029,1,1,15552.0
P03CV12,BRG_029,2,1,24036.0
P03CV12,BRG_029,3,1,44412.0
P03CV12,BRG_029,4,0,41040.0
P03CV12,BRG_030,0,1,41040.0
P03CV12,BRG_030,1,1,62568.0
P03CV12,BRG_030,2,1,24852.0
P03CV12,BRG_030,3,1,39300.0
P03CV12,BRG_030,4,0,684.0
P03CV12,BRG_031,0,1,44796.0
P03CV12,BRG_031,1,1,50556.0
P03CV12,BRG_031,2,0,73092.0
P03CV12,BRG_032,0,1,77892.0
P03CV12,BRG_032,1,1,38052.0
P03CV12,BRG_032,2,0,52500.0
P03CV12,BRG_033,0,1,57396.0
P03CV12,BRG_033,1,1,61452.0
P03CV12,BRG_033,2,1,39516.0
P03CV12,BRG_033,3,0,10080.0
P03CV12,BRG_034,0,1,47400.0
P03CV12,BRG_034,1,1,81240.0
P03CV12,BRG_034,2,0,39804.0
P03CV12,BRG_035,0,1,57072.0
P03CV12,BRG_035,1,1,48552.0
P03CV12,BRG_035,2,0,62820.0
P03CV12,BRG_036,0,1,21468.0
P03CV12,BRG_036,1,1,19116.0
P03CV12,BRG_036,2,1,62484.0
P03CV12,BRG_036,3,0,65376.0
P03CV12,BRG_037,0,1,60600.0
P03CV12,BRG_037,1,1,73848.0
P03CV12,BRG_037,2,0,33996.0
P03CV12,BRG_038,0,1,32448.0
P03CV12,BRG_038,1,1,38280.0
P03CV12,BRG_038,2,1,52188.0
P03CV12,BRG_038,3,1,11256.0
P03CV12,BRG_038,4,0,34272.0
P03CV13,BRG_001,0,1,48204.0
P03CV13,BRG_001,1,1,44652.0
P03CV13,BRG_001,2,1,51468.0
P03CV13,BRG_001,3,0,23688.0
P03CV13,BRG_002,0,1,37512.0
P03CV13,BRG_002,1,1,98532.0
P03CV13,BRG_002,2,0,31968.0
P03CV13,BRG_003,0,1,71592.0
P03CV13,BRG_003,1,1,57276.0
P03CV13,BRG_003,2,1,30528.0
P03CV13,BRG_003,3,0,8616.0
P03CV13,BRG_004,0,1,83964.0
P03CV13,BRG_004,1,1,35436.0
P03CV13,BRG_004,2,1,18696.0
P03CV13,BRG_004,3,0,29916.0
P03CV13,BRG_005,0,1,26352.0
P03CV13,BRG_005,1,1,51684.0
P03CV13,BRG_005,2,1,79512.0
P03CV13,BRG_005,3,0,10464.0
P03CV13,BRG_006,0,1,50844.0
P03CV13,BRG_006,1,1,39420.0
P03CV13,BRG_006,2,1,68604.0
P03CV13,BRG_006,3,0,9144.0
P03CV13,BRG_007,0,1,37740.0
P03CV13,BRG_007,1,1,20952.0
P03CV13,BRG_007,2,1,50316.0
P03CV13,BRG_007,3,1,54204.0
P03CV13,BRG_007,4,0,4800.0
P03CV13,BRG_008,0,1,70176.0
P03CV13,BRG_008,1,1,35052.0
P03CV13,BRG_008,2,1,25848.0
P03CV13,BRG_008,3,0,36936.0
P03CV13,BRG_009,0,1,46956.0
P03CV13,BRG_009,1,1,24732.0
P03CV13,BRG_009,2,1,58896.0
P03CV13,BRG_009,3,0,37428.0
P03CV13,BRG_010,0,1,32832.0
P03CV13,BRG_010,1,1,49440.0
P03CV13,BRG_010,2,1,45684.0
P03CV13,BRG_010,3,1,31260.0
P03CV13,BRG_010,4,0,8796.0
P03CV13,BRG_011,0,1,18072.0
P03CV13,BRG_011,1,1,61332.0
P03CV13,BRG_011,2,1,23628.0
P03CV13,BRG_011,3,0,64980.0
P03CV13,BRG_012,0,1,38436.0
P03CV13,BRG_012,1,1,60096.0
P03CV13,BRG_012,2,1,37848.0
P03CV13,BRG_012,3,0,31632.0
P03CV13,BRG_013,0,1,22884.0
P03CV13,BRG_013,1,1,50256.0
P03CV13,BRG_013,2,1,26436.0
P03CV13,BRG_013,3,1,34272.0
P03CV13,BRG_013,4,0,34164.0
P03CV13,BRG_014,0,1,49188.0
P03CV13,BRG_014,1,1,46980.0
P03CV13,BRG_014,2,1,37308.0
P03CV13,BRG_014,3,0,34536.0
P03CV13,BRG_015,0,1,41988.0
P03CV13,BRG_015,1,1,58896.0
P03CV13,BRG_015,2,0,67128.0
P03CV13,BRG_016,0,1,43728.0
P03CV13,BRG_016,1,1,44544.0
P03CV13,BRG_016,2,1,50388.0
P03CV13,BRG_016,3,0,29352.0
P03CV13,BRG_017,0,1,67248.0
P03CV13,BRG_017,1,1,43968.0
P03CV13,BRG_017,2,1,37752.0
P03CV13,BRG_017,3,1,17436.0
P03CV13,BRG_017,4,0,1608.0
P03CV13,BRG_018,0,1,55212.0
P03CV13,BRG_018,1,1,81660.0
P03CV13,BRG_018,2,0,31140.0
P03CV13,BRG_019,0,1,41340.0
P03CV13,BRG_019,1,1,38244.0
P03CV13,BRG_019,2,1,45744.0
P03CV13,BRG_019,3,1,39588.0
P03CV13,BRG_019,4,0,3096.0
P03CV13,BRG_020,0,1,40248.0
P03CV13,BRG_020,1,1,67356.0
P03CV13,BRG_020,2,1,43368.0
P03CV13,BRG_020,3,0,17040.0
P03CV13,BRG_021,0,1,66156.0
P03CV13,BRG_021,1,1,19056.0
P03CV13,BRG_021,2,1,58500.0
P03CV13,BRG_021,3,0,24300.0
P03CV13,BRG_022,0,1,47808.0
P03CV13,BRG_022,1,1,41916.0
P03CV13,BRG_022,2,1,38436.0
P03CV13,BRG_022,3,0,39852.0
P03CV13,BRG_023,0,1,70860.0
P03CV13,BRG_023,1,1,15312.0
P03CV13,BRG_023,2,1,65664.0
P03CV13,BRG_023,3,0,16176.0
P03CV13,BRG_024,0,1,46392.0
P03CV13,BRG_024,1,1,62508.0
P03CV13,BRG_024,2,1,28680.0
P03CV13,BRG_024,3,0,30432.0
P03CV13,BRG_025,0,1,41472.0
P03CV13,BRG_025,1,1,51396.0
P03CV13,BRG_025,2,1,50976.0
P03CV13,BRG_025,3,1,15648.0
P03CV13,BRG_025,4,0,8520.0
P03CV13,BRG_026,0,1,38088.0
P03CV13,BRG_026,1,1,17928.0
P03CV13,BRG_026,2,1,41388.0
P03CV13,BRG_026,3,1,34116.0
P03CV13,BRG_026,4,0,36492.0
P03CV13,BRG_027,0,1,64536.0
P03CV13,BRG_027,1,1,31524.0
P03CV13,BRG_027,2,1,70332.0
P03CV13,BRG_027,3,0,1620.0
P03CV13,BRG_028,0,1,33204.0
P03CV13,BRG_028,1,1,15396.0
P03CV13,BRG_028,2,1,43728.0
P03CV13,BRG_028,3,1,72504.0
P03CV13,BRG_028,4,0,3180.0
P03CV13,BRG_029,0,1,71604.0
P03CV13,BRG_029,1,1,58380.0
P03CV13,BRG_029,2,0,38028.0
P03CV13,BRG_030,0,1,43884.0
P03CV13,BRG_030,1,1,21468.0
P03CV13,BRG_030,2,1,34752.0
P03CV13,BRG_030,3,0,67908.0
P03CV13,BRG_031,0,1,85632.0
P03CV13,BRG_031,1,1,10152.0
P03CV13,BRG_031,2,1,27348.0
P03CV13,BRG_031,3,0,44880.0
P03CV13,BRG_032,0,1,30804.0
P03CV13,BRG_032,1,1,33888.0
P03CV13,BRG_032,2,1,41508.0
P03CV13,BRG_032,3,1,13740.0
P03CV13,BRG_032,4,1,27948.0
P03CV13,BRG_032,5,0,20124.0
P03CV13,BRG_033,0,1,20292.0
P03CV13,BRG_033,1,1,59076.0
P03CV13,BRG_033,2,1,56784.0
P03CV13,BRG_033,3,0,31860.0
P03CV13,BRG_034,0,1,51744.0
P03CV13,BRG_034,1,1,52776.0
P03CV13,BRG_034,2,1,54936.0
P03CV13,BRG_034,3,0,8556.0
P03CV13,BRG_035,0,1,40092.0
P03CV13,BRG_035,1,1,35148.0
P03CV13,BRG_035,2,1,40692.0
P03CV13,BRG_035,3,1,24060.0
P03CV13,BRG_035,4,0,28020.0
P03CV13,BRG_036,0,1,23568.0
P03CV13,BRG_036,1,1,20448.0
P03CV13,BRG_036,2,1,48936.0
P03CV13,BRG_036,3,1,56508.0
P03CV13,BRG_036,4,0,18552.0
P03CV13,BRG_037,0,1,59160.0
P03CV13,BRG_037,1,1,65676.0
P03CV13,BRG_037,2,0,43176.0
P03CV13,BRG_038,0,1,45132.0
P03CV13,BRG_038,1,1,52548.0
P03CV13,BRG_038,2,1,49296.0
P03CV13,BRG_038,3,0,21036.0
P03CV14,BRG_001,0,1,55824.0
P03CV14,BRG_001,1,1,49956.0
P03CV14,BRG_001,2,1,22068.0
P03CV14,BRG_001,3,0,40308.0
P03CV14,BRG_002,0,1,43284.0
P03CV14,BRG_002,1,1,53544.0
P03CV14,BRG_002,2,1,45168.0
P03CV14,BRG_002,3,0,26160.0
P03CV14,BRG_003,0,1,35592.0
P03CV14,BRG_003,1,1,41748.0
P03CV14,BRG_003,2,1,36300.0
P03CV14,BRG_003,3,0,54516.0
P03CV14,BRG_004,0,1,50196.0
P03CV14,BRG_004,1,1,31344.0
P03CV14,BRG_004,2,1,13560.0
P03CV14,BRG_004,3,1,48336.0
P03CV14,BRG_004,4,0,24720.0
P03CV14,BRG_005,0,1,66696.0
P03CV14,BRG_005,1,1,84252.0
P03CV14,BRG_005,2,0,17208.0
P03CV14,BRG_006,0,1,48084.0
P03CV14,BRG_006,1,1,85872.0
P03CV14,BRG_006,2,0,34200.0
P03CV14,BRG_007,0,1,67524.0
P03CV14,BRG_007,1,1,35856.0
P03CV14,BRG_007,2,0,64776.0
P03CV14,BRG_008,0,1,34260.0
P03CV14,BRG_008,1,1,22344.0
P03CV14,BRG_008,2,1,28044.0
P03CV14,BRG_008,3,1,39396.0
P03CV14,BRG_008,4,1,37224.0
P03CV14,BRG_008,5,0,6888.0
P03CV14,BRG_009,0,1,57600.0
P03CV14,BRG_009,1,1,32544.0
P03CV14,BRG_009,2,1,65460.0
P03CV14,BRG_009,3,0,12552.0
P03CV14,BRG_010,0,1,36180.0
P03CV14,BRG_010,1,1,26760.0
P03CV14,BRG_010,2,1,61284.0
P03CV14,BRG_010,3,1,34776.0
P03CV14,BRG_010,4,0,9156.0
P03CV14,BRG_011,0,1,62880.0
P03CV14,BRG_011,1,1,38136.0
P03CV14,BRG_011,2,1,24156.0
P03CV14,BRG_011,3,1,30276.0
P03CV14,BRG_011,4,0,12708.0
P03CV14,BRG_012,0,1,27948.0
P03CV14,BRG_012,1,1,56904.0
P03CV14,BRG_012,2,1,72312.0
P03CV14,BRG_012,3,0,10992.0
P03CV14,BRG_013,0,1,40452.0
P03CV14,BRG_013,1,1,78684.0
P03CV14,BRG_013,2,1,41196.0
P03CV14,BRG_013,3,0,7824.0
P03CV14,BRG_014,0,1,20580.0
P03CV14,BRG_014,1,1,39516.0
P03CV14,BRG_014,2,1,38832.0
P03CV14,BRG_014,3,1,43632.0
P03CV14,BRG_014,4,0,25596.0
P03CV14,BRG_015,0,1,36408.0
P03CV14,BRG_015,1,1,31992.0
P03CV14,BRG_015,2,1,79272.0
P03CV14,BRG_015,3,0,20484.0
P03CV14,BRG_016,0,1,55260.0
P03CV14,BRG_016,1,1,51432.0
P03CV14,BRG_016,2,1,15336.0
P03CV14,BRG_016,3,1,43548.0
P03CV14,BRG_016,4,0,2580.0
P03CV14,BRG_017,0,1,46440.0
P03CV14,BRG_017,1,1,26148.0
P03CV14,BRG_017,2,1,29760.0
P03CV14,BRG_017,3,1,55752.0
P03CV14,BRG_017,4,0,10056.0
P03CV14,BRG_018,0,1,47628.0
P03CV14,BRG_018,1,1,60480.0
P03CV14,BRG_018,2,1,15648.0
P03CV14,BRG_018,3,0,44400.0
P03CV14,BRG_019,0,1,26520.0
P03CV14,BRG_019,1,1,36504.0
P03CV14,BRG_019,2,1,80232.0
P03CV14,BRG_019,3,0,24900.0
P03CV14,BRG_020,0,1,41340.0
P03CV14,BRG_020,1,1,24012.0
P03CV14,BRG_020,2,1,38016.0
P03CV14,BRG_020,3,1,53400.0
P03CV14,BRG_020,4,0,11388.0
P03CV14,BRG_021,0,1,36576.0
P03CV14,BRG_021,1,1,57648.0
P03CV14,BRG_021,2,1,38136.0
P03CV14,BRG_021,3,0,35796.0
P03CV14,BRG_022,0,1,47664.0
P03CV14,BRG_022,1,1,33504.0
P03CV14,BRG_022,2,1,47676.0
P03CV14,BRG_022,3,1,35520.0
P03CV14,BRG_022,4,0,3792.0
P03CV14,BRG_023,0,1,44088.0
P03CV14,BRG_023,1,1,62664.0
P03CV14,BRG_023,2,1,35844.0
P03CV14,BRG_023,3,0,25560.0
P03CV14,BRG_024,0,1,21624.0
P03CV14,BRG_024,1,1,37980.0
P03CV14,BRG_024,2,1,58656.0
P03CV14,BRG_024,3,0,49896.0
P03CV14,BRG_025,0,1,50688.0
P03CV14,BRG_025,1,1,44448.0
P03CV14,BRG_025,2,0,73020.0
P03CV14,BRG_026,0,1,22812.0
P03CV14,BRG_026,1,1,17052.0
P03CV14,BRG_026,2,1,22728.0
P03CV14,BRG_026,3,1,28368.0
P03CV14,BRG_026,4,1,22500.0
P03CV14,BRG_026,5,1,28404.0
P03CV14,BRG_026,6,1,25404.0
P03CV14,BRG_026,7,0,888.0
P03CV14,BRG_027,0,1,29232.0
P03CV14,BRG_027,1,1,64068.0
P03CV14,BRG_027,2,1,40788.0
P03CV14,BRG_027,3,0,34068.0
P03CV14,BRG_028,0,1,36444.0
P03CV14,BRG_028,1,1,53448.0
P03CV14,BRG_028,2,1,26280.0
P03CV14,BRG_028,3,0,51984.0
P03CV14,BRG_029,0,1,18744.0
P03CV14,BRG_029,1,1,42156.0
P03CV14,BRG_029,2,1,41388.0
P03CV14,BRG_029,3,1,47196.0
P03CV14,BRG_029,4,0,18672.0
P03CV14,BRG_030,0,1,55500.0
P03CV14,BRG_030,1,1,50364.0
P03CV14,BRG_030,2,1,46692.0
P03CV14,BRG_030,3,0,15600.0
P03CV14,BRG_031,0,1,44604.0
P03CV14,BRG_031,1,1,48540.0
P03CV14,BRG_031,2,1,24132.0
P03CV14,BRG_031,3,0,50880.0
P03CV14,BRG_032,0,1,55392.0
P03CV14,BRG_032,1,1,97392.0
P03CV14,BRG_032,2,0,15372.0
P03CV14,BRG_033,0,1,38628.0
P03CV14,BRG_033,1,1,19008.0
P03CV14,BRG_033,2,1,17148.0
P03CV14,BRG_033,3,1,42792.0
P03CV14,BRG_033,4,1,43632.0
P03CV14,BRG_033,5,0,6948.0
P03CV14,BRG_034,0,1,40824.0
P03CV14,BRG_034,1,1,21804.0
P03CV14,BRG_034,2,1,64176.0
P03CV14,BRG_034,3,0,41352.0
P03CV14,BRG_035,0,1,44700.0
P03CV14,BRG_035,1,1,34416.0
P03CV14,BRG_035,2,1,71628.0
P03CV14,BRG_035,3,0,17412.0
P03CV14,BRG_036,0,1,37404.0
P03CV14,BRG_036,1,1,51948.0
P03CV14,BRG_036,2,1,33000.0
P03CV14,BRG_036,3,1,41616.0
P03CV14,BRG_036,4,0,4188.0
P03CV14,BRG_037,0,1,88524.0
P03CV14,BRG_037,1,1,49416.0
P03CV14,BRG_037,2,0,30216.0
P03CV14,BRG_038,0,1,57960.0
P03CV14,BRG_038,1,1,44172.0
P03CV14,BRG_038,2,1,64836.0
P03CV14,BRG_038,3,0,1188.0
P03CV15,BRG_001,0,1,52944.0
P03CV15,BRG_001,1,1,28812.0
P03CV15,BRG_001,2,1,40692.0
P03CV15,BRG_001,3,0,45168.0
P03CV15,BRG_002,0,1,54288.0
P03CV15,BRG_002,1,1,43980.0
P03CV15,BRG_002,2,1,43740.0
P03CV15,BRG_002,3,0,25608.0
P03CV15,BRG_003,0,1,45264.0
P03CV15,BRG_003,1,1,49320.0
P03CV15,BRG_003,2,1,48756.0
P03CV15,BRG_003,3,0,24276.0
P03CV15,BRG_004,0,1,30204.0
P03CV15,BRG_004,1,1,28164.0
P03CV15,BRG_004,2,1,38292.0
P03CV15,BRG_004,3,1,42564.0
P03CV15,BRG_004,4,0,28392.0
P03CV15,BRG_005,0,1,55536.0
P03CV15,BRG_005,1,1,68844.0
P03CV15,BRG_005,2,0,43236.0
P03CV15,BRG_006,0,1,55956.0
P03CV15,BRG_006,1,1,29076.0
P03CV15,BRG_006,2,1,20880.0
P03CV15,BRG_006,3,1,40920.0
P03CV15,BRG_006,4,0,20784.0
P03CV15,BRG_007,0,1,51708.0
P03CV15,BRG_007,1,1,57648.0
P03CV15,BRG_007,2,1,55044.0
P03CV15,BRG_007,3,0,3216.0
P03CV15,BRG_008,0,1,35496.0
P03CV15,BRG_008,1,1,27300.0
P03CV15,BRG_008,2,1,17196.0
P03CV15,BRG_008,3,1,27324.0
P03CV15,BRG_008,4,1,45336.0
P03CV15,BRG_008,5,0,14964.0
P03CV15,BRG_009,0,1,53844.0
P03CV15,BRG_009,1,1,69804.0
P03CV15,BRG_009,2,0,43968.0
P03CV15,BRG_010,0,1,63432.0
P03CV15,BRG_010,1,1,25092.0
P03CV15,BRG_010,2,1,57756.0
P03CV15,BRG_010,3,0,21336.0
P03CV15,BRG_011,0,1,65604.0
P03CV15,BRG_011,1,1,46944.0
P03CV15,BRG_011,2,1,27912.0
P03CV15,BRG_011,3,0,27156.0
P03CV15,BRG_012,0,1,30240.0
P03CV15,BRG_012,1,1,26148.0
P03CV15,BRG_012,2,1,52392.0
P03CV15,BRG_012,3,1,44604.0
P03CV15,BRG_012,4,0,14232.0
P03CV15,BRG_013,0,1,36876.0
P03CV15,BRG_013,1,1,48528.0
P03CV15,BRG_013,2,1,51396.0
P03CV15,BRG_013,3,0,30816.0
P03CV15,BRG_014,0,1,69924.0
P03CV15,BRG_014,1,1,58776.0
P03CV15,BRG_014,2,1,19956.0
P03CV15,BRG_014,3,0,18960.0
P03CV15,BRG_015,0,1,37368.0
P03CV15,BRG_015,1,1,51780.0
P03CV15,BRG_015,2,1,42216.0
P03CV15,BRG_015,3,1,12840.0
P03CV15,BRG_015,4,0,23412.0
P03CV15,BRG_016,0,1,12360.0
P03CV15,BRG_016,1,1,33276.0
P03CV15,BRG_016,2,1,36804.0
P03CV15,BRG_016,3,1,50952.0
P03CV15,BRG_016,4,1,22176.0
P03CV15,BRG_016,5,0,12048.0
P03CV15,BRG_017,0,1,46500.0
P03CV15,BRG_017,1,1,29928.0
P03CV15,BRG_017,2,1,21780.0
P03CV15,BRG_017,3,1,22620.0
P03CV15,BRG_017,4,0,46788.0
P03CV15,BRG_018,0,1,29580.0
P03CV15,BRG_018,1,1,66036.0
P03CV15,BRG_018,2,1,11292.0
P03CV15,BRG_018,3,0,60708.0
P03CV15,BRG_019,0,1,7224.0
P03CV15,BRG_019,1,1,47244.0
P03CV15,BRG_019,2,1,63900.0
P03CV15,BRG_019,3,1,37620.0
P03CV15,BRG_019,4,0,11628.0
P03CV15,BRG_020,0,1,63612.0
P03CV15,BRG_020,1,1,66852.0
P03CV15,BRG_020,2,0,37152.0
P03CV15,BRG_021,0,1,33600.0
P03CV15,BRG_021,1,1,68196.0
P03CV15,BRG_021,2,1,28080.0
P03CV15,BRG_021,3,0,37740.0
P03CV15,BRG_022,0,1,52764.0
P03CV15,BRG_022,1,1,49224.0
P03CV15,BRG_022,2,1,29436.0
P03CV15,BRG_022,3,0,36192.0
P03CV15,BRG_023,0,1,37524.0
P03CV15,BRG_023,1,1,27324.0
P03CV15,BRG_023,2,1,30204.0
P03CV15,BRG_023,3,1,53280.0
P03CV15,BRG_023,4,0,19284.0
P03CV15,BRG_024,0,1,60276.0
P03CV15,BRG_024,1,1,46836.0
P03CV15,BRG_024,2,1,44760.0
P03CV15,BRG_024,3,0,15744.0
P03CV15,BRG_025,0,1,35688.0
P03CV15,BRG_025,1,1,34536.0
P03CV15,BRG_025,2,1,17736.0
P03CV15,BRG_025,3,1,68112.0
P03CV15,BRG_025,4,0,11544.0
P03CV15,BRG_026,0,1,51444.0
P03CV15,BRG_026,1,1,51396.0
P03CV15,BRG_026,2,1,20004.0
P03CV15,BRG_026,3,1,27096.0
P03CV15,BRG_026,4,0,17676.0
P03CV15,BRG_027,0,1,67632.0
P03CV15,BRG_027,1,1,41160.0
P03CV15,BRG_027,2,1,37068.0
P03CV15,BRG_027,3,1,20244.0
P03CV15,BRG_027,4,0,1512.0
P03CV15,BRG_028,0,1,28596.0
P03CV15,BRG_028,1,1,19200.0
P03CV15,BRG_028,2,1,51948.0
P03CV15,BRG_028,3,1,58812.0
P03CV15,BRG_028,4,0,9060.0
P03CV15,BRG_029,0,1,52176.0
P03CV15,BRG_029,1,1,48648.0
P03CV15,BRG_029,2,1,24072.0
P03CV15,BRG_029,3,0,42720.0
P03CV15,BRG_030,0,1,46608.0
P03CV15,BRG_030,1,1,60288.0
P03CV15,BRG_030,2,1,46932.0
P03CV15,BRG_030,3,0,13788.0
P03CV15,BRG_031,0,1,63348.0
P03CV15,BRG_031,1,1,41904.0
P03CV15,BRG_031,2,1,52152.0
P03CV15,BRG_031,3,0,10212.0
P03CV15,BRG_032,0,1,64788.0
P03CV15,BRG_032,1,1,48912.0
P03CV15,BRG_032,2,1,52368.0
P03CV15,BRG_032,3,0,1548.0
P03CV15,BRG_033,0,1,51456.0
P03CV15,BRG_033,1,1,10944.0
P03CV15,BRG_033,2,1,13596.0
P03CV15,BRG_033,3,1,30216.0
P03CV15,BRG_033,4,1,38004.0
P03CV15,BRG_033,5,0,23400.0
P03CV15,BRG_034,0,1,35532.0
P03CV15,BRG_034,1,1,19188.0
P03CV15,BRG_034,2,1,47256.0
P03CV15,BRG_034,3,1,41208.0
P03CV15,BRG_034,4,0,24432.0
P03CV15,BRG_035,0,1,34140.0
P03CV15,BRG_035,1,1,20832.0
P03CV15,BRG_035,2,1,62544.0
P03CV15,BRG_035,3,1,40668.0
P03CV15,BRG_035,4,0,9432.0
P03CV15,BRG_036,0,1,75684.0
P03CV15,BRG_036,1,1,50580.0
P03CV15,BRG_036,2,1,17184.0
P03CV15,BRG_036,3,0,24168.0
P03CV15,BRG_037,0,1,28728.0
P03CV15,BRG_037,1,1,45576.0
P03CV15,BRG_037,2,1,33072.0
P03CV15,BRG_037,3,0,60240.0
P03CV15,BRG_038,0,1,44580.0
P03CV15,BRG_038,1,1,35136.0
P03CV15,BRG_038,2,1,19212.0
P03CV15,BRG_038,3,1,43596.0
P03CV15,BRG_038,4,0,25092.0
P06CV01,BRG_001,0,1,25476.0
P06CV01,BRG_001,1,1,59544.0
P06CV01,BRG_001,2,1,35676.0
P06CV01,BRG_001,3,1,38112.0
P06CV01,BRG_001,4,0,5172.0
P06CV01,BRG_002,0,1,50556.0
P06CV01,BRG_002,1,1,60252.0
P06CV01,BRG_002,2,0,53172.0
P06CV01,BRG_003,0,1,51264.0
P06CV01,BRG_003,1,1,4680.0
P06CV01,BRG_003,2,1,60408.0
P06CV01,BRG_003,3,1,37032.0
P06CV01,BRG_003,4,0,10596.0
P06CV01,BRG_004,0,1,51552.0
P06CV01,BRG_004,1,1,50928.0
P06CV01,BRG_004,2,1,10524.0
P06CV01,BRG_004,3,1,47040.0
P06CV01,BRG_004,4,0,3936.0
P06CV01,BRG_005,0,1,45984.0
P06CV01,BRG_005,1,1,42948.0
P06CV01,BRG_005,2,1,24084.0
P06CV01,BRG_005,3,1,40608.0
P06CV01,BRG_005,4,0,10356.0
P06CV01,BRG_006,0,1,37140.0
P06CV01,BRG_006,1,1,37824.0
P06CV01,BRG_006,2,1,32544.0
P06CV01,BRG_006,3,1,26868.0
P06CV01,BRG_006,4,0,29604.0
P06CV01,BRG_007,0,1,24408.0
P06CV01,BRG_007,1,1,63552.0
P06CV01,BRG_007,2,1,43944.0
P06CV01,BRG_007,3,0,32076.0
P06CV01,BRG_008,0,1,33612.0
P06CV01,BRG_008,1,1,16908.0
P06CV01,BRG_008,2,1,35760.0
P06CV01,BRG_008,3,1,24876.0
P06CV01,BRG_008,4,0,52824.0
P06CV01,BRG_009,0,1,50028.0
P06CV01,BRG_009,1,1,58116.0
P06CV01,BRG_009,2,1,38844.0
P06CV01,BRG_009,3,0,16992.0
P06CV01,BRG_010,0,1,33096.0
P06CV01,BRG_010,1,1,32808.0
P06CV01,BRG_010,2,1,25560.0
P06CV01,BRG_010,3,1,63768.0
P06CV01,BRG_010,4,0,8748.0
P06CV01,BRG_011,0,1,18660.0
P06CV01,BRG_011,1,1,39348.0
P06CV01,BRG_011,2,1,35508.0
P06CV01,BRG_011,3,1,20172.0
P06CV01,BRG_011,4,0,50292.0
P06CV01,BRG_012,0,1,49716.0
P06CV01,BRG_012,1,1,25932.0
P06CV01,BRG_012,2,1,34572.0
P06CV01,BRG_012,3,1,49308.0
P06CV01,BRG_012,4,0,4452.0
P06CV01,BRG_013,0,1,22044.0
P06CV01,BRG_013,1,1,40152.0
P06CV01,BRG_013,2,1,19716.0
P06CV01,BRG_013,3,1,15156.0
P06CV01,BRG_013,4,1,59052.0
P06CV01,BRG_013,5,0,7860.0
P06CV01,BRG_014,0,1,31488.0
P06CV01,BRG_014,1,1,19764.0
P06CV01,BRG_014,2,1,28380.0
P06CV01,BRG_014,3,1,30168.0
P06CV01,BRG_014,4,1,52104.0
P06CV01,BRG_014,5,0,2076.0
P06CV01,BRG_015,0,1,24552.0
P06CV01,BRG_015,1,1,49416.0
P06CV01,BRG_015,2,1,49512.0
P06CV01,BRG_015,3,1,11880.0
P06CV01,BRG_015,4,0,28620.0
P06CV01,BRG_016,0,1,15360.0
P06CV01,BRG_016,1,1,31944.0
P06CV01,BRG_016,2,1,75408.0
P06CV01,BRG_016,3,0,41268.0
P06CV01,BRG_017,0,1,55788.0
P06CV01,BRG_017,1,1,12660.0
P06CV01,BRG_017,2,1,19116.0
P06CV01,BRG_017,3,1,35592.0
P06CV01,BRG_017,4,1,30072.0
P06CV01,BRG_017,5,0,10752.0
P06CV01,BRG_018,0,1,31152.0
P06CV01,BRG_018,1,1,38748.0
P06CV01,BRG_018,2,1,27540.0
P06CV01,BRG_018,3,1,31500.0
P06CV01,BRG_018,4,0,35040.0
P06CV01,BRG_019,0,1,42768.0
P06CV01,BRG_019,1,1,61680.0
P06CV01,BRG_019,2,1,47760.0
P06CV01,BRG_019,3,0,11772.0
P06CV01,BRG_020,0,1,31404.0
P06CV01,BRG_020,1,1,25548.0
P06CV01,BRG_020,2,1,57408.0
P06CV01,BRG_020,3,1,34368.0
P06CV01,BRG_020,4,0,15252.0
P06CV01,BRG_021,0,1,34980.0
P06CV01,BRG_021,1,1,56976.0
P06CV01,BRG_021,2,1,44556.0
P06CV01,BRG_021,3,0,27468.0
P06CV01,BRG_022,0,1,40608.0
P06CV01,BRG_022,1,1,48648.0
P06CV01,BRG_022,2,1,46788.0
P06CV01,BRG_022,3,0,27936.0
P06CV01,BRG_023,0,1,67152.0
P06CV01,BRG_023,1,1,41316.0
P06CV01,BRG_023,2,1,35328.0
P06CV01,BRG_023,3,0,20184.0
P06CV01,BRG_024,0,1,25176.0
P06CV01,BRG_024,1,1,26796.0
P06CV01,BRG_024,2,1,44856.0
P06CV01,BRG_024,3,1,46152.0
P06CV01,BRG_024,4,0,21000.0
P06CV01,BRG_025,0,1,24468.0
P06CV01,BRG_025,1,1,39528.0
P06CV01,BRG_025,2,1,31056.0
P06CV01,BRG_025,3,1,27816.0
P06CV01,BRG_025,4,1,20964.0
P06CV01,BRG_025,5,0,20148.0
P06CV01,BRG_026,0,1,45972.0
P06CV01,BRG_026,1,1,20064.0
P06CV01,BRG_026,2,1,24048.0
P06CV01,BRG_026,3,1,26160.0
P06CV01,BRG_026,4,0,47736.0
P06CV01,BRG_027,0,1,14964.0
P06CV01,BRG_027,1,1,45804.0
P06CV01,BRG_027,2,1,58680.0
P06CV01,BRG_027,3,1,31440.0
P06CV01,BRG_027,4,0,13092.0
P06CV01,BRG_028,0,1,43524.0
P06CV01,BRG_028,1,1,14088.0
P06CV01,BRG_028,2,1,53976.0
P06CV01,BRG_028,3,1,28836.0
P06CV01,BRG_028,4,0,23556.0
P06CV01,BRG_029,0,1,27744.0
P06CV01,BRG_029,1,1,54852.0
P06CV01,BRG_029,2,1,28644.0
P06CV01,BRG_029,3,1,15876.0
P06CV01,BRG_029,4,0,36864.0
P06CV01,BRG_030,0,1,29916.0
P06CV01,BRG_030,1,1,51984.0
P06CV01,BRG_030,2,1,63708.0
P06CV01,BRG_030,3,0,18372.0
P06CV01,BRG_031,0,1,34032.0
P06CV01,BRG_031,1,1,22308.0
P06CV01,BRG_031,2,1,38628.0
P06CV01,BRG_031,3,1,30240.0
P06CV01,BRG_031,4,1,22260.0
P06CV01,BRG_031,5,0,16512.0
P06CV01,BRG_032,0,1,23724.0
P06CV01,BRG_032,1,1,52272.0
P06CV01,BRG_032,2,1,38532.0
P06CV01,BRG_032,3,1,32640.0
P06CV01,BRG_032,4,0,16812.0
P06CV01,BRG_033,0,1,41904.0
P06CV01,BRG_033,1,1,33312.0
P06CV01,BRG_033,2,1,36240.0
P06CV01,BRG_033,3,1,16176.0
P06CV01,BRG_033,4,0,36348.0
P06CV01,BRG_034,0,1,34620.0
P06CV01,BRG_034,1,1,16800.0
P06CV01,BRG_034,2,1,40620.0
P06CV01,BRG_034,3,1,56604.0
P06CV01,BRG_034,4,0,15336.0
P06CV01,BRG_035,0,1,47412.0
P06CV01,BRG_035,1,1,38424.0
P06CV01,BRG_035,2,1,48264.0
P06CV01,BRG_035,3,1,22944.0
P06CV01,BRG_035,4,0,6936.0
P06CV01,BRG_036,0,1,58548.0
P06CV01,BRG_036,1,1,41328.0
P06CV01,BRG_036,2,1,30888.0
P06CV01,BRG_036,3,0,33216.0
P06CV01,BRG_037,0,1,29256.0
P06CV01,BRG_037,1,1,30540.0
P06CV01,BRG_037,2,1,33360.0
P06CV01,BRG_037,3,1,48744.0
P06CV01,BRG_037,4,1,21084.0
P06CV01,BRG_037,5,0,996.0
P06CV01,BRG_038,0,1,27492.0
P06CV01,BRG_038,1,1,37740.0
P06CV01,BRG_038,2,1,47304.0
P06CV01,BRG_038,3,1,46476.0
P06CV01,BRG_038,4,0,4968.0
P06CV01,BRG_039,0,1,61944.0
P06CV01,BRG_039,1,1,45480.0
P06CV01,BRG_039,2,1,27060.0
P06CV01,BRG_039,3,0,29496.0
P06CV01,BRG_040,0,1,54732.0
P06CV01,BRG_040,1,1,52464.0
P06CV01,BRG_040,2,1,39276.0
P06CV01,BRG_040,3,0,17508.0
P06CV01,BRG_041,0,1,52752.0
P06CV01,BRG_041,1,1,26388.0
P06CV01,BRG_041,2,1,42384.0
P06CV01,BRG_041,3,0,42456.0
P06CV01,BRG_042,0,1,28932.0
P06CV01,BRG_042,1,1,25992.0
P06CV01,BRG_042,2,1,42108.0
P06CV01,BRG_042,3,1,40836.0
P06CV01,BRG_042,4,0,26112.0
P06CV01,BRG_043,0,1,45036.0
P06CV01,BRG_043,1,1,40308.0
P06CV01,BRG_043,2,1,8928.0
P06CV01,BRG_043,3,1,7392.0
P06CV01,BRG_043,4,1,50664.0
P06CV01,BRG_043,5,0,11652.0
P06CV01,BRG_044,0,1,42012.0
P06CV01,BRG_044,1,1,54420.0
P06CV01,BRG_044,2,1,27300.0
P06CV01,BRG_044,3,0,40248.0
P06CV01,BRG_045,0,1,30552.0
P06CV01,BRG_045,1,1,41664.0
P06CV01,BRG_045,2,1,29052.0
P06CV01,BRG_045,3,1,40668.0
P06CV01,BRG_045,4,0,22044.0
P06CV01,BRG_046,0,1,24900.0
P06CV01,BRG_046,1,1,33972.0
P06CV01,BRG_046,2,1,55428.0
P06CV01,BRG_046,3,1,31800.0
P06CV01,BRG_046,4,0,17880.0
P06CV01,BRG_047,0,1,62448.0
P06CV01,BRG_047,1,1,30936.0
P06CV01,BRG_047,2,1,31020.0
P06CV01,BRG_047,3,1,33372.0
P06CV01,BRG_047,4,0,6204.0
P06CV01,BRG_048,0,1,41628.0
P06CV01,BRG_048,1,1,36228.0
P06CV01,BRG_048,2,1,36612.0
P06CV01,BRG_048,3,1,39888.0
P06CV01,BRG_048,4,0,9624.0
P06CV01,BRG_049,0,1,42348.0
P06CV01,BRG_049,1,1,14880.0
P06CV01,BRG_049,2,1,16248.0
P06CV01,BRG_049,3,1,20496.0
P06CV01,BRG_049,4,1,58248.0
P06CV01,BRG_049,5,0,11760.0
P06CV01,BRG_050,0,1,38964.0
P06CV01,BRG_050,1,1,31404.0
P06CV01,BRG_050,2,1,46428.0
P06CV01,BRG_050,3,1,26844.0
P06CV01,BRG_050,4,0,20340.0
P06CV01,BRG_051,0,1,44520.0
P06CV01,BRG_051,1,1,30876.0
P06CV01,BRG_051,2,1,20928.0
P06CV01,BRG_051,3,1,48456.0
P06CV01,BRG_051,4,0,19200.0
P06CV01,BRG_052,0,1,71580.0
P06CV01,BRG_052,1,1,32328.0
P06CV01,BRG_052,2,0,60072.0
P06CV01,BRG_053,0,1,31764.0
P06CV01,BRG_053,1,1,29232.0
P06CV01,BRG_053,2,1,26220.0
P06CV01,BRG_053,3,1,23736.0
P06CV01,BRG_053,4,1,44364.0
P06CV01,BRG_053,5,0,8664.0
P06CV01,BRG_054,0,1,34704.0
P06CV01,BRG_054,1,1,42768.0
P06CV01,BRG_054,2,1,44436.0
P06CV01,BRG_054,3,0,42072.0
P06CV01,BRG_055,0,1,26448.0
P06CV01,BRG_055,1,1,46716.0
P06CV01,BRG_055,2,1,20628.0
P06CV01,BRG_055,3,1,17076.0
P06CV01,BRG_055,4,1,9528.0
P06CV01,BRG_055,5,1,6084.0
P06CV01,BRG_055,6,0,37500.0
P06CV01,BRG_056,0,1,49416.0
P06CV01,BRG_056,1,1,72312.0
P06CV01,BRG_056,2,1,42204.0
P06CV01,BRG_056,3,0,48.0
P06CV01,BRG_057,0,1,43872.0
P06CV01,BRG_057,1,1,28620.0
P06CV01,BRG_057,2,1,38952.0
P06CV01,BRG_057,3,1,14808.0
P06CV01,BRG_057,4,1,23640.0
P06CV01,BRG_057,5,0,14088.0
P06CV01,BRG_058,0,1,19992.0
P06CV01,BRG_058,1,1,34872.0
P06CV01,BRG_058,2,1,28848.0
P06CV01,BRG_058,3,1,31992.0
P06CV01,BRG_058,4,0,48276.0
P06CV01,BRG_059,0,1,46212.0
P06CV01,BRG_059,1,1,55752.0
P06CV01,BRG_059,2,1,27084.0
P06CV01,BRG_059,3,1,21324.0
P06CV01,BRG_059,4,0,13608.0
P06CV01,BRG_060,0,1,42024.0
P06CV01,BRG_060,1,1,44292.0
P06CV01,BRG_060,2,1,37644.0
P06CV01,BRG_060,3,0,40020.0
P06CV01,BRG_061,0,1,50856.0
P06CV01,BRG_061,1,1,29508.0
P06CV01,BRG_061,2,1,53604.0
P06CV01,BRG_061,3,0,30012.0
P06CV01,BRG_062,0,1,44340.0
P06CV01,BRG_062,1,1,28908.0
P06CV01,BRG_062,2,1,30408.0
P06CV01,BRG_062,3,1,30084.0
P06CV01,BRG_062,4,0,30240.0
P06CV02,BRG_001,0,1,45312.0
P06CV02,BRG_001,1,1,43392.0
P06CV02,BRG_001,2,1,24528.0
P06CV02,BRG_001,3,1,37980.0
P06CV02,BRG_001,4,0,12120.0
P06CV02,BRG_002,0,1,31800.0
P06CV02,BRG_002,1,1,55944.0
P06CV02,BRG_002,2,1,28140.0
P06CV02,BRG_002,3,1,43620.0
P06CV02,BRG_002,4,0,3828.0
P06CV02,BRG_003,0,1,29304.0
P06CV02,BRG_003,1,1,39132.0
P06CV02,BRG_003,2,1,49728.0
P06CV02,BRG_003,3,1,41508.0
P06CV02,BRG_003,4,0,3660.0
P06CV02,BRG_004,0,1,50496.0
P06CV02,BRG_004,1,1,50280.0
P06CV02,BRG_004,2,1,22980.0
P06CV02,BRG_004,3,1,11988.0
P06CV02,BRG_004,4,0,27588.0
P06CV02,BRG_005,0,1,40572.0
P06CV02,BRG_005,1,1,24108.0
P06CV02,BRG_005,2,1,51612.0
P06CV02,BRG_005,3,0,47040.0
P06CV02,BRG_006,0,1,67416.0
P06CV02,BRG_006,1,1,40416.0
P06CV02,BRG_006,2,0,55500.0
P06CV02,BRG_007,0,1,19560.0
P06CV02,BRG_007,1,1,42660.0
P06CV02,BRG_007,2,1,67320.0
P06CV02,BRG_007,3,0,33792.0
P06CV02,BRG_008,0,1,33108.0
P06CV02,BRG_008,1,1,22356.0
P06CV02,BRG_008,2,1,27144.0
P06CV02,BRG_008,3,1,26412.0
P06CV02,BRG_008,4,1,38400.0
P06CV02,BRG_008,5,1,15672.0
P06CV02,BRG_008,6,0,240.0
P06CV02,BRG_009,0,1,63432.0
P06CV02,BRG_009,1,1,48876.0
P06CV02,BRG_009,2,1,16056.0
P06CV02,BRG_009,3,0,34968.0
P06CV02,BRG_010,0,1,58020.0
P06CV02,BRG_010,1,1,30504.0
P06CV02,BRG_010,2,1,57120.0
P06CV02,BRG_010,3,0,17688.0
P06CV02,BRG_011,0,1,49416.0
P06CV02,BRG_011,1,1,35808.0
P06CV02,BRG_011,2,1,22476.0
P06CV02,BRG_011,3,1,23508.0
P06CV02,BRG_011,4,1,25428.0
P06CV02,BRG_011,5,0,6696.0
P06CV02,BRG_012,0,1,42864.0
P06CV02,BRG_012,1,1,31380.0
P06CV02,BRG_012,2,1,74712.0
P06CV02,BRG_012,3,0,14376.0
P06CV02,BRG_013,0,1,21540.0
P06CV02,BRG_013,1,1,31776.0
P06CV02,BRG_013,2,1,24948.0
P06CV02,BRG_013,3,1,45408.0
P06CV02,BRG_013,4,0,39660.0
P06CV02,BRG_014,0,1,64308.0
P06CV02,BRG_014,1,1,56028.0
P06CV02,BRG_014,2,1,29568.0
P06CV02,BRG_014,3,0,13428.0
P06CV02,BRG_015,0,1,44388.0
P06CV02,BRG_015,1,1,18108.0
P06CV02,BRG_015,2,1,35616.0
P06CV02,BRG_015,3,1,34608.0
P06CV02,BRG_015,4,1,10944.0
P06CV02,BRG_015,5,0,19668.0
P06CV02,BRG_016,0,1,52416.0
P06CV02,BRG_016,1,1,35892.0
P06CV02,BRG_016,2,1,38988.0
P06CV02,BRG_016,3,0,36036.0
P06CV02,BRG_017,0,1,25476.0
P06CV02,BRG_017,1,1,18972.0
P06CV02,BRG_017,2,1,40476.0
P06CV02,BRG_017,3,1,52500.0
P06CV02,BRG_017,4,0,25908.0
P06CV02,BRG_018,0,1,25104.0
P06CV02,BRG_018,1,1,35472.0
P06CV02,BRG_018,2,1,62292.0
P06CV02,BRG_018,3,1,21024.0
P06CV02,BRG_018,4,0,19440.0
P06CV02,BRG_019,0,1,34644.0
P06CV02,BRG_019,1,1,42288.0
P06CV02,BRG_019,2,1,20472.0
P06CV02,BRG_019,3,1,39960.0
P06CV02,BRG_019,4,1,18912.0
P06CV02,BRG_019,5,0,7056.0
P06CV02,BRG_020,0,1,58332.0
P06CV02,BRG_020,1,1,23592.0
P06CV02,BRG_020,2,1,56844.0
P06CV02,BRG_020,3,0,24564.0
P06CV02,BRG_021,0,1,32412.0
P06CV02,BRG_021,1,1,12720.0
P06CV02,BRG_021,2,1,24420.0
P06CV02,BRG_021,3,1,31428.0
P06CV02,BRG_021,4,1,32988.0
P06CV02,BRG_021,5,0,29364.0
P06CV02,BRG_022,0,1,34284.0
P06CV02,BRG_022,1,1,54084.0
P06CV02,BRG_022,2,1,36648.0
P06CV02,BRG_022,3,0,38316.0
P06CV02,BRG_023,0,1,25572.0
P06CV02,BRG_023,1,1,17088.0
P06CV02,BRG_023,2,1,44352.0
P06CV02,BRG_023,3,1,17256.0
P06CV02,BRG_023,4,1,29568.0
P06CV02,BRG_023,5,0,29496.0
P06CV02,BRG_024,0,1,36480.0
P06CV02,BRG_024,1,1,39072.0
P06CV02,BRG_024,2,1,24660.0
P06CV02,BRG_024,3,1,42264.0
P06CV02,BRG_024,4,1,16392.0
P06CV02,BRG_024,5,0,4464.0
P06CV02,BRG_025,0,1,34536.0
P06CV02,BRG_025,1,1,24060.0
P06CV02,BRG_025,2,1,24456.0
P06CV02,BRG_025,3,1,39480.0
P06CV02,BRG_025,4,0,40800.0
P06CV02,BRG_026,0,1,54396.0
P06CV02,BRG_026,1,1,41544.0
P06CV02,BRG_026,2,1,47712.0
P06CV02,BRG_026,3,0,19680.0
P06CV02,BRG_027,0,1,53544.0
P06CV02,BRG_027,1,1,57756.0
P06CV02,BRG_027,2,1,46164.0
P06CV02,BRG_027,3,0,5868.0
P06CV02,BRG_028,0,1,33396.0
P06CV02,BRG_028,1,1,61476.0
P06CV02,BRG_028,2,1,40788.0
P06CV02,BRG_028,3,0,27672.0
P06CV02,BRG_029,0,1,25800.0
P06CV02,BRG_029,1,1,25116.0
P06CV02,BRG_029,2,1,20148.0
P06CV02,BRG_029,3,1,52272.0
P06CV02,BRG_029,4,1,10812.0
P06CV02,BRG_029,5,0,29184.0
P06CV02,BRG_030,0,1,53280.0
P06CV02,BRG_030,1,1,9660.0
P06CV02,BRG_030,2,1,53316.0
P06CV02,BRG_030,3,1,39804.0
P06CV02,BRG_030,4,0,7272.0
P06CV02,BRG_031,0,1,37824.0
P06CV02,BRG_031,1,1,39672.0
P06CV02,BRG_031,2,1,18552.0
P06CV02,BRG_031,3,1,35892.0
P06CV02,BRG_031,4,1,27576.0
P06CV02,BRG_031,5,0,3816.0
P06CV02,BRG_032,0,1,18708.0
P06CV02,BRG_032,1,1,37320.0
P06CV02,BRG_032,2,1,14148.0
P06CV02,BRG_032,3,1,36324.0
P06CV02,BRG_032,4,0,56832.0
P06CV02,BRG_033,0,1,38976.0
P06CV02,BRG_033,1,1,25272.0
P06CV02,BRG_033,2,1,34920.0
P06CV02,BRG_033,3,1,30192.0
P06CV02,BRG_033,4,0,33972.0
P06CV02,BRG_034,0,1,16788.0
P06CV02,BRG_034,1,1,21408.0
P06CV02,BRG_034,2,1,36672.0
P06CV02,BRG_034,3,1,28032.0
P06CV02,BRG_034,4,1,45780.0
P06CV02,BRG_034,5,0,14652.0
P06CV02,BRG_035,0,1,25440.0
P06CV02,BRG_035,1,1,24060.0
P06CV02,BRG_035,2,1,40908.0
P06CV02,BRG_035,3,1,39612.0
P06CV02,BRG_035,4,1,16428.0
P06CV02,BRG_035,5,0,16884.0
P06CV02,BRG_036,0,1,42924.0
P06CV02,BRG_036,1,1,17916.0
P06CV02,BRG_036,2,1,30600.0
P06CV02,BRG_036,3,1,29172.0
P06CV02,BRG_036,4,0,42720.0
P06CV02,BRG_037,0,1,45636.0
P06CV02,BRG_037,1,1,41856.0
P06CV02,BRG_037,2,1,38976.0
P06CV02,BRG_037,3,1,29748.0
P06CV02,BRG_037,4,0,7116.0
P06CV02,BRG_038,0,1,42432.0
P06CV02,BRG_038,1,1,61824.0
P06CV02,BRG_038,2,0,59076.0
P06CV02,BRG_039,0,1,38640.0
P06CV02,BRG_039,1,1,36636.0
P06CV02,BRG_039,2,1,24444.0
P06CV02,BRG_039,3,1,52452.0
P06CV02,BRG_039,4,0,11160.0
P06CV02,BRG_040,0,1,40488.0
P06CV02,BRG_040,1,1,32484.0
P06CV02,BRG_040,2,1,36840.0
P06CV02,BRG_040,3,1,50784.0
P06CV02,BRG_040,4,0,2736.0
P06CV02,BRG_041,0,1,34776.0
P06CV02,BRG_041,1,1,35868.0
P06CV02,BRG_041,2,1,29352.0
P06CV02,BRG_041,3,1,9948.0
P06CV02,BRG_041,4,1,19188.0
P06CV02,BRG_041,5,0,34200.0
P06CV02,BRG_042,0,1,21528.0
P06CV02,BRG_042,1,1,27420.0
P06CV02,BRG_042,2,1,34800.0
P06CV02,BRG_042,3,1,67308.0
P06CV02,BRG_042,4,0,12276.0
P06CV02,BRG_043,0,1,61044.0
P06CV02,BRG_043,1,1,25572.0
P06CV02,BRG_043,2,1,16584.0
P06CV02,BRG_043,3,1,52140.0
P06CV02,BRG_043,4,0,7992.0
P06CV02,BRG_044,0,1,58560.0
P06CV02,BRG_044,1,1,24600.0
P06CV02,BRG_044,2,1,62124.0
P06CV02,BRG_044,3,0,18048.0
P06CV02,BRG_045,0,1,38088.0
P06CV02,BRG_045,1,1,49812.0
P06CV02,BRG_045,2,1,29436.0
P06CV02,BRG_045,3,1,33984.0
P06CV02,BRG_045,4,0,12012.0
P06CV02,BRG_046,0,1,32448.0
P06CV02,BRG_046,1,1,55512.0
P06CV02,BRG_046,2,1,27612.0
P06CV02,BRG_046,3,0,47760.0
P06CV02,BRG_047,0,1,31644.0
P06CV02,BRG_047,1,1,46200.0
P06CV02,BRG_047,2,1,38028.0
P06CV02,BRG_047,3,1,26736.0
P06CV02,BRG_047,4,0,20724.0
P06CV02,BRG_048,0,1,16800.0
P06CV02,BRG_048,1,1,41016.0
P06CV02,BRG_048,2,1,17112.0
P06CV02,BRG_048,3,1,52944.0
P06CV02,BRG_048,4,1,20172.0
P06CV02,BRG_048,5,0,15288.0
P06CV02,BRG_049,0,1,21372.0
P06CV02,BRG_049,1,1,43464.0
P06CV02,BRG_049,2,1,41772.0
P06CV02,BRG_049,3,1,38760.0
P06CV02,BRG_049,4,0,17964.0
P06CV02,BRG_050,0,1,17784.0
P06CV02,BRG_050,1,1,28512.0
P06CV02,BRG_050,2,1,46212.0
P06CV02,BRG_050,3,1,50508.0
P06CV02,BRG_050,4,0,20316.0
P06CV02,BRG_051,0,1,60360.0
P06CV02,BRG_051,1,1,38460.0
P06CV02,BRG_051,2,1,22812.0
P06CV02,BRG_051,3,1,38316.0
P06CV02,BRG_051,4,0,3384.0
P06CV02,BRG_052,0,1,25512.0
P06CV02,BRG_052,1,1,31608.0
P06CV02,BRG_052,2,1,33468.0
P06CV02,BRG_052,3,1,33048.0
P06CV02,BRG_052,4,0,39696.0
P06CV02,BRG_053,0,1,33240.0
P06CV02,BRG_053,1,1,25704.0
P06CV02,BRG_053,2,1,22152.0
P06CV02,BRG_053,3,1,46308.0
P06CV02,BRG_053,4,1,26772.0
P06CV02,BRG_053,5,0,9156.0
P06CV02,BRG_054,0,1,34836.0
P06CV02,BRG_054,1,1,37464.0
P06CV02,BRG_054,2,1,65304.0
P06CV02,BRG_054,3,0,25728.0
P06CV02,BRG_055,0,1,33744.0
P06CV02,BRG_055,1,1,26916.0
P06CV02,BRG_055,2,1,59568.0
P06CV02,BRG_055,3,1,29136.0
P06CV02,BRG_055,4,0,13968.0
P06CV02,BRG_056,0,1,38724.0
P06CV02,BRG_056,1,1,20640.0
P06CV02,BRG_056,2,1,40008.0
P06CV02,BRG_056,3,1,25200.0
P06CV02,BRG_056,4,1,31476.0
P06CV02,BRG_056,5,0,7284.0
P06CV02,BRG_057,0,1,43908.0
P06CV02,BRG_057,1,1,46176.0
P06CV02,BRG_057,2,1,39684.0
P06CV02,BRG_057,3,0,33564.0
P06CV02,BRG_058,0,1,27156.0
P06CV02,BRG_058,1,1,13296.0
P06CV02,BRG_058,2,1,61596.0
P06CV02,BRG_058,3,1,39228.0
P06CV02,BRG_058,4,0,22056.0
P06CV02,BRG_059,0,1,17844.0
P06CV02,BRG_059,1,1,43716.0
P06CV02,BRG_059,2,1,16224.0
P06CV02,BRG_059,3,1,41052.0
P06CV02,BRG_059,4,1,25668.0
P06CV02,BRG_059,5,0,18828.0
P06CV02,BRG_060,0,1,50364.0
P06CV02,BRG_060,1,1,56748.0
P06CV02,BRG_060,2,1,16824.0
P06CV02,BRG_060,3,1,37560.0
P06CV02,BRG_060,4,0,1836.0
P06CV02,BRG_061,0,1,43632.0
P06CV02,BRG_061,1,1,35196.0
P06CV02,BRG_061,2,1,41136.0
P06CV02,BRG_061,3,0,43368.0
P06CV02,BRG_062,0,1,60468.0
P06CV02,BRG_062,1,1,17160.0
P06CV02,BRG_062,2,1,40596.0
P06CV02,BRG_062,3,1,38280.0
P06CV02,BRG_062,4,0,6828.0
P06CV03,BRG_001,0,1,26472.0
P06CV03,BRG_001,1,1,26904.0
P06CV03,BRG_001,2,1,54756.0
P06CV03,BRG_001,3,0,55164.0
P06CV03,BRG_002,0,1,33984.0
P06CV03,BRG_002,1,1,42144.0
P06CV03,BRG_002,2,1,47124.0
P06CV03,BRG_002,3,1,21744.0
P06CV03,BRG_002,4,0,18300.0
P06CV03,BRG_003,0,1,44568.0
P06CV03,BRG_003,1,1,45432.0
P06CV03,BRG_003,2,1,44196.0
P06CV03,BRG_003,3,0,29100.0
P06CV03,BRG_004,0,1,44556.0
P06CV03,BRG_004,1,1,20496.0
P06CV03,BRG_004,2,1,29340.0
P06CV03,BRG_004,3,1,31008.0
P06CV03,BRG_004,4,1,28068.0
P06CV03,BRG_004,5,0,9828.0
P06CV03,BRG_005,0,1,34968.0
P06CV03,BRG_005,1,1,52416.0
P06CV03,BRG_005,2,1,28740.0
P06CV03,BRG_005,3,1,44376.0
P06CV03,BRG_005,4,0,2796.0
P06CV03,BRG_006,0,1,26628.0
P06CV03,BRG_006,1,1,27372.0
P06CV03,BRG_006,2,1,45696.0
P06CV03,BRG_006,3,1,56076.0
P06CV03,BRG_006,4,0,7524.0
P06CV03,BRG_007,0,1,47424.0
P06CV03,BRG_007,1,1,50556.0
P06CV03,BRG_007,2,1,36624.0
P06CV03,BRG_007,3,0,28692.0
P06CV03,BRG_008,0,1,68076.0
P06CV03,BRG_008,1,1,28056.0
P06CV03,BRG_008,2,1,36132.0
P06CV03,BRG_008,3,0,31032.0
P06CV03,BRG_009,0,1,44328.0
P06CV03,BRG_009,1,1,5028.0
P06CV03,BRG_009,2,1,45324.0
P06CV03,BRG_009,3,1,15996.0
P06CV03,BRG_009,4,0,52620.0
P06CV03,BRG_010,0,1,13620.0
P06CV03,BRG_010,1,1,17496.0
P06CV03,BRG_010,2,1,45228.0
P06CV03,BRG_010,3,1,7284.0
P06CV03,BRG_010,4,1,45312.0
P06CV03,BRG_010,5,0,34356.0
P06CV03,BRG_011,0,1,51036.0
P06CV03,BRG_011,1,1,34008.0
P06CV03,BRG_011,2,1,49548.0
P06CV03,BRG_011,3,1,18108.0
P06CV03,BRG_011,4,0,10596.0
P06CV03,BRG_012,0,1,42180.0
P06CV03,BRG_012,1,1,37320.0
P06CV03,BRG_012,2,1,27612.0
P06CV03,BRG_012,3,1,38136.0
P06CV03,BRG_012,4,1,10116.0
P06CV03,BRG_012,5,0,7932.0
P06CV03,BRG_013,0,1,53412.0
P06CV03,BRG_013,1,1,55476.0
P06CV03,BRG_013,2,0,54408.0
P06CV03,BRG_014,0,1,18816.0
P06CV03,BRG_014,1,1,27192.0
P06CV03,BRG_014,2,1,34704.0
P06CV03,BRG_014,3,1,43056.0
P06CV03,BRG_014,4,1,27900.0
P06CV03,BRG_014,5,0,11628.0
P06CV03,BRG_015,0,1,29400.0
P06CV03,BRG_015,1,1,32640.0
P06CV03,BRG_015,2,1,14556.0
P06CV03,BRG_015,3,1,36060.0
P06CV03,BRG_015,4,0,50640.0
P06CV03,BRG_016,0,1,51600.0
P06CV03,BRG_016,1,1,42264.0
P06CV03,BRG_016,2,1,19260.0
P06CV03,BRG_016,3,0,50172.0
P06CV03,BRG_017,0,1,34560.0
P06CV03,BRG_017,1,1,62592.0
P06CV03,BRG_017,2,1,50724.0
P06CV03,BRG_017,3,0,15420.0
P06CV03,BRG_018,0,1,57600.0
P06CV03,BRG_018,1,1,57852.0
P06CV03,BRG_018,2,1,39924.0
P06CV03,BRG_018,3,0,7920.0
P06CV03,BRG_019,0,1,40416.0
P06CV03,BRG_019,1,1,45504.0
P06CV03,BRG_019,2,1,47472.0
P06CV03,BRG_019,3,0,29904.0
P06CV03,BRG_020,0,1,10668.0
P06CV03,BRG_020,1,1,18168.0
P06CV03,BRG_020,2,1,36204.0
P06CV03,BRG_020,3,1,30120.0
P06CV03,BRG_020,4,1,39552.0
P06CV03,BRG_020,5,0,28584.0
P06CV03,BRG_021,0,1,33180.0
P06CV03,BRG_021,1,1,47004.0
P06CV03,BRG_021,2,1,60504.0
P06CV03,BRG_021,3,0,22608.0
P06CV03,BRG_022,0,1,35184.0
P06CV03,BRG_022,1,1,36756.0
P06CV03,BRG_022,2,1,40128.0
P06CV03,BRG_022,3,1,50268.0
P06CV03,BRG_022,4,0,960.0
P06CV03,BRG_023,0,1,18684.0
P06CV03,BRG_023,1,1,31212.0
P06CV03,BRG_023,2,1,43644.0
P06CV03,BRG_023,3,1,31008.0
P06CV03,BRG_023,4,1,19548.0
P06CV03,BRG_023,5,0,19200.0
P06CV03,BRG_024,0,1,36972.0
P06CV03,BRG_024,1,1,29388.0
P06CV03,BRG_024,2,1,20676.0
P06CV03,BRG_024,3,1,25956.0
P06CV03,BRG_024,4,1,18048.0
P06CV03,BRG_024,5,0,32256.0
P06CV03,BRG_025,0,1,55692.0
P06CV03,BRG_025,1,1,22644.0
P06CV03,BRG_025,2,1,42900.0
P06CV03,BRG_025,3,1,38460.0
P06CV03,BRG_025,4,0,3600.0
P06CV03,BRG_026,0,1,31548.0
P06CV03,BRG_026,1,1,19596.0
P06CV03,BRG_026,2,1,65064.0
P06CV03,BRG_026,3,1,17688.0
P06CV03,BRG_026,4,0,29400.0
P06CV03,BRG_027,0,1,33240.0
P06CV03,BRG_027,1,1,20076.0
P06CV03,BRG_027,2,1,48468.0
P06CV03,BRG_027,3,0,61512.0
P06CV03,BRG_028,0,1,33624.0
P06CV03,BRG_028,1,1,36900.0
P06CV03,BRG_028,2,1,24096.0
P06CV03,BRG_028,3,1,40392.0
P06CV03,BRG_028,4,1,15792.0
P06CV03,BRG_028,5,0,12492.0
P06CV03,BRG_029,0,1,40380.0
P06CV03,BRG_029,1,1,38568.0
P06CV03,BRG_029,2,1,36084.0
P06CV03,BRG_029,3,0,48264.0
P06CV03,BRG_030,0,1,31488.0
P06CV03,BRG_030,1,1,22596.0
P06CV03,BRG_030,2,1,21720.0
P06CV03,BRG_030,3,1,32040.0
P06CV03,BRG_030,4,1,13092.0
P06CV03,BRG_030,5,1,38532.0
P06CV03,BRG_030,6,0,3828.0
P06CV03,BRG_031,0,1,36492.0
P06CV03,BRG_031,1,1,34332.0
P06CV03,BRG_031,2,1,39768.0
P06CV03,BRG_031,3,1,17520.0
P06CV03,BRG_031,4,1,34044.0
P06CV03,BRG_031,5,0,1140.0
P06CV03,BRG_032,0,1,12600.0
P06CV03,BRG_032,1,1,38388.0
P06CV03,BRG_032,2,1,38604.0
P06CV03,BRG_032,3,1,43764.0
P06CV03,BRG_032,4,0,29940.0
P06CV03,BRG_033,0,1,22092.0
P06CV03,BRG_033,1,1,49572.0
P06CV03,BRG_033,2,1,60276.0
P06CV03,BRG_033,3,0,31356.0
P06CV03,BRG_034,0,1,14976.0
P06CV03,BRG_034,1,1,56628.0
P06CV03,BRG_034,2,1,47760.0
P06CV03,BRG_034,3,1,33444.0
P06CV03,BRG_034,4,0,10488.0
P06CV03,BRG_035,0,1,27972.0
P06CV03,BRG_035,1,1,37980.0
P06CV03,BRG_035,2,1,52032.0
P06CV03,BRG_035,3,0,45312.0
P06CV03,BRG_036,0,1,32040.0
P06CV03,BRG_036,1,1,43620.0
P06CV03,BRG_036,2,1,53316.0
P06CV03,BRG_036,3,1,32736.0
P06CV03,BRG_036,4,0,1584.0
P06CV03,BRG_037,0,1,45972.0
P06CV03,BRG_037,1,1,25572.0
P06CV03,BRG_037,2,1,46476.0
P06CV03,BRG_037,3,1,24972.0
P06CV03,BRG_037,4,0,20304.0
P06CV03,BRG_038,0,1,32244.0
P06CV03,BRG_038,1,1,41832.0
P06CV03,BRG_038,2,1,24552.0
P06CV03,BRG_038,3,1,23112.0
P06CV03,BRG_038,4,1,35352.0
P06CV03,BRG_038,5,0,6204.0
P06CV03,BRG_039,0,1,10344.0
P06CV03,BRG_039,1,1,44448.0
P06CV03,BRG_039,2,1,26532.0
P06CV03,BRG_039,3,1,32724.0
P06CV03,BRG_039,4,1,46608.0
P06CV03,BRG_039,5,0,2640.0
P06CV03,BRG_040,0,1,33516.0
P06CV03,BRG_040,1,1,43260.0
P06CV03,BRG_040,2,1,26136.0
P06CV03,BRG_040,3,1,20256.0
P06CV03,BRG_040,4,0,40128.0
P06CV03,BRG_041,0,1,15156.0
P06CV03,BRG_041,1,1,52452.0
P06CV03,BRG_041,2,1,19392.0
P06CV03,BRG_041,3,1,27348.0
P06CV03,BRG_041,4,1,41604.0
P06CV03,BRG_041,5,0,7344.0
P06CV03,BRG_042,0,1,34884.0
P06CV03,BRG_042,1,1,40836.0
P06CV03,BRG_042,2,1,17460.0
P06CV03,BRG_042,3,1,35064.0
P06CV03,BRG_042,4,1,31824.0
P06CV03,BRG_042,5,0,3228.0
P06CV03,BRG_043,0,1,27228.0
P06CV03,BRG_043,1,1,82176.0
P06CV03,BRG_043,2,1,49212.0
P06CV03,BRG_043,3,0,4680.0
P06CV03,BRG_044,0,1,33348.0
P06CV03,BRG_044,1,1,42888.0
P06CV03,BRG_044,2,1,21996.0
P06CV03,BRG_044,3,1,53952.0
P06CV03,BRG_044,4,0,11112.0
P06CV03,BRG_045,0,1,44796.0
P06CV03,BRG_045,1,1,6480.0
P06CV03,BRG_045,2,1,36540.0
P06CV03,BRG_045,3,1,24720.0
P06CV03,BRG_045,4,1,28668.0
P06CV03,BRG_045,5,0,22092.0
P06CV03,BRG_046,0,1,35592.0
P06CV03,BRG_046,1,1,59340.0
P06CV03,BRG_046,2,1,32004.0
P06CV03,BRG_046,3,0,36360.0
P06CV03,BRG_047,0,1,36600.0
P06CV03,BRG_047,1,1,27228.0
P06CV03,BRG_047,2,1,48768.0
P06CV03,BRG_047,3,1,30744.0
P06CV03,BRG_047,4,0,19956.0
P06CV03,BRG_048,0,1,33408.0
P06CV03,BRG_048,1,1,48888.0
P06CV03,BRG_048,2,1,48540.0
P06CV03,BRG_048,3,1,17652.0
P06CV03,BRG_048,4,0,14808.0
P06CV03,BRG_049,0,1,45180.0
P06CV03,BRG_049,1,1,21144.0
P06CV03,BRG_049,2,1,18708.0
P06CV03,BRG_049,3,1,46920.0
P06CV03,BRG_049,4,1,6048.0
P06CV03,BRG_049,5,0,25296.0
P06CV03,BRG_050,0,1,32640.0
P06CV03,BRG_050,1,1,46344.0
P06CV03,BRG_050,2,1,56424.0
P06CV03,BRG_050,3,0,27888.0
P06CV03,BRG_051,0,1,28080.0
P06CV03,BRG_051,1,1,17856.0
P06CV03,BRG_051,2,1,22224.0
P06CV03,BRG_051,3,1,20460.0
P06CV03,BRG_051,4,1,31944.0
P06CV03,BRG_051,5,1,36468.0
P06CV03,BRG_051,6,0,6264.0
P06CV03,BRG_052,0,1,35580.0
P06CV03,BRG_052,1,1,38316.0
P06CV03,BRG_052,2,1,28740.0
P06CV03,BRG_052,3,1,29424.0
P06CV03,BRG_052,4,0,31236.0
P06CV03,BRG_053,0,1,35076.0
P06CV03,BRG_053,1,1,26112.0
P06CV03,BRG_053,2,1,57108.0
P06CV03,BRG_053,3,1,43284.0
P06CV03,BRG_053,4,0,1716.0
P06CV03,BRG_054,0,1,51000.0
P06CV03,BRG_054,1,1,38604.0
P06CV03,BRG_054,2,1,43848.0
P06CV03,BRG_054,3,0,29844.0
P06CV03,BRG_055,0,1,49152.0
P06CV03,BRG_055,1,1,35124.0
P06CV03,BRG_055,2,1,43032.0
P06CV03,BRG_055,3,1,33156.0
P06CV03,BRG_055,4,0,2832.0
P06CV03,BRG_056,0,1,40320.0
P06CV03,BRG_056,1,1,30024.0
P06CV03,BRG_056,2,1,49488.0
P06CV03,BRG_056,3,0,43464.0
P06CV03,BRG_057,0,1,40980.0
P06CV03,BRG_057,1,1,26424.0
P06CV03,BRG_057,2,1,47868.0
P06CV03,BRG_057,3,1,31104.0
P06CV03,BRG_057,4,0,16920.0
P06CV03,BRG_058,0,1,56340.0
P06CV03,BRG_058,1,1,24264.0
P06CV03,BRG_058,2,1,32304.0
P06CV03,BRG_058,3,1,40860.0
P06CV03,BRG_058,4,0,9528.0
P06CV03,BRG_059,0,1,31380.0
P06CV03,BRG_059,1,1,46176.0
P06CV03,BRG_059,2,1,37584.0
P06CV03,BRG_059,3,1,30576.0
P06CV03,BRG_059,4,0,17580.0
P06CV03,BRG_060,0,1,50760.0
P06CV03,BRG_060,1,1,41028.0
P06CV03,BRG_060,2,1,18924.0
P06CV03,BRG_060,3,1,43644.0
P06CV03,BRG_060,4,0,8940.0
P06CV03,BRG_061,0,1,26688.0
P06CV03,BRG_061,1,1,29376.0
P06CV03,BRG_061,2,1,38124.0
P06CV03,BRG_061,3,1,55224.0
P06CV03,BRG_061,4,0,13884.0
P06CV03,BRG_062,0,1,41208.0
P06CV03,BRG_062,1,1,29868.0
P06CV03,BRG_062,2,1,13188.0
P06CV03,BRG_062,3,1,16320.0
P06CV03,BRG_062,4,1,21516.0
P06CV03,BRG_062,5,1,29004.0
P06CV03,BRG_062,6,0,12192.0
P06CV04,BRG_001,0,1,35880.0
P06CV04,BRG_001,1,1,18012.0
P06CV04,BRG_001,2,1,58728.0
P06CV04,BRG_001,3,1,37872.0
P06CV04,BRG_001,4,0,12768.0
P06CV04,BRG_002,0,1,11976.0
P06CV04,BRG_002,1,1,48264.0
P06CV04,BRG_002,2,1,47160.0
P06CV04,BRG_002,3,1,24468.0
P06CV04,BRG_002,4,1,28236.0
P06CV04,BRG_002,5,0,3156.0
P06CV04,BRG_003,0,1,27360.0
P06CV04,BRG_003,1,1,29832.0
P06CV04,BRG_003,2,1,62388.0
P06CV04,BRG_003,3,1,11952.0
P06CV04,BRG_003,4,0,31728.0
P06CV04,BRG_004,0,1,53040.0
P06CV04,BRG_004,1,1,49092.0
P06CV04,BRG_004,2,1,43860.0
P06CV04,BRG_004,3,0,17268.0
P06CV04,BRG_005,0,1,31284.0
P06CV04,BRG_005,1,1,42600.0
P06CV04,BRG_005,2,1,49308.0
P06CV04,BRG_005,3,1,22500.0
P06CV04,BRG_005,4,0,17568.0
P06CV04,BRG_006,0,1,60108.0
P06CV04,BRG_006,1,1,24372.0
P06CV04,BRG_006,2,1,26028.0
P06CV04,BRG_006,3,1,34872.0
P06CV04,BRG_006,4,0,17880.0
P06CV04,BRG_007,0,1,44328.0
P06CV04,BRG_007,1,1,19932.0
P06CV04,BRG_007,2,1,28704.0
P06CV04,BRG_007,3,1,34536.0
P06CV04,BRG_007,4,1,22980.0
P06CV04,BRG_007,5,0,12780.0
P06CV04,BRG_008,0,1,27804.0
P06CV04,BRG_008,1,1,56544.0
P06CV04,BRG_008,2,1,32052.0
P06CV04,BRG_008,3,1,33480.0
P06CV04,BRG_008,4,0,13380.0
P06CV04,BRG_009,0,1,35916.0
P06CV04,BRG_009,1,1,44736.0
P06CV04,BRG_009,2,1,33852.0
P06CV04,BRG_009,3,1,29868.0
P06CV04,BRG_009,4,0,18888.0
P06CV04,BRG_010,0,1,47484.0
P06CV04,BRG_010,1,1,46632.0
P06CV04,BRG_010,2,1,51276.0
P06CV04,BRG_010,3,0,17868.0
P06CV04,BRG_011,0,1,30720.0
P06CV04,BRG_011,1,1,25056.0
P06CV04,BRG_011,2,1,50688.0
P06CV04,BRG_011,3,1,32472.0
P06CV04,BRG_011,4,0,24324.0
P06CV04,BRG_012,0,1,38220.0
P06CV04,BRG_012,1,1,45132.0
P06CV04,BRG_012,2,1,54936.0
P06CV04,BRG_012,3,0,24972.0
P06CV04,BRG_013,0,1,42732.0
P06CV04,BRG_013,1,1,34080.0
P06CV04,BRG_013,2,1,48084.0
P06CV04,BRG_013,3,1,24024.0
P06CV04,BRG_013,4,0,14340.0
P06CV04,BRG_014,0,1,53808.0
P06CV04,BRG_014,1,1,25296.0
P06CV04,BRG_014,2,1,48144.0
P06CV04,BRG_014,3,0,36012.0
P06CV04,BRG_015,0,1,42264.0
P06CV04,BRG_015,1,1,46308.0
P06CV04,BRG_015,2,1,38664.0
P06CV04,BRG_015,3,1,21084.0
P06CV04,BRG_015,4,0,14940.0
P06CV04,BRG_016,0,1,20724.0
P06CV04,BRG_016,1,1,13728.0
P06CV04,BRG_016,2,1,14556.0
P06CV04,BRG_016,3,1,37536.0
P06CV04,BRG_016,4,1,18048.0
P06CV04,BRG_016,5,1,51000.0
P06CV04,BRG_016,6,0,7668.0
P06CV04,BRG_017,0,1,50556.0
P06CV04,BRG_017,1,1,25104.0
P06CV04,BRG_017,2,1,51948.0
P06CV04,BRG_017,3,0,35652.0
P06CV04,BRG_018,0,1,34176.0
P06CV04,BRG_018,1,1,10884.0
P06CV04,BRG_018,2,1,58896.0
P06CV04,BRG_018,3,1,42336.0
P06CV04,BRG_018,4,0,16968.0
P06CV04,BRG_019,0,1,22464.0
P06CV04,BRG_019,1,1,43152.0
P06CV04,BRG_019,2,1,53736.0
P06CV04,BRG_019,3,0,43908.0
P06CV04,BRG_020,0,1,59808.0
P06CV04,BRG_020,1,1,47244.0
P06CV04,BRG_020,2,1,39984.0
P06CV04,BRG_020,3,1,13968.0
P06CV04,BRG_020,4,0,2256.0
P06CV04,BRG_021,0,1,38256.0
P06CV04,BRG_021,1,1,26880.0
P06CV04,BRG_021,2,1,31296.0
P06CV04,BRG_021,3,1,41676.0
P06CV04,BRG_021,4,0,25152.0
P06CV04,BRG_022,0,1,36120.0
P06CV04,BRG_022,1,1,12780.0
P06CV04,BRG_022,2,1,41940.0
P06CV04,BRG_022,3,1,39012.0
P06CV04,BRG_022,4,0,33408.0
P06CV04,BRG_023,0,1,25416.0
P06CV04,BRG_023,1,1,47856.0
P06CV04,BRG_023,2,1,57804.0
P06CV04,BRG_023,3,1,23172.0
P06CV04,BRG_023,4,0,9012.0
P06CV04,BRG_024,0,1,28824.0
P06CV04,BRG_024,1,1,42432.0
P06CV04,BRG_024,2,1,26916.0
P06CV04,BRG_024,3,1,22644.0
P06CV04,BRG_024,4,1,36588.0
P06CV04,BRG_024,5,0,5856.0
P06CV04,BRG_025,0,1,21360.0
P06CV04,BRG_025,1,1,40284.0
P06CV04,BRG_025,2,1,41292.0
P06CV04,BRG_025,3,1,44160.0
P06CV04,BRG_025,4,0,16164.0
P06CV04,BRG_026,0,1,22908.0
P06CV04,BRG_026,1,1,55200.0
P06CV04,BRG_026,2,1,30312.0
P06CV04,BRG_026,3,1,46236.0
P06CV04,BRG_026,4,0,8604.0
P06CV04,BRG_027,0,1,22332.0
P06CV04,BRG_027,1,1,37224.0
P06CV04,BRG_027,2,1,54240.0
P06CV04,BRG_027,3,1,23172.0
P06CV04,BRG_027,4,0,26292.0
P06CV04,BRG_028,0,1,30036.0
P06CV04,BRG_028,1,1,29136.0
P06CV04,BRG_028,2,1,65076.0
P06CV04,BRG_028,3,1,32964.0
P06CV04,BRG_028,4,0,6048.0
P06CV04,BRG_029,0,1,48252.0
P06CV04,BRG_029,1,1,26148.0
P06CV04,BRG_029,2,1,35796.0
P06CV04,BRG_029,3,0,53064.0
P06CV04,BRG_030,0,1,32736.0
P06CV04,BRG_030,1,1,38556.0
P06CV04,BRG_030,2,1,12216.0
P06CV04,BRG_030,3,1,32880.0
P06CV04,BRG_030,4,0,46872.0
P06CV04,BRG_031,0,1,51156.0
P06CV04,BRG_031,1,1,57156.0
P06CV04,BRG_031,2,1,25032.0
P06CV04,BRG_031,3,1,23928.0
P06CV04,BRG_031,4,0,5988.0
P06CV04,BRG_032,0,1,53268.0
P06CV04,BRG_032,1,1,33168.0
P06CV04,BRG_032,2,1,21864.0
P06CV04,BRG_032,3,1,27948.0
P06CV04,BRG_032,4,0,27012.0
P06CV04,BRG_033,0,1,19992.0
P06CV04,BRG_033,1,1,26160.0
P06CV04,BRG_033,2,1,26004.0
P06CV04,BRG_033,3,1,38076.0
P06CV04,BRG_033,4,1,14124.0
P06CV04,BRG_033,5,1,22824.0
P06CV04,BRG_033,6,0,16080.0
P06CV04,BRG_034,0,1,30048.0
P06CV04,BRG_034,1,1,29328.0
P06CV04,BRG_034,2,1,33480.0
P06CV04,BRG_034,3,1,33228.0
P06CV04,BRG_034,4,1,29472.0
P06CV04,BRG_034,5,0,7704.0
P06CV04,BRG_035,0,1,24300.0
P06CV04,BRG_035,1,1,27912.0
P06CV04,BRG_035,2,1,31956.0
P06CV04,BRG_035,3,1,45600.0
P06CV04,BRG_035,4,1,15384.0
P06CV04,BRG_035,5,0,18108.0
P06CV04,BRG_036,0,1,49380.0
P06CV04,BRG_036,1,1,40428.0
P06CV04,BRG_036,2,1,23976.0
P06CV04,BRG_036,3,0,49476.0
P06CV04,BRG_037,0,1,39180.0
P06CV04,BRG_037,1,1,30192.0
P06CV04,BRG_037,2,1,22992.0
P06CV04,BRG_037,3,1,38460.0
P06CV04,BRG_037,4,0,32436.0
P06CV04,BRG_038,0,1,40296.0
P06CV04,BRG_038,1,1,27780.0
P06CV04,BRG_038,2,1,5544.0
P06CV04,BRG_038,3,1,39180.0
P06CV04,BRG_038,4,0,50460.0
P06CV04,BRG_039,0,1,56772.0
P06CV04,BRG_039,1,1,47664.0
P06CV04,BRG_039,2,1,32160.0
P06CV04,BRG_039,3,0,26664.0
P06CV04,BRG_040,0,1,26220.0
P06CV04,BRG_040,1,1,48420.0
P06CV04,BRG_040,2,1,23196.0
P06CV04,BRG_040,3,1,30024.0
P06CV04,BRG_040,4,1,26928.0
P06CV04,BRG_040,5,0,8472.0
P06CV04,BRG_041,0,1,20736.0
P06CV04,BRG_041,1,1,30192.0
P06CV04,BRG_041,2,1,20400.0
P06CV04,BRG_041,3,1,32496.0
P06CV04,BRG_041,4,1,34740.0
P06CV04,BRG_041,5,1,24504.0
P06CV04,BRG_041,6,0,192.0
P06CV04,BRG_042,0,1,60864.0
P06CV04,BRG_042,1,1,58164.0
P06CV04,BRG_042,2,1,34272.0
P06CV04,BRG_042,3,0,9960.0
P06CV04,BRG_043,0,1,52080.0
P06CV04,BRG_043,1,1,50748.0
P06CV04,BRG_043,2,1,25404.0
P06CV04,BRG_043,3,1,21960.0
P06CV04,BRG_043,4,0,13068.0
P06CV04,BRG_044,0,1,40788.0
P06CV04,BRG_044,1,1,26820.0
P06CV04,BRG_044,2,1,30384.0
P06CV04,BRG_044,3,1,28608.0
P06CV04,BRG_044,4,0,36660.0
P06CV04,BRG_045,0,1,23808.0
P06CV04,BRG_045,1,1,43404.0
P06CV04,BRG_045,2,1,49836.0
P06CV04,BRG_045,3,1,37236.0
P06CV04,BRG_045,4,0,8976.0
P06CV04,BRG_046,0,1,31824.0
P06CV04,BRG_046,1,1,25500.0
P06CV04,BRG_046,2,1,8772.0
P06CV04,BRG_046,3,1,39756.0
P06CV04,BRG_046,4,1,22920.0
P06CV04,BRG_046,5,0,34488.0
P06CV04,BRG_047,0,1,28500.0
P06CV04,BRG_047,1,1,14544.0
P06CV04,BRG_047,2,1,46620.0
P06CV04,BRG_047,3,1,33972.0
P06CV04,BRG_047,4,0,39624.0
P06CV04,BRG_048,0,1,47640.0
P06CV04,BRG_048,1,1,24276.0
P06CV04,BRG_048,2,1,32148.0
P06CV04,BRG_048,3,1,20892.0
P06CV04,BRG_048,4,0,38304.0
P06CV04,BRG_049,0,1,15936.0
P06CV04,BRG_049,1,1,25476.0
P06CV04,BRG_049,2,1,36396.0
P06CV04,BRG_049,3,1,12204.0
P06CV04,BRG_049,4,1,21660.0
P06CV04,BRG_049,5,1,29004.0
P06CV04,BRG_049,6,0,22584.0
P06CV04,BRG_050,0,1,28176.0
P06CV04,BRG_050,1,1,33936.0
P06CV04,BRG_050,2,1,4020.0
P06CV04,BRG_050,3,1,36840.0
P06CV04,BRG_050,4,1,47748.0
P06CV04,BRG_050,5,0,12540.0
P06CV04,BRG_051,0,1,8700.0
P06CV04,BRG_051,1,1,24540.0
P06CV04,BRG_051,2,1,45636.0
P06CV04,BRG_051,3,1,65220.0
P06CV04,BRG_051,4,0,19164.0
P06CV04,BRG_052,0,1,52584.0
P06CV04,BRG_052,1,1,27108.0
P06CV04,BRG_052,2,1,29796.0
P06CV04,BRG_052,3,1,36936.0
P06CV04,BRG_052,4,0,16836.0
P06CV04,BRG_053,0,1,11796.0
P06CV04,BRG_053,1,1,24732.0
P06CV04,BRG_053,2,1,29484.0
P06CV04,BRG_053,3,1,50496.0
P06CV04,BRG_053,4,1,38640.0
P06CV04,BRG_053,5,0,8112.0
P06CV04,BRG_054,0,1,55668.0
P06CV04,BRG_054,1,1,34032.0
P06CV04,BRG_054,2,1,53100.0
P06CV04,BRG_054,3,0,20460.0
P06CV04,BRG_055,0,1,37944.0
P06CV04,BRG_055,1,1,27228.0
P06CV04,BRG_055,2,1,17364.0
P06CV04,BRG_055,3,1,49908.0
P06CV04,BRG_055,4,0,30816.0
P06CV04,BRG_056,0,1,30276.0
P06CV04,BRG_056,1,1,46092.0
P06CV04,BRG_056,2,1,42480.0
P06CV04,BRG_056,3,1,39744.0
P06CV04,BRG_056,4,0,4668.0
P06CV04,BRG_057,0,1,46284.0
P06CV04,BRG_057,1,1,27492.0
P06CV04,BRG_057,2,1,49020.0
P06CV04,BRG_057,3,1,27600.0
P06CV04,BRG_057,4,0,12864.0
P06CV04,BRG_058,0,1,57984.0
P06CV04,BRG_058,1,1,20640.0
P06CV04,BRG_058,2,1,29124.0
P06CV04,BRG_058,3,1,35880.0
P06CV04,BRG_058,4,1,11604.0
P06CV04,BRG_058,5,0,8028.0
P06CV04,BRG_059,0,1,31908.0
P06CV04,BRG_059,1,1,37428.0
P06CV04,BRG_059,2,1,23640.0
P06CV04,BRG_059,3,1,69024.0
P06CV04,BRG_059,4,0,1260.0
P06CV04,BRG_060,0,1,52740.0
P06CV04,BRG_060,1,1,41556.0
P06CV04,BRG_060,2,1,28176.0
P06CV04,BRG_060,3,1,32196.0
P06CV04,BRG_060,4,0,8592.0
P06CV04,BRG_061,0,1,37044.0
P06CV04,BRG_061,1,1,37512.0
P06CV04,BRG_061,2,1,5388.0
P06CV04,BRG_061,3,1,16236.0
P06CV04,BRG_061,4,1,35772.0
P06CV04,BRG_061,5,0,31308.0
P06CV04,BRG_062,0,1,50520.0
P06CV04,BRG_062,1,1,24300.0
P06CV04,BRG_062,2,1,38664.0
P06CV04,BRG_062,3,1,35352.0
P06CV04,BRG_062,4,0,14424.0
P06CV05,BRG_001,0,1,28368.0
P06CV05,BRG_001,1,1,17748.0
P06CV05,BRG_001,2,1,45048.0
P06CV05,BRG_001,3,1,44436.0
P06CV05,BRG_001,4,0,27768.0
P06CV05,BRG_002,0,1,27840.0
P06CV05,BRG_002,1,1,51396.0
P06CV05,BRG_002,2,1,19176.0
P06CV05,BRG_002,3,1,20304.0
P06CV05,BRG_002,4,1,22776.0
P06CV05,BRG_002,5,0,21876.0
P06CV05,BRG_003,0,1,33156.0
P06CV05,BRG_003,1,1,11532.0
P06CV05,BRG_003,2,1,29520.0
P06CV05,BRG_003,3,1,55800.0
P06CV05,BRG_003,4,0,33360.0
P06CV05,BRG_004,0,1,36000.0
P06CV05,BRG_004,1,1,52416.0
P06CV05,BRG_004,2,1,26496.0
P06CV05,BRG_004,3,1,35316.0
P06CV05,BRG_004,4,0,13140.0
P06CV05,BRG_005,0,1,24948.0
P06CV05,BRG_005,1,1,35268.0
P06CV05,BRG_005,2,1,9528.0
P06CV05,BRG_005,3,1,46680.0
P06CV05,BRG_005,4,1,42468.0
P06CV05,BRG_005,5,0,4476.0
P06CV05,BRG_006,0,1,33252.0
P06CV05,BRG_006,1,1,40776.0
P06CV05,BRG_006,2,1,23904.0
P06CV05,BRG_006,3,1,45744.0
P06CV05,BRG_006,4,0,19692.0
P06CV05,BRG_007,0,1,41496.0
P06CV05,BRG_007,1,1,27288.0
P06CV05,BRG_007,2,1,29184.0
P06CV05,BRG_007,3,1,38100.0
P06CV05,BRG_007,4,1,24192.0
P06CV05,BRG_007,5,0,3108.0
P06CV05,BRG_008,0,1,38568.0
P06CV05,BRG_008,1,1,40272.0
P06CV05,BRG_008,2,1,56028.0
P06CV05,BRG_008,3,1,14640.0
P06CV05,BRG_008,4,0,13860.0
P06CV05,BRG_009,0,1,50172.0
P06CV05,BRG_009,1,1,45432.0
P06CV05,BRG_009,2,1,8412.0
P06CV05,BRG_009,3,1,10020.0
P06CV05,BRG_009,4,1,17364.0
P06CV05,BRG_009,5,1,22524.0
P06CV05,BRG_009,6,0,9444.0
P06CV05,BRG_010,0,1,33192.0
P06CV05,BRG_010,1,1,30480.0
P06CV05,BRG_010,2,1,18756.0
P06CV05,BRG_010,3,1,33024.0
P06CV05,BRG_010,4,1,45144.0
P06CV05,BRG_010,5,0,2772.0
P06CV05,BRG_011,0,1,55032.0
P06CV05,BRG_011,1,1,48804.0
P06CV05,BRG_011,2,1,16908.0
P06CV05,BRG_011,3,1,18480.0
P06CV05,BRG_011,4,0,24144.0
P06CV05,BRG_012,0,1,26688.0
P06CV05,BRG_012,1,1,24108.0
P06CV05,BRG_012,2,1,13944.0
P06CV05,BRG_012,3,1,24072.0
P06CV05,BRG_012,4,1,44292.0
P06CV05,BRG_012,5,0,30264.0
P06CV05,BRG_013,0,1,22008.0
P06CV05,BRG_013,1,1,36540.0
P06CV05,BRG_013,2,1,38964.0
P06CV05,BRG_013,3,1,37692.0
P06CV05,BRG_013,4,1,23724.0
P06CV05,BRG_013,5,0,4440.0
P06CV05,BRG_014,0,1,21852.0
P06CV05,BRG_014,1,1,30576.0
P06CV05,BRG_014,2,1,21132.0
P06CV05,BRG_014,3,1,41460.0
P06CV05,BRG_014,4,1,38076.0
P06CV05,BRG_014,5,0,10272.0
P06CV05,BRG_015,0,1,53328.0
P06CV05,BRG_015,1,1,35304.0
P06CV05,BRG_015,2,1,54732.0
P06CV05,BRG_015,3,1,12648.0
P06CV05,BRG_015,4,0,7356.0
P06CV05,BRG_016,0,1,42252.0
P06CV05,BRG_016,1,1,44424.0
P06CV05,BRG_016,2,1,44424.0
P06CV05,BRG_016,3,1,15072.0
P06CV05,BRG_016,4,0,17196.0
P06CV05,BRG_017,0,1,46752.0
P06CV05,BRG_017,1,1,48468.0
P06CV05,BRG_017,2,1,55896.0
P06CV05,BRG_017,3,0,12252.0
P06CV05,BRG_018,0,1,32868.0
P06CV05,BRG_018,1,1,28356.0
P06CV05,BRG_018,2,1,29100.0
P06CV05,BRG_018,3,1,58068.0
P06CV05,BRG_018,4,0,14976.0
P06CV05,BRG_019,0,1,23388.0
P06CV05,BRG_019,1,1,15600.0
P06CV05,BRG_019,2,1,37488.0
P06CV05,BRG_019,3,1,42672.0
P06CV05,BRG_019,4,1,29136.0
P06CV05,BRG_019,5,0,15084.0
P06CV05,BRG_020,0,1,19584.0
P06CV05,BRG_020,1,1,42744.0
P06CV05,BRG_020,2,1,25452.0
P06CV05,BRG_020,3,1,27876.0
P06CV05,BRG_020,4,1,30984.0
P06CV05,BRG_020,5,0,16728.0
P06CV05,BRG_021,0,1,38628.0
P06CV05,BRG_021,1,1,23064.0
P06CV05,BRG_021,2,1,83412.0
P06CV05,BRG_021,3,1,8220.0
P06CV05,BRG_021,4,0,10044.0
P06CV05,BRG_022,0,1,20640.0
P06CV05,BRG_022,1,1,29400.0
P06CV05,BRG_022,2,1,18180.0
P06CV05,BRG_022,3,1,34644.0
P06CV05,BRG_022,4,1,29820.0
P06CV05,BRG_022,5,0,30684.0
P06CV05,BRG_023,0,1,25692.0
P06CV05,BRG_023,1,1,48912.0
P06CV05,BRG_023,2,1,53760.0
P06CV05,BRG_023,3,1,31284.0
P06CV05,BRG_023,4,0,3720.0
P06CV05,BRG_024,0,1,48192.0
P06CV05,BRG_024,1,1,29244.0
P06CV05,BRG_024,2,1,22944.0
P06CV05,BRG_024,3,1,58476.0
P06CV05,BRG_024,4,0,4512.0
P06CV05,BRG_025,0,1,29604.0
P06CV05,BRG_025,1,1,10392.0
P06CV05,BRG_025,2,1,39648.0
P06CV05,BRG_025,3,1,7236.0
P06CV05,BRG_025,4,1,36540.0
P06CV05,BRG_025,5,0,39948.0
P06CV05,BRG_026,0,1,56556.0
P06CV05,BRG_026,1,1,32340.0
P06CV05,BRG_026,2,1,21612.0
P06CV05,BRG_026,3,1,44988.0
P06CV05,BRG_026,4,0,7872.0
P06CV05,BRG_027,0,1,56472.0
P06CV05,BRG_027,1,1,33660.0
P06CV05,BRG_027,2,1,54120.0
P06CV05,BRG_027,3,0,19116.0
P06CV05,BRG_028,0,1,27660.0
P06CV05,BRG_028,1,1,46668.0
P06CV05,BRG_028,2,1,27012.0
P06CV05,BRG_028,3,1,23892.0
P06CV05,BRG_028,4,0,38136.0
P06CV05,BRG_029,0,1,43392.0
P06CV05,BRG_029,1,1,17292.0
P06CV05,BRG_029,2,1,36888.0
P06CV05,BRG_029,3,1,41472.0
P06CV05,BRG_029,4,0,24324.0
P06CV05,BRG_030,0,1,28596.0
P06CV05,BRG_030,1,1,44952.0
P06CV05,BRG_030,2,1,44076.0
P06CV05,BRG_030,3,0,45744.0
P06CV05,BRG_031,0,1,43188.0
P06CV05,BRG_031,1,1,30552.0
P06CV05,BRG_031,2,1,41460.0
P06CV05,BRG_031,3,1,23112.0
P06CV05,BRG_031,4,1,23448.0
P06CV05,BRG_031,5,0,1608.0
P06CV05,BRG_032,0,1,38736.0
P06CV05,BRG_032,1,1,42036.0
P06CV05,BRG_032,2,1,45996.0
P06CV05,BRG_032,3,1,33912.0
P06CV05,BRG_032,4,0,2688.0
P06CV05,BRG_033,0,1,47124.0
P06CV05,BRG_033,1,1,43188.0
P06CV05,BRG_033,2,1,33168.0
P06CV05,BRG_033,3,0,39888.0
P06CV05,BRG_034,0,1,50952.0
P06CV05,BRG_034,1,1,9624.0
P06CV05,BRG_034,2,1,58704.0
P06CV05,BRG_034,3,1,39996.0
P06CV05,BRG_034,4,0,4092.0
P06CV05,BRG_035,0,1,32388.0
P06CV05,BRG_035,1,1,44580.0
P06CV05,BRG_035,2,1,53172.0
P06CV05,BRG_035,3,0,33228.0
P06CV05,BRG_036,0,1,32376.0
P06CV05,BRG_036,1,1,41844.0
P06CV05,BRG_036,2,1,42168.0
P06CV05,BRG_036,3,1,44172.0
P06CV05,BRG_036,4,0,2808.0
P06CV05,BRG_037,0,1,28632.0
P06CV05,BRG_037,1,1,52296.0
P06CV05,BRG_037,2,1,28140.0
P06CV05,BRG_037,3,0,54300.0
P06CV05,BRG_038,0,1,62676.0
P06CV05,BRG_038,1,1,46284.0
P06CV05,BRG_038,2,1,35736.0
P06CV05,BRG_038,3,0,18672.0
P06CV05,BRG_039,0,1,23832.0
P06CV05,BRG_039,1,1,61764.0
P06CV05,BRG_039,2,1,57996.0
P06CV05,BRG_039,3,0,19776.0
P06CV05,BRG_040,0,1,53892.0
P06CV05,BRG_040,1,1,28152.0
P06CV05,BRG_040,2,1,17256.0
P06CV05,BRG_040,3,1,28404.0
P06CV05,BRG_040,4,1,33204.0
P06CV05,BRG_040,5,0,2460.0
P06CV05,BRG_041,0,1,25392.0
P06CV05,BRG_041,1,1,63156.0
P06CV05,BRG_041,2,1,43008.0
P06CV05,BRG_041,3,0,31812.0
P06CV05,BRG_042,0,1,47748.0
P06CV05,BRG_042,1,1,49500.0
P06CV05,BRG_042,2,1,45240.0
P06CV05,BRG_042,3,0,20880.0
P06CV05,BRG_043,0,1,49620.0
P06CV05,BRG_043,1,1,19872.0
P06CV05,BRG_043,2,1,28908.0
P06CV05,BRG_043,3,1,7920.0
P06CV05,BRG_043,4,1,47352.0
P06CV05,BRG_043,5,0,9696.0
P06CV05,BRG_044,0,1,34392.0
P06CV05,BRG_044,1,1,27432.0
P06CV05,BRG_044,2,1,33624.0
P06CV05,BRG_044,3,1,25104.0
P06CV05,BRG_044,4,0,42816.0
P06CV05,BRG_045,0,1,38412.0
P06CV05,BRG_045,1,1,43884.0
P06CV05,BRG_045,2,1,25260.0
P06CV05,BRG_045,3,1,12600.0
P06CV05,BRG_045,4,0,43212.0
P06CV05,BRG_046,0,1,55404.0
P06CV05,BRG_046,1,1,14880.0
P06CV05,BRG_046,2,1,34932.0
P06CV05,BRG_046,3,1,40164.0
P06CV05,BRG_046,4,0,17988.0
P06CV05,BRG_047,0,1,13104.0
P06CV05,BRG_047,1,1,48876.0
P06CV05,BRG_047,2,1,35184.0
P06CV05,BRG_047,3,1,30240.0
P06CV05,BRG_047,4,0,35964.0
P06CV05,BRG_048,0,1,37188.0
P06CV05,BRG_048,1,1,25812.0
P06CV05,BRG_048,2,1,47544.0
P06CV05,BRG_048,3,1,52800.0
P06CV05,BRG_048,4,0,24.0
P06CV05,BRG_049,0,1,44124.0
P06CV05,BRG_049,1,1,14508.0
P06CV05,BRG_049,2,1,29952.0
P06CV05,BRG_049,3,1,32124.0
P06CV05,BRG_049,4,1,22332.0
P06CV05,BRG_049,5,0,20328.0
P06CV05,BRG_050,0,1,29376.0
P06CV05,BRG_050,1,1,41340.0
P06CV05,BRG_050,2,1,26688.0
P06CV05,BRG_050,3,1,27168.0
P06CV05,BRG_050,4,0,38796.0
P06CV05,BRG_051,0,1,32904.0
P06CV05,BRG_051,1,1,32232.0
P06CV05,BRG_051,2,1,28536.0
P06CV05,BRG_051,3,1,32076.0
P06CV05,BRG_051,4,0,37620.0
P06CV05,BRG_052,0,1,35244.0
P06CV05,BRG_052,1,1,45492.0
P06CV05,BRG_052,2,1,51360.0
P06CV05,BRG_052,3,1,10716.0
P06CV05,BRG_052,4,1,20316.0
P06CV05,BRG_052,5,0,240.0
P06CV05,BRG_053,0,1,37776.0
P06CV05,BRG_053,1,1,21204.0
P06CV05,BRG_053,2,1,46728.0
P06CV05,BRG_053,3,1,40260.0
P06CV05,BRG_053,4,0,17400.0
P06CV05,BRG_054,0,1,39336.0
P06CV05,BRG_054,1,1,18048.0
P06CV05,BRG_054,2,1,42744.0
P06CV05,BRG_054,3,1,39876.0
P06CV05,BRG_054,4,1,6576.0
P06CV05,BRG_054,5,0,16788.0
P06CV05,BRG_055,0,1,23844.0
P06CV05,BRG_055,1,1,55716.0
P06CV05,BRG_055,2,1,33960.0
P06CV05,BRG_055,3,1,31404.0
P06CV05,BRG_055,4,0,18444.0
P06CV05,BRG_056,0,1,32424.0
P06CV05,BRG_056,1,1,23280.0
P06CV05,BRG_056,2,1,27288.0
P06CV05,BRG_056,3,1,26880.0
P06CV05,BRG_056,4,1,45288.0
P06CV05,BRG_056,5,0,8208.0
P06CV05,BRG_057,0,1,30768.0
P06CV05,BRG_057,1,1,66312.0
P06CV05,BRG_057,2,1,20196.0
P06CV05,BRG_057,3,0,46092.0
P06CV05,BRG_058,0,1,28212.0
P06CV05,BRG_058,1,1,21996.0
P06CV05,BRG_058,2,1,20832.0
P06CV05,BRG_058,3,1,38436.0
P06CV05,BRG_058,4,1,34260.0
P06CV05,BRG_058,5,0,19632.0
P06CV05,BRG_059,0,1,54372.0
P06CV05,BRG_059,1,1,75480.0
P06CV05,BRG_059,2,0,33516.0
P06CV05,BRG_060,0,1,24408.0
P06CV05,BRG_060,1,1,51888.0
P06CV05,BRG_060,2,1,28284.0
P06CV05,BRG_060,3,1,41964.0
P06CV05,BRG_060,4,0,16824.0
P06CV05,BRG_061,0,1,31284.0
P06CV05,BRG_061,1,1,24552.0
P06CV05,BRG_061,2,1,41940.0
P06CV05,BRG_061,3,1,36672.0
P06CV05,BRG_061,4,1,27516.0
P06CV05,BRG_061,5,0,1404.0
P06CV05,BRG_062,0,1,29292.0
P06CV05,BRG_062,1,1,44460.0
P06CV05,BRG_062,2,1,27192.0
P06CV05,BRG_062,3,1,50748.0
P06CV05,BRG_062,4,0,11676.0
P06CV06,BRG_001,0,1,26592.0
P06CV06,BRG_001,1,1,45864.0
P06CV06,BRG_001,2,1,31056.0
P06CV06,BRG_001,3,1,44436.0
P06CV06,BRG_001,4,1,9732.0
P06CV06,BRG_001,5,0,6120.0
P06CV06,BRG_002,0,1,37884.0
P06CV06,BRG_002,1,1,22764.0
P06CV06,BRG_002,2,1,43716.0
P06CV06,BRG_002,3,1,41952.0
P06CV06,BRG_002,4,0,17484.0
P06CV06,BRG_003,0,1,55512.0
P06CV06,BRG_003,1,1,44412.0
P06CV06,BRG_003,2,1,36168.0
P06CV06,BRG_003,3,0,27708.0
P06CV06,BRG_004,0,1,48840.0
P06CV06,BRG_004,1,1,47088.0
P06CV06,BRG_004,2,1,32928.0
P06CV06,BRG_004,3,0,34944.0
P06CV06,BRG_005,0,1,61524.0
P06CV06,BRG_005,1,1,44604.0
P06CV06,BRG_005,2,1,50988.0
P06CV06,BRG_005,3,0,6684.0
P06CV06,BRG_006,0,1,46572.0
P06CV06,BRG_006,1,1,32904.0
P06CV06,BRG_006,2,1,29736.0
P06CV06,BRG_006,3,1,45216.0
P06CV06,BRG_006,4,0,9372.0
P06CV06,BRG_007,0,1,40836.0
P06CV06,BRG_007,1,1,52932.0
P06CV06,BRG_007,2,1,19428.0
P06CV06,BRG_007,3,1,21564.0
P06CV06,BRG_007,4,1,22932.0
P06CV06,BRG_007,5,0,6108.0
P06CV06,BRG_008,0,1,24276.0
P06CV06,BRG_008,1,1,30708.0
P06CV06,BRG_008,2,1,46392.0
P06CV06,BRG_008,3,1,43188.0
P06CV06,BRG_008,4,0,19236.0
P06CV06,BRG_009,0,1,47808.0
P06CV06,BRG_009,1,1,27384.0
P06CV06,BRG_009,2,1,59820.0
P06CV06,BRG_009,3,0,28788.0
P06CV06,BRG_010,0,1,10416.0
P06CV06,BRG_010,1,1,29664.0
P06CV06,BRG_010,2,1,15588.0
P06CV06,BRG_010,3,1,42384.0
P06CV06,BRG_010,4,1,31716.0
P06CV06,BRG_010,5,1,30864.0
P06CV06,BRG_010,6,0,3168.0
P06CV06,BRG_011,0,1,44448.0
P06CV06,BRG_011,1,1,41748.0
P06CV06,BRG_011,2,1,13524.0
P06CV06,BRG_011,3,1,45804.0
P06CV06,BRG_011,4,0,18276.0
P06CV06,BRG_012,0,1,40260.0
P06CV06,BRG_012,1,1,34104.0
P06CV06,BRG_012,2,1,28644.0
P06CV06,BRG_012,3,1,14304.0
P06CV06,BRG_012,4,1,39072.0
P06CV06,BRG_012,5,0,7416.0
P06CV06,BRG_013,0,1,56172.0
P06CV06,BRG_013,1,1,17388.0
P06CV06,BRG_013,2,1,18012.0
P06CV06,BRG_013,3,1,39648.0
P06CV06,BRG_013,4,1,32532.0
P06CV06,BRG_013,5,0,48.0
P06CV06,BRG_014,0,1,18744.0
P06CV06,BRG_014,1,1,37752.0
P06CV06,BRG_014,2,1,11760.0
P06CV06,BRG_014,3,1,25116.0
P06CV06,BRG_014,4,1,22464.0
P06CV06,BRG_014,5,1,28428.0
P06CV06,BRG_014,6,0,19536.0
P06CV06,BRG_015,0,1,46416.0
P06CV06,BRG_015,1,1,42276.0
P06CV06,BRG_015,2,1,72192.0
P06CV06,BRG_015,3,0,2916.0
P06CV06,BRG_016,0,1,11076.0
P06CV06,BRG_016,1,1,63888.0
P06CV06,BRG_016,2,1,50628.0
P06CV06,BRG_016,3,1,32868.0
P06CV06,BRG_016,4,0,5340.0
P06CV06,BRG_017,0,1,32664.0
P06CV06,BRG_017,1,1,18948.0
P06CV06,BRG_017,2,1,34548.0
P06CV06,BRG_017,3,1,11556.0
P06CV06,BRG_017,4,1,45948.0
P06CV06,BRG_017,5,0,20136.0
P06CV06,BRG_018,0,1,14484.0
P06CV06,BRG_018,1,1,27660.0
P06CV06,BRG_018,2,1,36000.0
P06CV06,BRG_018,3,1,18984.0
P06CV06,BRG_018,4,1,18312.0
P06CV06,BRG_018,5,1,39912.0
P06CV06,BRG_018,6,0,8448.0
P06CV06,BRG_019,0,1,46680.0
P06CV06,BRG_019,1,1,20904.0
P06CV06,BRG_019,2,1,44304.0
P06CV06,BRG_019,3,1,48660.0
P06CV06,BRG_019,4,0,3252.0
P06CV06,BRG_020,0,1,32268.0
P06CV06,BRG_020,1,1,25248.0
P06CV06,BRG_020,2,1,22944.0
P06CV06,BRG_020,3,1,50748.0
P06CV06,BRG_020,4,0,32592.0
P06CV06,BRG_021,0,1,28896.0
P06CV06,BRG_021,1,1,48924.0
P06CV06,BRG_021,2,1,52944.0
P06CV06,BRG_021,3,1,30636.0
P06CV06,BRG_021,4,0,2400.0
P06CV06,BRG_022,0,1,40332.0
P06CV06,BRG_022,1,1,54384.0
P06CV06,BRG_022,2,1,48216.0
P06CV06,BRG_022,3,0,20868.0
P06CV06,BRG_023,0,1,44580.0
P06CV06,BRG_023,1,1,50844.0
P06CV06,BRG_023,2,1,49248.0
P06CV06,BRG_023,3,0,19128.0
P06CV06,BRG_024,0,1,44256.0
P06CV06,BRG_024,1,1,39576.0
P06CV06,BRG_024,2,1,60300.0
P06CV06,BRG_024,3,0,19668.0
P06CV06,BRG_025,0,1,53868.0
P06CV06,BRG_025,1,1,29808.0
P06CV06,BRG_025,2,1,43968.0
P06CV06,BRG_025,3,0,36156.0
P06CV06,BRG_026,0,1,34776.0
P06CV06,BRG_026,1,1,51324.0
P06CV06,BRG_026,2,1,35244.0
P06CV06,BRG_026,3,0,42456.0
P06CV06,BRG_027,0,1,26844.0
P06CV06,BRG_027,1,1,42432.0
P06CV06,BRG_027,2,1,21972.0
P06CV06,BRG_027,3,1,28812.0
P06CV06,BRG_027,4,0,43740.0
P06CV06,BRG_028,0,1,49164.0
P06CV06,BRG_028,1,1,46992.0
P06CV06,BRG_028,2,1,33840.0
P06CV06,BRG_028,3,0,33804.0
P06CV06,BRG_029,0,1,36336.0
P06CV06,BRG_029,1,1,14760.0
P06CV06,BRG_029,2,1,40704.0
P06CV06,BRG_029,3,1,38124.0
P06CV06,BRG_029,4,0,33876.0
P06CV06,BRG_030,0,1,46716.0
P06CV06,BRG_030,1,1,45612.0
P06CV06,BRG_030,2,1,39576.0
P06CV06,BRG_030,3,1,15576.0
P06CV06,BRG_030,4,0,16320.0
P06CV06,BRG_031,0,1,57936.0
P06CV06,BRG_031,1,1,30672.0
P06CV06,BRG_031,2,1,34752.0
P06CV06,BRG_031,3,1,11904.0
P06CV06,BRG_031,4,1,16380.0
P06CV06,BRG_031,5,0,12156.0
P06CV06,BRG_032,0,1,41724.0
P06CV06,BRG_032,1,1,46212.0
P06CV06,BRG_032,2,1,29244.0
P06CV06,BRG_032,3,1,30900.0
P06CV06,BRG_032,4,0,15720.0
P06CV06,BRG_033,0,1,39036.0
P06CV06,BRG_033,1,1,44856.0
P06CV06,BRG_033,2,1,44388.0
P06CV06,BRG_033,3,0,35520.0
P06CV06,BRG_034,0,1,23004.0
P06CV06,BRG_034,1,1,40968.0
P06CV06,BRG_034,2,1,24396.0
P06CV06,BRG_034,3,1,32352.0
P06CV06,BRG_034,4,1,24300.0
P06CV06,BRG_034,5,0,18780.0
P06CV06,BRG_035,0,1,34956.0
P06CV06,BRG_035,1,1,16200.0
P06CV06,BRG_035,2,1,55368.0
P06CV06,BRG_035,3,1,42732.0
P06CV06,BRG_035,4,0,14544.0
P06CV06,BRG_036,0,1,41940.0
P06CV06,BRG_036,1,1,30912.0
P06CV06,BRG_036,2,1,36276.0
P06CV06,BRG_036,3,1,36264.0
P06CV06,BRG_036,4,0,18408.0
P06CV06,BRG_037,0,1,43704.0
P06CV06,BRG_037,1,1,53532.0
P06CV06,BRG_037,2,1,11136.0
P06CV06,BRG_037,3,1,21084.0
P06CV06,BRG_037,4,1,26004.0
P06CV06,BRG_037,5,0,8340.0
P06CV06,BRG_038,0,1,7404.0
P06CV06,BRG_038,1,1,36840.0
P06CV06,BRG_038,2,1,37692.0
P06CV06,BRG_038,3,1,33132.0
P06CV06,BRG_038,4,1,27204.0
P06CV06,BRG_038,5,0,21528.0
P06CV06,BRG_039,0,1,51480.0
P06CV06,BRG_039,1,1,39516.0
P06CV06,BRG_039,2,1,43656.0
P06CV06,BRG_039,3,0,29148.0
P06CV06,BRG_040,0,1,37776.0
P06CV06,BRG_040,1,1,25152.0
P06CV06,BRG_040,2,1,14184.0
P06CV06,BRG_040,3,1,40572.0
P06CV06,BRG_040,4,1,29208.0
P06CV06,BRG_040,5,0,16908.0
P06CV06,BRG_041,0,1,32844.0
P06CV06,BRG_041,1,1,50232.0
P06CV06,BRG_041,2,1,65496.0
P06CV06,BRG_041,3,0,15228.0
P06CV06,BRG_042,0,1,16920.0
P06CV06,BRG_042,1,1,13404.0
P06CV06,BRG_042,2,1,34488.0
P06CV06,BRG_042,3,1,31080.0
P06CV06,BRG_042,4,1,54324.0
P06CV06,BRG_042,5,0,13584.0
P06CV06,BRG_043,0,1,53904.0
P06CV06,BRG_043,1,1,34920.0
P06CV06,BRG_043,2,1,35724.0
P06CV06,BRG_043,3,1,26724.0
P06CV06,BRG_043,4,0,12528.0
P06CV06,BRG_044,0,1,55452.0
P06CV06,BRG_044,1,1,47880.0
P06CV06,BRG_044,2,1,42276.0
P06CV06,BRG_044,3,0,18192.0
P06CV06,BRG_045,0,1,49872.0
P06CV06,BRG_045,1,1,54840.0
P06CV06,BRG_045,2,1,31440.0
P06CV06,BRG_045,3,0,27648.0
P06CV06,BRG_046,0,1,42420.0
P06CV06,BRG_046,1,1,37284.0
P06CV06,BRG_046,2,1,39732.0
P06CV06,BRG_046,3,0,44364.0
P06CV06,BRG_047,0,1,50412.0
P06CV06,BRG_047,1,1,55152.0
P06CV06,BRG_047,2,0,58236.0
P06CV06,BRG_048,0,1,40296.0
P06CV06,BRG_048,1,1,20076.0
P06CV06,BRG_048,2,1,28152.0
P06CV06,BRG_048,3,1,41580.0
P06CV06,BRG_048,4,0,33696.0
P06CV06,BRG_049,0,1,47892.0
P06CV06,BRG_049,1,1,27060.0
P06CV06,BRG_049,2,1,43704.0
P06CV06,BRG_049,3,1,44076.0
P06CV06,BRG_049,4,0,1068.0
P06CV06,BRG_050,0,1,6864.0
P06CV06,BRG_050,1,1,37572.0
P06CV06,BRG_050,2,1,41220.0
P06CV06,BRG_050,3,1,42732.0
P06CV06,BRG_050,4,1,24348.0
P06CV06,BRG_050,5,0,11064.0
P06CV06,BRG_051,0,1,40728.0
P06CV06,BRG_051,1,1,33624.0
P06CV06,BRG_051,2,1,35544.0
P06CV06,BRG_051,3,1,27252.0
P06CV06,BRG_051,4,0,26652.0
P06CV06,BRG_052,0,1,38856.0
P06CV06,BRG_052,1,1,55632.0
P06CV06,BRG_052,2,1,35196.0
P06CV06,BRG_052,3,0,34116.0
P06CV06,BRG_053,0,1,29976.0
P06CV06,BRG_053,1,1,18288.0
P06CV06,BRG_053,2,1,48540.0
P06CV06,BRG_053,3,1,30228.0
P06CV06,BRG_053,4,1,32592.0
P06CV06,BRG_053,5,0,4176.0
P06CV06,BRG_054,0,1,54900.0
P06CV06,BRG_054,1,1,42396.0
P06CV06,BRG_054,2,1,11160.0
P06CV06,BRG_054,3,1,29184.0
P06CV06,BRG_054,4,1,20424.0
P06CV06,BRG_054,5,0,5736.0
P06CV06,BRG_055,0,1,48336.0
P06CV06,BRG_055,1,1,45540.0
P06CV06,BRG_055,2,1,52032.0
P06CV06,BRG_055,3,0,17892.0
P06CV06,BRG_056,0,1,30960.0
P06CV06,BRG_056,1,1,36996.0
P06CV06,BRG_056,2,1,58368.0
P06CV06,BRG_056,3,1,26592.0
P06CV06,BRG_056,4,0,10884.0
P06CV06,BRG_057,0,1,50208.0
P06CV06,BRG_057,1,1,31068.0
P06CV06,BRG_057,2,1,28656.0
P06CV06,BRG_057,3,0,53868.0
P06CV06,BRG_058,0,1,50748.0
P06CV06,BRG_058,1,1,13236.0
P06CV06,BRG_058,2,1,49488.0
P06CV06,BRG_058,3,1,39912.0
P06CV06,BRG_058,4,0,10416.0
P06CV06,BRG_059,0,1,48660.0
P06CV06,BRG_059,1,1,32580.0
P06CV06,BRG_059,2,1,19644.0
P06CV06,BRG_059,3,1,37344.0
P06CV06,BRG_059,4,0,25572.0
P06CV06,BRG_060,0,1,50448.0
P06CV06,BRG_060,1,1,32220.0
P06CV06,BRG_060,2,1,9312.0
P06CV06,BRG_060,3,1,9720.0
P06CV06,BRG_060,4,1,27504.0
P06CV06,BRG_060,5,0,34596.0
P06CV06,BRG_061,0,1,41688.0
P06CV06,BRG_061,1,1,65616.0
P06CV06,BRG_061,2,1,21660.0
P06CV06,BRG_061,3,0,34836.0
P06CV06,BRG_062,0,1,37764.0
P06CV06,BRG_062,1,1,33936.0
P06CV06,BRG_062,2,1,49848.0
P06CV06,BRG_062,3,0,42252.0
P06CV07,BRG_001,0,1,20208.0
P06CV07,BRG_001,1,1,16884.0
P06CV07,BRG_001,2,1,19512.0
P06CV07,BRG_001,3,1,33696.0
P06CV07,BRG_001,4,1,37548.0
P06CV07,BRG_001,5,0,35916.0
P06CV07,BRG_002,0,1,30360.0
P06CV07,BRG_002,1,1,43608.0
P06CV07,BRG_002,2,1,34944.0
P06CV07,BRG_002,3,1,35940.0
P06CV07,BRG_002,4,0,18912.0
P06CV07,BRG_003,0,1,40044.0
P06CV07,BRG_003,1,1,24432.0
P06CV07,BRG_003,2,1,41916.0
P06CV07,BRG_003,3,1,17544.0
P06CV07,BRG_003,4,1,21888.0
P06CV07,BRG_003,5,1,9972.0
P06CV07,BRG_003,6,0,7968.0
P06CV07,BRG_004,0,1,42588.0
P06CV07,BRG_004,1,1,40812.0
P06CV07,BRG_004,2,1,47472.0
P06CV07,BRG_004,3,0,32892.0
P06CV07,BRG_005,0,1,41412.0
P06CV07,BRG_005,1,1,15828.0
P06CV07,BRG_005,2,1,50736.0
P06CV07,BRG_005,3,1,39768.0
P06CV07,BRG_005,4,0,16020.0
P06CV07,BRG_006,0,1,27600.0
P06CV07,BRG_006,1,1,34680.0
P06CV07,BRG_006,2,1,50820.0
P06CV07,BRG_006,3,0,50664.0
P06CV07,BRG_007,0,1,47160.0
P06CV07,BRG_007,1,1,65976.0
P06CV07,BRG_007,2,0,50628.0
P06CV07,BRG_008,0,1,44676.0
P06CV07,BRG_008,1,1,50352.0
P06CV07,BRG_008,2,1,32232.0
P06CV07,BRG_008,3,1,34824.0
P06CV07,BRG_008,4,0,1680.0
P06CV07,BRG_009,0,1,40056.0
P06CV07,BRG_009,1,1,44412.0
P06CV07,BRG_009,2,1,52644.0
P06CV07,BRG_009,3,0,26652.0
P06CV07,BRG_010,0,1,28860.0
P06CV07,BRG_010,1,1,25680.0
P06CV07,BRG_010,2,1,25308.0
P06CV07,BRG_010,3,1,17676.0
P06CV07,BRG_010,4,1,25980.0
P06CV07,BRG_010,5,0,40260.0
P06CV07,BRG_011,0,1,27684.0
P06CV07,BRG_011,1,1,37500.0
P06CV07,BRG_011,2,1,14292.0
P06CV07,BRG_011,3,1,35796.0
P06CV07,BRG_011,4,1,34668.0
P06CV07,BRG_011,5,0,13824.0
P06CV07,BRG_012,0,1,19020.0
P06CV07,BRG_012,1,1,46680.0
P06CV07,BRG_012,2,1,54024.0
P06CV07,BRG_012,3,1,13404.0
P06CV07,BRG_012,4,0,30636.0
P06CV07,BRG_013,0,1,39228.0
P06CV07,BRG_013,1,1,60600.0
P06CV07,BRG_013,2,1,29784.0
P06CV07,BRG_013,3,0,34152.0
P06CV07,BRG_014,0,1,50892.0
P06CV07,BRG_014,1,1,60936.0
P06CV07,BRG_014,2,1,20496.0
P06CV07,BRG_014,3,1,29988.0
P06CV07,BRG_014,4,0,1452.0
P06CV07,BRG_015,0,1,31668.0
P06CV07,BRG_015,1,1,49824.0
P06CV07,BRG_015,2,1,48840.0
P06CV07,BRG_015,3,1,28980.0
P06CV07,BRG_015,4,0,4452.0
P06CV07,BRG_016,0,1,28632.0
P06CV07,BRG_016,1,1,14364.0
P06CV07,BRG_016,2,1,42252.0
P06CV07,BRG_016,3,1,32244.0
P06CV07,BRG_016,4,1,24396.0
P06CV07,BRG_016,5,0,21876.0
P06CV07,BRG_017,0,1,31368.0
P06CV07,BRG_017,1,1,39504.0
P06CV07,BRG_017,2,1,29940.0
P06CV07,BRG_017,3,1,56352.0
P06CV07,BRG_017,4,0,6600.0
P06CV07,BRG_018,0,1,22944.0
P06CV07,BRG_018,1,1,31128.0
P06CV07,BRG_018,2,1,21312.0
P06CV07,BRG_018,3,1,40668.0
P06CV07,BRG_018,4,0,47712.0
P06CV07,BRG_019,0,1,51600.0
P06CV07,BRG_019,1,1,21660.0
P06CV07,BRG_019,2,1,26964.0
P06CV07,BRG_019,3,1,42084.0
P06CV07,BRG_019,4,0,21456.0
P06CV07,BRG_020,0,1,53160.0
P06CV07,BRG_020,1,1,32556.0
P06CV07,BRG_020,2,1,38184.0
P06CV07,BRG_020,3,0,39864.0
P06CV07,BRG_021,0,1,14052.0
P06CV07,BRG_021,1,1,51480.0
P06CV07,BRG_021,2,1,38784.0
P06CV07,BRG_021,3,1,30948.0
P06CV07,BRG_021,4,1,26808.0
P06CV07,BRG_021,5,0,1692.0
P06CV07,BRG_022,0,1,30780.0
P06CV07,BRG_022,1,1,31272.0
P06CV07,BRG_022,2,1,21168.0
P06CV07,BRG_022,3,1,25488.0
P06CV07,BRG_022,4,1,43632.0
P06CV07,BRG_022,5,0,11424.0
P06CV07,BRG_023,0,1,33420.0
P06CV07,BRG_023,1,1,33240.0
P06CV07,BRG_023,2,1,36576.0
P06CV07,BRG_023,3,1,47484.0
P06CV07,BRG_023,4,0,13044.0
P06CV07,BRG_024,0,1,26688.0
P06CV07,BRG_024,1,1,40152.0
P06CV07,BRG_024,2,1,52992.0
P06CV07,BRG_024,3,1,19032.0
P06CV07,BRG_024,4,1,16356.0
P06CV07,BRG_024,5,0,8544.0
P06CV07,BRG_025,0,1,33984.0
P06CV07,BRG_025,1,1,44424.0
P06CV07,BRG_025,2,1,29040.0
P06CV07,BRG_025,3,0,56316.0
P06CV07,BRG_026,0,1,25812.0
P06CV07,BRG_026,1,1,58260.0
P06CV07,BRG_026,2,1,20064.0
P06CV07,BRG_026,3,1,22152.0
P06CV07,BRG_026,4,0,37476.0
P06CV07,BRG_027,0,1,50040.0
P06CV07,BRG_027,1,1,40488.0
P06CV07,BRG_027,2,1,47796.0
P06CV07,BRG_027,3,1,19476.0
P06CV07,BRG_027,4,0,5964.0
P06CV07,BRG_028,0,1,38496.0
P06CV07,BRG_028,1,1,40332.0
P06CV07,BRG_028,2,1,18156.0
P06CV07,BRG_028,3,1,43392.0
P06CV07,BRG_028,4,0,23388.0
P06CV07,BRG_029,0,1,8376.0
P06CV07,BRG_029,1,1,51552.0
P06CV07,BRG_029,2,1,60084.0
P06CV07,BRG_029,3,1,35724.0
P06CV07,BRG_029,4,0,8028.0
P06CV07,BRG_030,0,1,44352.0
P06CV07,BRG_030,1,1,31980.0
P06CV07,BRG_030,2,1,43212.0
P06CV07,BRG_030,3,1,17844.0
P06CV07,BRG_030,4,0,26376.0
P06CV07,BRG_031,0,1,48312.0
P06CV07,BRG_031,1,1,27156.0
P06CV07,BRG_031,2,1,37212.0
P06CV07,BRG_031,3,0,51084.0
P06CV07,BRG_032,0,1,41736.0
P06CV07,BRG_032,1,1,41796.0
P06CV07,BRG_032,2,1,15216.0
P06CV07,BRG_032,3,1,40296.0
P06CV07,BRG_032,4,0,24720.0
P06CV07,BRG_033,0,1,34068.0
P06CV07,BRG_033,1,1,32904.0
P06CV07,BRG_033,2,1,44484.0
P06CV07,BRG_033,3,0,52308.0
P06CV07,BRG_034,0,1,36012.0
P06CV07,BRG_034,1,1,21216.0
P06CV07,BRG_034,2,1,29148.0
P06CV07,BRG_034,3,1,51684.0
P06CV07,BRG_034,4,0,25704.0
P06CV07,BRG_035,0,1,20772.0
P06CV07,BRG_035,1,1,32088.0
P06CV07,BRG_035,2,1,70560.0
P06CV07,BRG_035,3,1,26232.0
P06CV07,BRG_035,4,0,14112.0
P06CV07,BRG_036,0,1,35760.0
P06CV07,BRG_036,1,1,35700.0
P06CV07,BRG_036,2,1,51636.0
P06CV07,BRG_036,3,1,23688.0
P06CV07,BRG_036,4,0,16980.0
P06CV07,BRG_037,0,1,42912.0
P06CV07,BRG_037,1,1,14508.0
P06CV07,BRG_037,2,1,23472.0
P06CV07,BRG_037,3,1,37812.0
P06CV07,BRG_037,4,1,34308.0
P06CV07,BRG_037,5,0,10752.0
P06CV07,BRG_038,0,1,49476.0
P06CV07,BRG_038,1,1,16308.0
P06CV07,BRG_038,2,1,49068.0
P06CV07,BRG_038,3,1,20280.0
P06CV07,BRG_038,4,0,28632.0
P06CV07,BRG_039,0,1,40260.0
P06CV07,BRG_039,1,1,21324.0
P06CV07,BRG_039,2,1,32784.0
P06CV07,BRG_039,3,1,28440.0
P06CV07,BRG_039,4,1,31152.0
P06CV07,BRG_039,5,0,9804.0
P06CV07,BRG_040,0,1,30024.0
P06CV07,BRG_040,1,1,42720.0
P06CV07,BRG_040,2,1,29748.0
P06CV07,BRG_040,3,1,42696.0
P06CV07,BRG_040,4,0,18576.0
P06CV07,BRG_041,0,1,58920.0
P06CV07,BRG_041,1,1,41040.0
P06CV07,BRG_041,2,1,42828.0
P06CV07,BRG_041,3,0,20976.0
P06CV07,BRG_042,0,1,33972.0
P06CV07,BRG_042,1,1,29700.0
P06CV07,BRG_042,2,1,29256.0
P06CV07,BRG_042,3,1,26088.0
P06CV07,BRG_042,4,1,36936.0
P06CV07,BRG_042,5,0,7812.0
P06CV07,BRG_043,0,1,43788.0
P06CV07,BRG_043,1,1,36180.0
P06CV07,BRG_043,2,1,29796.0
P06CV07,BRG_043,3,1,24264.0
P06CV07,BRG_043,4,0,29736.0
P06CV07,BRG_044,0,1,43080.0
P06CV07,BRG_044,1,1,44556.0
P06CV07,BRG_044,2,1,60072.0
P06CV07,BRG_044,3,0,16056.0
P06CV07,BRG_045,0,1,28872.0
P06CV07,BRG_045,1,1,44496.0
P06CV07,BRG_045,2,1,72780.0
P06CV07,BRG_045,3,0,17616.0
P06CV07,BRG_046,0,1,51564.0
P06CV07,BRG_046,1,1,30228.0
P06CV07,BRG_046,2,1,18468.0
P06CV07,BRG_046,3,1,37908.0
P06CV07,BRG_046,4,0,25596.0
P06CV07,BRG_047,0,1,38316.0
P06CV07,BRG_047,1,1,37884.0
P06CV07,BRG_047,2,1,44472.0
P06CV07,BRG_047,3,0,43092.0
P06CV07,BRG_048,0,1,36096.0
P06CV07,BRG_048,1,1,62136.0
P06CV07,BRG_048,2,1,21180.0
P06CV07,BRG_048,3,1,25524.0
P06CV07,BRG_048,4,0,18828.0
P06CV07,BRG_049,0,1,26088.0
P06CV07,BRG_049,1,1,39480.0
P06CV07,BRG_049,2,1,33408.0
P06CV07,BRG_049,3,1,23196.0
P06CV07,BRG_049,4,1,21516.0
P06CV07,BRG_049,5,0,20076.0
P06CV07,BRG_050,0,1,56928.0
P06CV07,BRG_050,1,1,53352.0
P06CV07,BRG_050,2,1,42696.0
P06CV07,BRG_050,3,0,10788.0
P06CV07,BRG_051,0,1,30300.0
P06CV07,BRG_051,1,1,25908.0
P06CV07,BRG_051,2,1,32160.0
P06CV07,BRG_051,3,1,34500.0
P06CV07,BRG_051,4,0,40896.0
P06CV07,BRG_052,0,1,33840.0
P06CV07,BRG_052,1,1,16080.0
P06CV07,BRG_052,2,1,52896.0
P06CV07,BRG_052,3,1,47136.0
P06CV07,BRG_052,4,0,13812.0
P06CV07,BRG_053,0,1,37248.0
P06CV07,BRG_053,1,1,21780.0
P06CV07,BRG_053,2,1,22776.0
P06CV07,BRG_053,3,1,41532.0
P06CV07,BRG_053,4,1,11664.0
P06CV07,BRG_053,5,0,28764.0
P06CV07,BRG_054,0,1,50928.0
P06CV07,BRG_054,1,1,18660.0
P06CV07,BRG_054,2,1,54324.0
P06CV07,BRG_054,3,0,39852.0
P06CV07,BRG_055,0,1,26412.0
P06CV07,BRG_055,1,1,21000.0
P06CV07,BRG_055,2,1,60240.0
P06CV07,BRG_055,3,1,29964.0
P06CV07,BRG_055,4,0,26148.0
P06CV07,BRG_056,0,1,48348.0
P06CV07,BRG_056,1,1,31512.0
P06CV07,BRG_056,2,1,52200.0
P06CV07,BRG_056,3,1,28224.0
P06CV07,BRG_056,4,0,3480.0
P06CV07,BRG_057,0,1,11556.0
P06CV07,BRG_057,1,1,34992.0
P06CV07,BRG_057,2,1,44856.0
P06CV07,BRG_057,3,1,58332.0
P06CV07,BRG_057,4,1,13896.0
P06CV07,BRG_057,5,0,132.0
P06CV07,BRG_058,0,1,34152.0
P06CV07,BRG_058,1,1,46944.0
P06CV07,BRG_058,2,1,48960.0
P06CV07,BRG_058,3,1,24636.0
P06CV07,BRG_058,4,0,9072.0
P06CV07,BRG_059,0,1,27060.0
P06CV07,BRG_059,1,1,53088.0
P06CV07,BRG_059,2,1,43776.0
P06CV07,BRG_059,3,1,31212.0
P06CV07,BRG_059,4,0,8628.0
P06CV07,BRG_060,0,1,40896.0
P06CV07,BRG_060,1,1,22284.0
P06CV07,BRG_060,2,1,44112.0
P06CV07,BRG_060,3,1,39732.0
P06CV07,BRG_060,4,0,16740.0
P06CV07,BRG_061,0,1,37548.0
P06CV07,BRG_061,1,1,36312.0
P06CV07,BRG_061,2,1,29616.0
P06CV07,BRG_061,3,1,22656.0
P06CV07,BRG_061,4,0,37632.0
P06CV07,BRG_062,0,1,34332.0
P06CV07,BRG_062,1,1,45060.0
P06CV07,BRG_062,2,1,32004.0
P06CV07,BRG_062,3,1,30924.0
P06CV07,BRG_062,4,1,20700.0
P06CV07,BRG_062,5,0,744.0
P06CV08,BRG_001,0,1,40476.0
P06CV08,BRG_001,1,1,30696.0
P06CV08,BRG_001,2,1,26376.0
P06CV08,BRG_001,3,1,50220.0
P06CV08,BRG_001,4,0,15852.0
P06CV08,BRG_002,0,1,33588.0
P06CV08,BRG_002,1,1,50664.0
P06CV08,BRG_002,2,1,33444.0
P06CV08,BRG_002,3,1,36864.0
P06CV08,BRG_002,4,0,9060.0
P06CV08,BRG_003,0,1,31848.0
P06CV08,BRG_003,1,1,36180.0
P06CV08,BRG_003,2,1,31080.0
P06CV08,BRG_003,3,1,47808.0
P06CV08,BRG_003,4,0,16704.0
P06CV08,BRG_004,0,1,58740.0
P06CV08,BRG_004,1,1,25848.0
P06CV08,BRG_004,2,1,13596.0
P06CV08,BRG_004,3,1,34668.0
P06CV08,BRG_004,4,1,20784.0
P06CV08,BRG_004,5,0,9984.0
P06CV08,BRG_005,0,1,29124.0
P06CV08,BRG_005,1,1,48960.0
P06CV08,BRG_005,2,1,27264.0
P06CV08,BRG_005,3,1,56544.0
P06CV08,BRG_005,4,0,1728.0
P06CV08,BRG_006,0,1,38484.0
P06CV08,BRG_006,1,1,39984.0
P06CV08,BRG_006,2,1,29784.0
P06CV08,BRG_006,3,1,38508.0
P06CV08,BRG_006,4,0,16860.0
P06CV08,BRG_007,0,1,59556.0
P06CV08,BRG_007,1,1,50760.0
P06CV08,BRG_007,2,1,32736.0
P06CV08,BRG_007,3,0,20568.0
P06CV08,BRG_008,0,1,37632.0
P06CV08,BRG_008,1,1,39204.0
P06CV08,BRG_008,2,1,41652.0
P06CV08,BRG_008,3,1,37332.0
P06CV08,BRG_008,4,0,7800.0
P06CV08,BRG_009,0,1,65028.0
P06CV08,BRG_009,1,1,15108.0
P06CV08,BRG_009,2,1,51468.0
P06CV08,BRG_009,3,1,10584.0
P06CV08,BRG_009,4,0,21432.0
P06CV08,BRG_010,0,1,46272.0
P06CV08,BRG_010,1,1,31560.0
P06CV08,BRG_010,2,1,24432.0
P06CV08,BRG_010,3,1,53280.0
P06CV08,BRG_010,4,0,8076.0
P06CV08,BRG_011,0,1,61620.0
P06CV08,BRG_011,1,1,56760.0
P06CV08,BRG_011,2,0,45240.0
P06CV08,BRG_012,0,1,53388.0
P06CV08,BRG_012,1,1,29664.0
P06CV08,BRG_012,2,1,27636.0
P06CV08,BRG_012,3,1,26868.0
P06CV08,BRG_012,4,1,14940.0
P06CV08,BRG_012,5,0,11124.0
P06CV08,BRG_013,0,1,63120.0
P06CV08,BRG_013,1,1,19176.0
P06CV08,BRG_013,2,1,41796.0
P06CV08,BRG_013,3,1,17520.0
P06CV08,BRG_013,4,0,22008.0
P06CV08,BRG_014,0,1,39864.0
P06CV08,BRG_014,1,1,22896.0
P06CV08,BRG_014,2,1,15312.0
P06CV08,BRG_014,3,1,51048.0
P06CV08,BRG_014,4,1,27084.0
P06CV08,BRG_014,5,0,7416.0
P06CV08,BRG_015,0,1,20688.0
P06CV08,BRG_015,1,1,59916.0
P06CV08,BRG_015,2,1,47544.0
P06CV08,BRG_015,3,1,24732.0
P06CV08,BRG_015,4,0,10740.0
P06CV08,BRG_016,0,1,31152.0
P06CV08,BRG_016,1,1,23916.0
P06CV08,BRG_016,2,1,48624.0
P06CV08,BRG_016,3,1,51816.0
P06CV08,BRG_016,4,0,8112.0
P06CV08,BRG_017,0,1,41976.0
P06CV08,BRG_017,1,1,71184.0
P06CV08,BRG_017,2,1,17856.0
P06CV08,BRG_017,3,0,32604.0
P06CV08,BRG_018,0,1,41796.0
P06CV08,BRG_018,1,1,19164.0
P06CV08,BRG_018,2,1,44244.0
P06CV08,BRG_018,3,1,31056.0
P06CV08,BRG_018,4,0,27360.0
P06CV08,BRG_019,0,1,47820.0
P06CV08,BRG_019,1,1,37920.0
P06CV08,BRG_019,2,1,37476.0
P06CV08,BRG_019,3,1,19932.0
P06CV08,BRG_019,4,0,20472.0
P06CV08,BRG_020,0,1,35904.0
P06CV08,BRG_020,1,1,26844.0
P06CV08,BRG_020,2,1,53616.0
P06CV08,BRG_020,3,1,41004.0
P06CV08,BRG_020,4,0,6252.0
P06CV08,BRG_021,0,1,54720.0
P06CV08,BRG_021,1,1,55932.0
P06CV08,BRG_021,2,1,31716.0
P06CV08,BRG_021,3,0,21252.0
P06CV08,BRG_022,0,1,50532.0
P06CV08,BRG_022,1,1,37968.0
P06CV08,BRG_022,2,1,28752.0
P06CV08,BRG_022,3,1,33300.0
P06CV08,BRG_022,4,0,13068.0
P06CV08,BRG_023,0,1,58116.0
P06CV08,BRG_023,1,1,13092.0
P06CV08,BRG_023,2,1,24696.0
P06CV08,BRG_023,3,1,42324.0
P06CV08,BRG_023,4,0,25392.0
P06CV08,BRG_024,0,1,40236.0
P06CV08,BRG_024,1,1,17724.0
P06CV08,BRG_024,2,1,21684.0
P06CV08,BRG_024,3,1,30756.0
P06CV08,BRG_024,4,1,22368.0
P06CV08,BRG_024,5,0,30852.0
P06CV08,BRG_025,0,1,29040.0
P06CV08,BRG_025,1,1,24384.0
P06CV08,BRG_025,2,1,23760.0
P06CV08,BRG_025,3,1,34140.0
P06CV08,BRG_025,4,1,49176.0
P06CV08,BRG_025,5,0,3120.0
P06CV08,BRG_026,0,1,23472.0
P06CV08,BRG_026,1,1,33408.0
P06CV08,BRG_026,2,1,46512.0
P06CV08,BRG_026,3,1,57264.0
P06CV08,BRG_026,4,0,2964.0
P06CV08,BRG_027,0,1,60972.0
P06CV08,BRG_027,1,1,30300.0
P06CV08,BRG_027,2,1,54192.0
P06CV08,BRG_027,3,0,18156.0
P06CV08,BRG_028,0,1,20676.0
P06CV08,BRG_028,1,1,41292.0
P06CV08,BRG_028,2,1,41328.0
P06CV08,BRG_028,3,1,33864.0
P06CV08,BRG_028,4,1,26256.0
P06CV08,BRG_028,5,0,204.0
P06CV08,BRG_029,0,1,24468.0
P06CV08,BRG_029,1,1,41688.0
P06CV08,BRG_029,2,1,42888.0
P06CV08,BRG_029,3,1,37560.0
P06CV08,BRG_029,4,0,17016.0
P06CV08,BRG_030,0,1,40296.0
P06CV08,BRG_030,1,1,35916.0
P06CV08,BRG_030,2,1,27636.0
P06CV08,BRG_030,3,1,38112.0
P06CV08,BRG_030,4,0,21660.0
P06CV08,BRG_031,0,1,44556.0
P06CV08,BRG_031,1,1,44076.0
P06CV08,BRG_031,2,1,40764.0
P06CV08,BRG_031,3,1,30432.0
P06CV08,BRG_031,4,0,3792.0
P06CV08,BRG_032,0,1,22320.0
P06CV08,BRG_032,1,1,33012.0
P06CV08,BRG_032,2,1,50796.0
P06CV08,BRG_032,3,1,41844.0
P06CV08,BRG_032,4,1,11844.0
P06CV08,BRG_032,5,0,3804.0
P06CV08,BRG_033,0,1,36084.0
P06CV08,BRG_033,1,1,28332.0
P06CV08,BRG_033,2,1,38004.0
P06CV08,BRG_033,3,0,61200.0
P06CV08,BRG_034,0,1,25956.0
P06CV08,BRG_034,1,1,52380.0
P06CV08,BRG_034,2,1,46872.0
P06CV08,BRG_034,3,1,27084.0
P06CV08,BRG_034,4,0,11328.0
P06CV08,BRG_035,0,1,29952.0
P06CV08,BRG_035,1,1,48996.0
P06CV08,BRG_035,2,1,25728.0
P06CV08,BRG_035,3,1,44880.0
P06CV08,BRG_035,4,0,14064.0
P06CV08,BRG_036,0,1,27684.0
P06CV08,BRG_036,1,1,38292.0
P06CV08,BRG_036,2,1,29256.0
P06CV08,BRG_036,3,1,48828.0
P06CV08,BRG_036,4,0,19560.0
P06CV08,BRG_037,0,1,38520.0
P06CV08,BRG_037,1,1,14448.0
P06CV08,BRG_037,2,1,31320.0
P06CV08,BRG_037,3,1,31728.0
P06CV08,BRG_037,4,0,47604.0
P06CV08,BRG_038,0,1,64764.0
P06CV08,BRG_038,1,1,38472.0
P06CV08,BRG_038,2,1,31152.0
P06CV08,BRG_038,3,1,29064.0
P06CV08,BRG_038,4,0,168.0
P06CV08,BRG_039,0,1,24168.0
P06CV08,BRG_039,1,1,52344.0
P06CV08,BRG_039,2,1,46236.0
P06CV08,BRG_039,3,0,40872.0
P06CV08,BRG_040,0,1,32952.0
P06CV08,BRG_040,1,1,54708.0
P06CV08,BRG_040,2,1,32232.0
P06CV08,BRG_040,3,1,42372.0
P06CV08,BRG_040,4,0,1356.0
P06CV08,BRG_041,0,1,28068.0
P06CV08,BRG_041,1,1,49320.0
P06CV08,BRG_041,2,1,36048.0
P06CV08,BRG_041,3,1,44088.0
P06CV08,BRG_041,4,0,6096.0
P06CV08,BRG_042,0,1,55152.0
P06CV08,BRG_042,1,1,22860.0
P06CV08,BRG_042,2,1,38676.0
P06CV08,BRG_042,3,1,26376.0
P06CV08,BRG_042,4,1,20196.0
P06CV08,BRG_042,5,0,360.0
P06CV08,BRG_043,0,1,45720.0
P06CV08,BRG_043,1,1,44760.0
P06CV08,BRG_043,2,1,22236.0
P06CV08,BRG_043,3,1,40752.0
P06CV08,BRG_043,4,0,10152.0
P06CV08,BRG_044,0,1,31404.0
P06CV08,BRG_044,1,1,36708.0
P06CV08,BRG_044,2,1,38316.0
P06CV08,BRG_044,3,1,46224.0
P06CV08,BRG_044,4,0,10968.0
P06CV08,BRG_045,0,1,45036.0
P06CV08,BRG_045,1,1,26004.0
P06CV08,BRG_045,2,1,32292.0
P06CV08,BRG_045,3,1,43716.0
P06CV08,BRG_045,4,0,16572.0
P06CV08,BRG_046,0,1,64092.0
P06CV08,BRG_046,1,1,45156.0
P06CV08,BRG_046,2,1,37884.0
P06CV08,BRG_046,3,0,16488.0
P06CV08,BRG_047,0,1,23436.0
P06CV08,BRG_047,1,1,30096.0
P06CV08,BRG_047,2,1,37176.0
P06CV08,BRG_047,3,1,20892.0
P06CV08,BRG_047,4,1,41928.0
P06CV08,BRG_047,5,0,10092.0
P06CV08,BRG_048,0,1,34980.0
P06CV08,BRG_048,1,1,33240.0
P06CV08,BRG_048,2,1,47304.0
P06CV08,BRG_048,3,1,34356.0
P06CV08,BRG_048,4,0,13740.0
P06CV08,BRG_049,0,1,46140.0
P06CV08,BRG_049,1,1,49464.0
P06CV08,BRG_049,2,1,42780.0
P06CV08,BRG_049,3,0,25236.0
P06CV08,BRG_050,0,1,21252.0
P06CV08,BRG_050,1,1,33360.0
P06CV08,BRG_050,2,1,30636.0
P06CV08,BRG_050,3,1,28512.0
P06CV08,BRG_050,4,1,46200.0
P06CV08,BRG_050,5,0,3660.0
P06CV08,BRG_051,0,1,30060.0
P06CV08,BRG_051,1,1,27168.0
P06CV08,BRG_051,2,1,42420.0
P06CV08,BRG_051,3,1,50892.0
P06CV08,BRG_051,4,0,13080.0
P06CV08,BRG_052,0,1,49620.0
P06CV08,BRG_052,1,1,33732.0
P06CV08,BRG_052,2,1,44952.0
P06CV08,BRG_052,3,0,35316.0
P06CV08,BRG_053,0,1,64848.0
P06CV08,BRG_053,1,1,28356.0
P06CV08,BRG_053,2,1,33096.0
P06CV08,BRG_053,3,1,21216.0
P06CV08,BRG_053,4,0,16104.0
P06CV08,BRG_054,0,1,44892.0
P06CV08,BRG_054,1,1,22392.0
P06CV08,BRG_054,2,1,41652.0
P06CV08,BRG_054,3,1,46872.0
P06CV08,BRG_054,4,0,7812.0
P06CV08,BRG_055,0,1,31980.0
P06CV08,BRG_055,1,1,29100.0
P06CV08,BRG_055,2,1,22452.0
P06CV08,BRG_055,3,1,23292.0
P06CV08,BRG_055,4,1,42504.0
P06CV08,BRG_055,5,0,14292.0
P06CV08,BRG_056,0,1,37260.0
P06CV08,BRG_056,1,1,30516.0
P06CV08,BRG_056,2,1,37488.0
P06CV08,BRG_056,3,1,28224.0
P06CV08,BRG_056,4,1,26244.0
P06CV08,BRG_056,5,0,3888.0
P06CV08,BRG_057,0,1,27792.0
P06CV08,BRG_057,1,1,31464.0
P06CV08,BRG_057,2,1,35256.0
P06CV08,BRG_057,3,1,34428.0
P06CV08,BRG_057,4,0,34680.0
P06CV08,BRG_058,0,1,25272.0
P06CV08,BRG_058,1,1,53640.0
P06CV08,BRG_058,2,1,43092.0
P06CV08,BRG_058,3,1,36348.0
P06CV08,BRG_058,4,0,5268.0
P06CV08,BRG_059,0,1,30408.0
P06CV08,BRG_059,1,1,42228.0
P06CV08,BRG_059,2,1,21960.0
P06CV08,BRG_059,3,1,31344.0
P06CV08,BRG_059,4,0,37680.0
P06CV08,BRG_060,0,1,38532.0
P06CV08,BRG_060,1,1,31992.0
P06CV08,BRG_060,2,1,50100.0
P06CV08,BRG_060,3,0,42996.0
P06CV08,BRG_061,0,1,36816.0
P06CV08,BRG_061,1,1,38856.0
P06CV08,BRG_061,2,1,46968.0
P06CV08,BRG_061,3,1,33480.0
P06CV08,BRG_061,4,0,7500.0
P06CV08,BRG_062,0,1,10176.0
P06CV08,BRG_062,1,1,48024.0
P06CV08,BRG_062,2,1,34320.0
P06CV08,BRG_062,3,1,29448.0
P06CV08,BRG_062,4,1,27972.0
P06CV08,BRG_062,5,0,13680.0
P06CV09,BRG_001,0,1,18900.0
P06CV09,BRG_001,1,1,28968.0
P06CV09,BRG_001,2,1,13812.0
P06CV09,BRG_001,3,1,51816.0
P06CV09,BRG_001,4,1,30276.0
P06CV09,BRG_001,5,0,19596.0
P06CV09,BRG_002,0,1,61968.0
P06CV09,BRG_002,1,1,46284.0
P06CV09,BRG_002,2,1,26664.0
P06CV09,BRG_002,3,0,28452.0
P06CV09,BRG_003,0,1,43872.0
P06CV09,BRG_003,1,1,35436.0
P06CV09,BRG_003,2,1,48276.0
P06CV09,BRG_003,3,1,22212.0
P06CV09,BRG_003,4,0,13572.0
P06CV09,BRG_004,0,1,29844.0
P06CV09,BRG_004,1,1,43572.0
P06CV09,BRG_004,2,1,29364.0
P06CV09,BRG_004,3,1,43080.0
P06CV09,BRG_004,4,0,17508.0
P06CV09,BRG_005,0,1,36156.0
P06CV09,BRG_005,1,1,42732.0
P06CV09,BRG_005,2,1,35676.0
P06CV09,BRG_005,3,1,29712.0
P06CV09,BRG_005,4,0,19092.0
P06CV09,BRG_006,0,1,23772.0
P06CV09,BRG_006,1,1,59892.0
P06CV09,BRG_006,2,1,34656.0
P06CV09,BRG_006,3,1,21816.0
P06CV09,BRG_006,4,0,23232.0
P06CV09,BRG_007,0,1,19224.0
P06CV09,BRG_007,1,1,17964.0
P06CV09,BRG_007,2,1,21936.0
P06CV09,BRG_007,3,1,50268.0
P06CV09,BRG_007,4,1,34944.0
P06CV09,BRG_007,5,0,19032.0
P06CV09,BRG_008,0,1,55800.0
P06CV09,BRG_008,1,1,39396.0
P06CV09,BRG_008,2,1,35484.0
P06CV09,BRG_008,3,1,17112.0
P06CV09,BRG_008,4,0,15576.0
P06CV09,BRG_009,0,1,11760.0
P06CV09,BRG_009,1,1,42264.0
P06CV09,BRG_009,2,1,43884.0
P06CV09,BRG_009,3,1,30960.0
P06CV09,BRG_009,4,0,34500.0
P06CV09,BRG_010,0,1,21024.0
P06CV09,BRG_010,1,1,20388.0
P06CV09,BRG_010,2,1,7848.0
P06CV09,BRG_010,3,1,19056.0
P06CV09,BRG_010,4,1,46188.0
P06CV09,BRG_010,5,1,18420.0
P06CV09,BRG_010,6,1,28548.0
P06CV09,BRG_010,7,0,1896.0
P06CV09,BRG_011,0,1,28332.0
P06CV09,BRG_011,1,1,28116.0
P06CV09,BRG_011,2,1,12240.0
P06CV09,BRG_011,3,1,11064.0
P06CV09,BRG_011,4,1,42084.0
P06CV09,BRG_011,5,1,36144.0
P06CV09,BRG_011,6,0,5388.0
P06CV09,BRG_012,0,1,35292.0
P06CV09,BRG_012,1,1,43068.0
P06CV09,BRG_012,2,1,46008.0
P06CV09,BRG_012,3,0,39000.0
P06CV09,BRG_013,0,1,54480.0
P06CV09,BRG_013,1,1,15252.0
P06CV09,BRG_013,2,1,36984.0
P06CV09,BRG_013,3,1,45096.0
P06CV09,BRG_013,4,0,11556.0
P06CV09,BRG_014,0,1,22860.0
P06CV09,BRG_014,1,1,7884.0
P06CV09,BRG_014,2,1,25692.0
P06CV09,BRG_014,3,1,22968.0
P06CV09,BRG_014,4,1,38808.0
P06CV09,BRG_014,5,1,33084.0
P06CV09,BRG_014,6,0,12072.0
P06CV09,BRG_015,0,1,55488.0
P06CV09,BRG_015,1,1,34344.0
P06CV09,BRG_015,2,1,26964.0
P06CV09,BRG_015,3,1,38796.0
P06CV09,BRG_015,4,0,7776.0
P06CV09,BRG_016,0,1,25740.0
P06CV09,BRG_016,1,1,35544.0
P06CV09,BRG_016,2,1,44316.0
P06CV09,BRG_016,3,1,33732.0
P06CV09,BRG_016,4,1,23208.0
P06CV09,BRG_016,5,0,828.0
P06CV09,BRG_017,0,1,43152.0
P06CV09,BRG_017,1,1,36168.0
P06CV09,BRG_017,2,1,22992.0
P06CV09,BRG_017,3,1,20076.0
P06CV09,BRG_017,4,1,40332.0
P06CV09,BRG_017,5,0,648.0
P06CV09,BRG_018,0,1,24144.0
P06CV09,BRG_018,1,1,33984.0
P06CV09,BRG_018,2,1,11760.0
P06CV09,BRG_018,3,1,35088.0
P06CV09,BRG_018,4,1,42348.0
P06CV09,BRG_018,5,0,16044.0
P06CV09,BRG_019,0,1,42492.0
P06CV09,BRG_019,1,1,24648.0
P06CV09,BRG_019,2,1,57696.0
P06CV09,BRG_019,3,0,38532.0
P06CV09,BRG_020,0,1,32292.0
P06CV09,BRG_020,1,1,25068.0
P06CV09,BRG_020,2,1,46632.0
P06CV09,BRG_020,3,1,10476.0
P06CV09,BRG_020,4,0,48900.0
P06CV09,BRG_021,0,1,35328.0
P06CV09,BRG_021,1,1,21540.0
P06CV09,BRG_021,2,1,25812.0
P06CV09,BRG_021,3,1,45804.0
P06CV09,BRG_021,4,0,34884.0
P06CV09,BRG_022,0,1,31536.0
P06CV09,BRG_022,1,1,59580.0
P06CV09,BRG_022,2,1,40224.0
P06CV09,BRG_022,3,0,32028.0
P06CV09,BRG_023,0,1,48456.0
P06CV09,BRG_023,1,1,36420.0
P06CV09,BRG_023,2,1,51276.0
P06CV09,BRG_023,3,0,27216.0
P06CV09,BRG_024,0,1,49140.0
P06CV09,BRG_024,1,1,60708.0
P06CV09,BRG_024,2,1,30504.0
P06CV09,BRG_024,3,0,23016.0
P06CV09,BRG_025,0,1,47040.0
P06CV09,BRG_025,1,1,60384.0
P06CV09,BRG_025,2,1,21192.0
P06CV09,BRG_025,3,0,34752.0
P06CV09,BRG_026,0,1,53772.0
P06CV09,BRG_026,1,1,20988.0
P06CV09,BRG_026,2,1,52812.0
P06CV09,BRG_026,3,0,35796.0
P06CV09,BRG_027,0,1,53520.0
P06CV09,BRG_027,1,1,33432.0
P06CV09,BRG_027,2,1,24288.0
P06CV09,BRG_027,3,1,6792.0
P06CV09,BRG_027,4,1,31896.0
P06CV09,BRG_027,5,0,13440.0
P06CV09,BRG_028,0,1,51840.0
P06CV09,BRG_028,1,1,13632.0
P06CV09,BRG_028,2,1,43716.0
P06CV09,BRG_028,3,1,48060.0
P06CV09,BRG_028,4,0,6120.0
P06CV09,BRG_029,0,1,39804.0
P06CV09,BRG_029,1,1,15936.0
P06CV09,BRG_029,2,1,28080.0
P06CV09,BRG_029,3,1,25968.0
P06CV09,BRG_029,4,1,35628.0
P06CV09,BRG_029,5,0,17952.0
P06CV09,BRG_030,0,1,21768.0
P06CV09,BRG_030,1,1,38448.0
P06CV09,BRG_030,2,1,43152.0
P06CV09,BRG_030,3,1,20664.0
P06CV09,BRG_030,4,0,39336.0
P06CV09,BRG_031,0,1,35412.0
P06CV09,BRG_031,1,1,13836.0
P06CV09,BRG_031,2,1,60756.0
P06CV09,BRG_031,3,1,22596.0
P06CV09,BRG_031,4,0,30768.0
P06CV09,BRG_032,0,1,35616.0
P06CV09,BRG_032,1,1,20916.0
P06CV09,BRG_032,2,1,62700.0
P06CV09,BRG_032,3,1,30168.0
P06CV09,BRG_032,4,0,13968.0
P06CV09,BRG_033,0,1,33492.0
P06CV09,BRG_033,1,1,32544.0
P06CV09,BRG_033,2,1,38520.0
P06CV09,BRG_033,3,1,35592.0
P06CV09,BRG_033,4,0,23220.0
P06CV09,BRG_034,0,1,27756.0
P06CV09,BRG_034,1,1,43272.0
P06CV09,BRG_034,2,1,18948.0
P06CV09,BRG_034,3,1,33372.0
P06CV09,BRG_034,4,1,19428.0
P06CV09,BRG_034,5,0,20592.0
P06CV09,BRG_035,0,1,16176.0
P06CV09,BRG_035,1,1,40392.0
P06CV09,BRG_035,2,1,47244.0
P06CV09,BRG_035,3,1,52320.0
P06CV09,BRG_035,4,0,7236.0
P06CV09,BRG_036,0,1,10416.0
P06CV09,BRG_036,1,1,47484.0
P06CV09,BRG_036,2,1,8592.0
P06CV09,BRG_036,3,1,21492.0
P06CV09,BRG_036,4,1,31020.0
P06CV09,BRG_036,5,1,33732.0
P06CV09,BRG_036,6,0,10632.0
P06CV09,BRG_037,0,1,24960.0
P06CV09,BRG_037,1,1,36996.0
P06CV09,BRG_037,2,1,38640.0
P06CV09,BRG_037,3,1,33684.0
P06CV09,BRG_037,4,0,29088.0
P06CV09,BRG_038,0,1,44076.0
P06CV09,BRG_038,1,1,68112.0
P06CV09,BRG_038,2,1,44856.0
P06CV09,BRG_038,3,0,6324.0
P06CV09,BRG_039,0,1,24228.0
P06CV09,BRG_039,1,1,22608.0
P06CV09,BRG_039,2,1,34896.0
P06CV09,BRG_039,3,1,36756.0
P06CV09,BRG_039,4,1,27924.0
P06CV09,BRG_039,5,0,16956.0
P06CV09,BRG_040,0,1,50964.0
P06CV09,BRG_040,1,1,30660.0
P06CV09,BRG_040,2,1,40344.0
P06CV09,BRG_040,3,1,27240.0
P06CV09,BRG_040,4,0,14160.0
P06CV09,BRG_041,0,1,13980.0
P06CV09,BRG_041,1,1,57396.0
P06CV09,BRG_041,2,1,44412.0
P06CV09,BRG_041,3,1,12168.0
P06CV09,BRG_041,4,0,35412.0
P06CV09,BRG_042,0,1,38820.0
P06CV09,BRG_042,1,1,50712.0
P06CV09,BRG_042,2,1,44592.0
P06CV09,BRG_042,3,0,29244.0
P06CV09,BRG_043,0,1,52308.0
P06CV09,BRG_043,1,1,20952.0
P06CV09,BRG_043,2,1,32328.0
P06CV09,BRG_043,3,1,40524.0
P06CV09,BRG_043,4,0,17256.0
P06CV09,BRG_044,0,1,34584.0
P06CV09,BRG_044,1,1,50616.0
P06CV09,BRG_044,2,1,42864.0
P06CV09,BRG_044,3,0,35304.0
P06CV09,BRG_045,0,1,52824.0
P06CV09,BRG_045,1,1,9600.0
P06CV09,BRG_045,2,1,62628.0
P06CV09,BRG_045,3,1,30144.0
P06CV09,BRG_045,4,0,8172.0
P06CV09,BRG_046,0,1,32784.0
P06CV09,BRG_046,1,1,59376.0
P06CV09,BRG_046,2,1,41904.0
P06CV09,BRG_046,3,0,29304.0
P06CV09,BRG_047,0,1,45312.0
P06CV09,BRG_047,1,1,39312.0
P06CV09,BRG_047,2,1,53832.0
P06CV09,BRG_047,3,0,24912.0
P06CV09,BRG_048,0,1,26136.0
P06CV09,BRG_048,1,1,28644.0
P06CV09,BRG_048,2,1,31944.0
P06CV09,BRG_048,3,1,40836.0
P06CV09,BRG_048,4,1,33396.0
P06CV09,BRG_048,5,0,2412.0
P06CV09,BRG_049,0,1,40944.0
P06CV09,BRG_049,1,1,36288.0
P06CV09,BRG_049,2,1,41196.0
P06CV09,BRG_049,3,1,40884.0
P06CV09,BRG_049,4,0,4056.0
P06CV09,BRG_050,0,1,20916.0
P06CV09,BRG_050,1,1,41400.0
P06CV09,BRG_050,2,1,33648.0
P06CV09,BRG_050,3,1,31176.0
P06CV09,BRG_050,4,0,36228.0
P06CV09,BRG_051,0,1,32136.0
P06CV09,BRG_051,1,1,45300.0
P06CV09,BRG_051,2,1,30996.0
P06CV09,BRG_051,3,1,27444.0
P06CV09,BRG_051,4,0,27492.0
P06CV09,BRG_052,0,1,38256.0
P06CV09,BRG_052,1,1,53328.0
P06CV09,BRG_052,2,1,55560.0
P06CV09,BRG_052,3,0,16224.0
P06CV09,BRG_053,0,1,37104.0
P06CV09,BRG_053,1,1,33372.0
P06CV09,BRG_053,2,1,52068.0
P06CV09,BRG_053,3,1,13056.0
P06CV09,BRG_053,4,0,27768.0
P06CV09,BRG_054,0,1,28224.0
P06CV09,BRG_054,1,1,37848.0
P06CV09,BRG_054,2,1,59424.0
P06CV09,BRG_054,3,0,37872.0
P06CV09,BRG_055,0,1,23520.0
P06CV09,BRG_055,1,1,19884.0
P06CV09,BRG_055,2,1,23628.0
P06CV09,BRG_055,3,1,74784.0
P06CV09,BRG_055,4,0,21552.0
P06CV09,BRG_056,0,1,42660.0
P06CV09,BRG_056,1,1,52068.0
P06CV09,BRG_056,2,1,20736.0
P06CV09,BRG_056,3,1,28800.0
P06CV09,BRG_056,4,0,19104.0
P06CV09,BRG_057,0,1,39024.0
P06CV09,BRG_057,1,1,38172.0
P06CV09,BRG_057,2,1,39156.0
P06CV09,BRG_057,3,1,40224.0
P06CV09,BRG_057,4,0,6792.0
P06CV09,BRG_058,0,1,42600.0
P06CV09,BRG_058,1,1,49788.0
P06CV09,BRG_058,2,1,18864.0
P06CV09,BRG_058,3,1,34152.0
P06CV09,BRG_058,4,0,17964.0
P06CV09,BRG_059,0,1,39432.0
P06CV09,BRG_059,1,1,36456.0
P06CV09,BRG_059,2,1,36240.0
P06CV09,BRG_059,3,0,51240.0
P06CV09,BRG_060,0,1,28800.0
P06CV09,BRG_060,1,1,28404.0
P06CV09,BRG_060,2,1,41688.0
P06CV09,BRG_060,3,1,41592.0
P06CV09,BRG_060,4,0,22884.0
P06CV09,BRG_061,0,1,42312.0
P06CV09,BRG_061,1,1,36324.0
P06CV09,BRG_061,2,1,33300.0
P06CV09,BRG_061,3,1,27156.0
P06CV09,BRG_061,4,0,24276.0
P06CV09,BRG_062,0,1,32844.0
P06CV09,BRG_062,1,1,21312.0
P06CV09,BRG_062,2,1,35688.0
P06CV09,BRG_062,3,1,47136.0
P06CV09,BRG_062,4,0,26388.0
P06CV10,BRG_001,0,1,34968.0
P06CV10,BRG_001,1,1,32172.0
P06CV10,BRG_001,2,1,22752.0
P06CV10,BRG_001,3,1,32808.0
P06CV10,BRG_001,4,1,13440.0
P06CV10,BRG_001,5,0,27264.0
P06CV10,BRG_002,0,1,46656.0
P06CV10,BRG_002,1,1,39480.0
P06CV10,BRG_002,2,1,25548.0
P06CV10,BRG_002,3,1,41868.0
P06CV10,BRG_002,4,0,9852.0
P06CV10,BRG_003,0,1,28392.0
P06CV10,BRG_003,1,1,46092.0
P06CV10,BRG_003,2,1,48444.0
P06CV10,BRG_003,3,1,13584.0
P06CV10,BRG_003,4,0,26892.0
P06CV10,BRG_004,0,1,38724.0
P06CV10,BRG_004,1,1,33396.0
P06CV10,BRG_004,2,1,8496.0
P06CV10,BRG_004,3,1,39108.0
P06CV10,BRG_004,4,1,40452.0
P06CV10,BRG_004,5,0,3228.0
P06CV10,BRG_005,0,1,36348.0
P06CV10,BRG_005,1,1,30108.0
P06CV10,BRG_005,2,1,37956.0
P06CV10,BRG_005,3,1,48096.0
P06CV10,BRG_005,4,0,10896.0
P06CV10,BRG_006,0,1,54636.0
P06CV10,BRG_006,1,1,28788.0
P06CV10,BRG_006,2,1,42768.0
P06CV10,BRG_006,3,0,37212.0
P06CV10,BRG_007,0,1,29712.0
P06CV10,BRG_007,1,1,45780.0
P06CV10,BRG_007,2,1,32856.0
P06CV10,BRG_007,3,1,23448.0
P06CV10,BRG_007,4,1,27660.0
P06CV10,BRG_007,5,0,3948.0
P06CV10,BRG_008,0,1,42516.0
P06CV10,BRG_008,1,1,75816.0
P06CV10,BRG_008,2,1,18984.0
P06CV10,BRG_008,3,0,26088.0
P06CV10,BRG_009,0,1,45192.0
P06CV10,BRG_009,1,1,60312.0
P06CV10,BRG_009,2,1,29544.0
P06CV10,BRG_009,3,1,28140.0
P06CV10,BRG_009,4,0,216.0
P06CV10,BRG_010,0,1,32172.0
P06CV10,BRG_010,1,1,65040.0
P06CV10,BRG_010,2,1,29448.0
P06CV10,BRG_010,3,1,20340.0
P06CV10,BRG_010,4,0,16404.0
P06CV10,BRG_011,0,1,27372.0
P06CV10,BRG_011,1,1,32448.0
P06CV10,BRG_011,2,1,48372.0
P06CV10,BRG_011,3,1,40392.0
P06CV10,BRG_011,4,0,14820.0
P06CV10,BRG_012,0,1,45276.0
P06CV10,BRG_012,1,1,25020.0
P06CV10,BRG_012,2,1,37308.0
P06CV10,BRG_012,3,1,41184.0
P06CV10,BRG_012,4,0,14616.0
P06CV10,BRG_013,0,1,38532.0
P06CV10,BRG_013,1,1,43308.0
P06CV10,BRG_013,2,1,36432.0
P06CV10,BRG_013,3,1,37272.0
P06CV10,BRG_013,4,0,7860.0
P06CV10,BRG_014,0,1,42756.0
P06CV10,BRG_014,1,1,15036.0
P06CV10,BRG_014,2,1,40728.0
P06CV10,BRG_014,3,1,40356.0
P06CV10,BRG_014,4,0,24528.0
P06CV10,BRG_015,0,1,32964.0
P06CV10,BRG_015,1,1,27084.0
P06CV10,BRG_015,2,1,52476.0
P06CV10,BRG_015,3,1,34320.0
P06CV10,BRG_015,4,0,16560.0
P06CV10,BRG_016,0,1,43572.0
P06CV10,BRG_016,1,1,40344.0
P06CV10,BRG_016,2,1,26376.0
P06CV10,BRG_016,3,1,43728.0
P06CV10,BRG_016,4,0,9384.0
P06CV10,BRG_017,0,1,40848.0
P06CV10,BRG_017,1,1,45468.0
P06CV10,BRG_017,2,1,35904.0
P06CV10,BRG_017,3,1,37440.0
P06CV10,BRG_017,4,0,3744.0
P06CV10,BRG_018,0,1,27312.0
P06CV10,BRG_018,1,1,52932.0
P06CV10,BRG_018,2,1,18876.0
P06CV10,BRG_018,3,1,22800.0
P06CV10,BRG_018,4,1,39804.0
P06CV10,BRG_018,5,0,1680.0
P06CV10,BRG_019,0,1,11412.0
P06CV10,BRG_019,1,1,19224.0
P06CV10,BRG_019,2,1,32760.0
P06CV10,BRG_019,3,1,55500.0
P06CV10,BRG_019,4,1,27156.0
P06CV10,BRG_019,5,0,17352.0
P06CV10,BRG_020,0,1,16416.0
P06CV10,BRG_020,1,1,48780.0
P06CV10,BRG_020,2,1,44484.0
P06CV10,BRG_020,3,1,31680.0
P06CV10,BRG_020,4,0,22044.0
P06CV10,BRG_021,0,1,52704.0
P06CV10,BRG_021,1,1,28356.0
P06CV10,BRG_021,2,1,33984.0
P06CV10,BRG_021,3,1,21720.0
P06CV10,BRG_021,4,0,26640.0
P06CV10,BRG_022,0,1,30720.0
P06CV10,BRG_022,1,1,37176.0
P06CV10,BRG_022,2,1,34200.0
P06CV10,BRG_022,3,1,42972.0
P06CV10,BRG_022,4,0,18336.0
P06CV10,BRG_023,0,1,47688.0
P06CV10,BRG_023,1,1,43908.0
P06CV10,BRG_023,2,1,48852.0
P06CV10,BRG_023,3,0,22956.0
P06CV10,BRG_024,0,1,41076.0
P06CV10,BRG_024,1,1,30600.0
P06CV10,BRG_024,2,1,23232.0
P06CV10,BRG_024,3,1,55812.0
P06CV10,BRG_024,4,0,12684.0
P06CV10,BRG_025,0,1,1236.0
P06CV10,BRG_025,1,1,42156.0
P06CV10,BRG_025,2,1,28860.0
P06CV10,BRG_025,3,1,25212.0
P06CV10,BRG_025,4,1,51336.0
P06CV10,BRG_025,5,1,9288.0
P06CV10,BRG_025,6,0,5316.0
P06CV10,BRG_026,0,1,44112.0
P06CV10,BRG_026,1,1,53460.0
P06CV10,BRG_026,2,1,56652.0
P06CV10,BRG_026,3,0,9180.0
P06CV10,BRG_027,0,1,35616.0
P06CV10,BRG_027,1,1,43704.0
P06CV10,BRG_027,2,1,36264.0
P06CV10,BRG_027,3,0,47820.0
P06CV10,BRG_028,0,1,32856.0
P06CV10,BRG_028,1,1,22332.0
P06CV10,BRG_028,2,1,18756.0
P06CV10,BRG_028,3,1,54192.0
P06CV10,BRG_028,4,0,35268.0
P06CV10,BRG_029,0,1,40452.0
P06CV10,BRG_029,1,1,45600.0
P06CV10,BRG_029,2,1,32340.0
P06CV10,BRG_029,3,0,45012.0
P06CV10,BRG_030,0,1,63720.0
P06CV10,BRG_030,1,1,18228.0
P06CV10,BRG_030,2,1,49716.0
P06CV10,BRG_030,3,0,31740.0
P06CV10,BRG_031,0,1,48912.0
P06CV10,BRG_031,1,1,44556.0
P06CV10,BRG_031,2,1,19020.0
P06CV10,BRG_031,3,1,28356.0
P06CV10,BRG_031,4,0,22560.0
P06CV10,BRG_032,0,1,31668.0
P06CV10,BRG_032,1,1,15192.0
P06CV10,BRG_032,2,1,19320.0
P06CV10,BRG_032,3,1,46008.0
P06CV10,BRG_032,4,1,30084.0
P06CV10,BRG_032,5,0,21132.0
P06CV10,BRG_033,0,1,15852.0
P06CV10,BRG_033,1,1,50064.0
P06CV10,BRG_033,2,1,42984.0
P06CV10,BRG_033,3,1,43788.0
P06CV10,BRG_033,4,0,10716.0
P06CV10,BRG_034,0,1,56844.0
P06CV10,BRG_034,1,1,42792.0
P06CV10,BRG_034,2,1,45732.0
P06CV10,BRG_034,3,0,18036.0
P06CV10,BRG_035,0,1,21504.0
P06CV10,BRG_035,1,1,47160.0
P06CV10,BRG_035,2,1,31536.0
P06CV10,BRG_035,3,1,34068.0
P06CV10,BRG_035,4,1,9444.0
P06CV10,BRG_035,5,0,19692.0
P06CV10,BRG_036,0,1,28764.0
P06CV10,BRG_036,1,1,33972.0
P06CV10,BRG_036,2,1,43164.0
P06CV10,BRG_036,3,1,45432.0
P06CV10,BRG_036,4,0,12072.0
P06CV10,BRG_037,0,1,44292.0
P06CV10,BRG_037,1,1,28476.0
P06CV10,BRG_037,2,1,22656.0
P06CV10,BRG_037,3,1,47364.0
P06CV10,BRG_037,4,0,20616.0
P06CV10,BRG_038,0,1,52068.0
P06CV10,BRG_038,1,1,32616.0
P06CV10,BRG_038,2,1,28776.0
P06CV10,BRG_038,3,1,8844.0
P06CV10,BRG_038,4,0,41100.0
P06CV10,BRG_039,0,1,38640.0
P06CV10,BRG_039,1,1,51624.0
P06CV10,BRG_039,2,1,35916.0
P06CV10,BRG_039,3,1,34728.0
P06CV10,BRG_039,4,0,2496.0
P06CV10,BRG_040,0,1,19656.0
P06CV10,BRG_040,1,1,25152.0
P06CV10,BRG_040,2,1,48876.0
P06CV10,BRG_040,3,1,43428.0
P06CV10,BRG_040,4,0,26292.0
P06CV10,BRG_041,0,1,13440.0
P06CV10,BRG_041,1,1,15600.0
P06CV10,BRG_041,2,1,29232.0
P06CV10,BRG_041,3,1,25188.0
P06CV10,BRG_041,4,1,38232.0
P06CV10,BRG_041,5,0,41712.0
P06CV10,BRG_042,0,1,57948.0
P06CV10,BRG_042,1,1,61548.0
P06CV10,BRG_042,2,1,25416.0
P06CV10,BRG_042,3,0,18492.0
P06CV10,BRG_043,0,1,42480.0
P06CV10,BRG_043,1,1,40596.0
P06CV10,BRG_043,2,1,33168.0
P06CV10,BRG_043,3,1,26724.0
P06CV10,BRG_043,4,0,20436.0
P06CV10,BRG_044,0,1,31824.0
P06CV10,BRG_044,1,1,51720.0
P06CV10,BRG_044,2,1,30696.0
P06CV10,BRG_044,3,1,36948.0
P06CV10,BRG_044,4,0,12216.0
P06CV10,BRG_045,0,1,20340.0
P06CV10,BRG_045,1,1,45708.0
P06CV10,BRG_045,2,1,23376.0
P06CV10,BRG_045,3,1,23160.0
P06CV10,BRG_045,4,1,30396.0
P06CV10,BRG_045,5,0,20424.0
P06CV10,BRG_046,0,1,30780.0
P06CV10,BRG_046,1,1,25548.0
P06CV10,BRG_046,2,1,42576.0
P06CV10,BRG_046,3,1,26040.0
P06CV10,BRG_046,4,1,31500.0
P06CV10,BRG_046,5,0,6960.0
P06CV10,BRG_047,0,1,45288.0
P06CV10,BRG_047,1,1,53676.0
P06CV10,BRG_047,2,1,50376.0
P06CV10,BRG_047,3,0,14064.0
P06CV10,BRG_048,0,1,29484.0
P06CV10,BRG_048,1,1,21924.0
P06CV10,BRG_048,2,1,18672.0
P06CV10,BRG_048,3,1,53556.0
P06CV10,BRG_048,4,0,39768.0
P06CV10,BRG_049,0,1,23832.0
P06CV10,BRG_049,1,1,47088.0
P06CV10,BRG_049,2,1,45048.0
P06CV10,BRG_049,3,1,35760.0
P06CV10,BRG_049,4,0,11676.0
P06CV10,BRG_050,0,1,42624.0
P06CV10,BRG_050,1,1,27924.0
P06CV10,BRG_050,2,1,49380.0
P06CV10,BRG_050,3,0,43476.0
P06CV10,BRG_051,0,1,23292.0
P06CV10,BRG_051,1,1,27312.0
P06CV10,BRG_051,2,1,26184.0
P06CV10,BRG_051,3,1,9540.0
P06CV10,BRG_051,4,1,24432.0
P06CV10,BRG_051,5,1,19644.0
P06CV10,BRG_051,6,0,33000.0
P06CV10,BRG_052,0,1,50304.0
P06CV10,BRG_052,1,1,50388.0
P06CV10,BRG_052,2,1,45084.0
P06CV10,BRG_052,3,0,17628.0
P06CV10,BRG_053,0,1,34692.0
P06CV10,BRG_053,1,1,47676.0
P06CV10,BRG_053,2,1,32532.0
P06CV10,BRG_053,3,1,29640.0
P06CV10,BRG_053,4,1,13776.0
P06CV10,BRG_053,5,0,5088.0
P06CV10,BRG_054,0,1,30144.0
P06CV10,BRG_054,1,1,40116.0
P06CV10,BRG_054,2,1,50808.0
P06CV10,BRG_054,3,0,42336.0
P06CV10,BRG_055,0,1,40032.0
P06CV10,BRG_055,1,1,54624.0
P06CV10,BRG_055,2,1,26976.0
P06CV10,BRG_055,3,0,41772.0
P06CV10,BRG_056,0,1,39624.0
P06CV10,BRG_056,1,1,22296.0
P06CV10,BRG_056,2,1,46800.0
P06CV10,BRG_056,3,1,24528.0
P06CV10,BRG_056,4,0,30156.0
P06CV10,BRG_057,0,1,39732.0
P06CV10,BRG_057,1,1,35508.0
P06CV10,BRG_057,2,1,24852.0
P06CV10,BRG_057,3,1,37548.0
P06CV10,BRG_057,4,1,23592.0
P06CV10,BRG_057,5,0,2172.0
P06CV10,BRG_058,0,1,29724.0
P06CV10,BRG_058,1,1,38640.0
P06CV10,BRG_058,2,1,16344.0
P06CV10,BRG_058,3,1,57732.0
P06CV10,BRG_058,4,1,12060.0
P06CV10,BRG_058,5,0,8904.0
P06CV10,BRG_059,0,1,33096.0
P06CV10,BRG_059,1,1,12084.0
P06CV10,BRG_059,2,1,31212.0
P06CV10,BRG_059,3,1,42900.0
P06CV10,BRG_059,4,1,20064.0
P06CV10,BRG_059,5,0,24048.0
P06CV10,BRG_060,0,1,35580.0
P06CV10,BRG_060,1,1,49116.0
P06CV10,BRG_060,2,1,27192.0
P06CV10,BRG_060,3,1,33612.0
P06CV10,BRG_060,4,1,17196.0
P06CV10,BRG_060,5,0,708.0
P06CV10,BRG_061,0,1,48060.0
P06CV10,BRG_061,1,1,37908.0
P06CV10,BRG_061,2,1,45984.0
P06CV10,BRG_061,3,1,14520.0
P06CV10,BRG_061,4,0,16932.0
P06CV10,BRG_062,0,1,33480.0
P06CV10,BRG_062,1,1,28980.0
P06CV10,BRG_062,2,1,31188.0
P06CV10,BRG_062,3,1,48708.0
P06CV10,BRG_062,4,0,21048.0
P06CV11,BRG_001,0,1,55884.0
P06CV11,BRG_001,1,1,49080.0
P06CV11,BRG_001,2,1,44604.0
P06CV11,BRG_001,3,0,14088.0
P06CV11,BRG_002,0,1,29136.0
P06CV11,BRG_002,1,1,45864.0
P06CV11,BRG_002,2,1,41364.0
P06CV11,BRG_002,3,1,33168.0
P06CV11,BRG_002,4,0,14124.0
P06CV11,BRG_003,0,1,64332.0
P06CV11,BRG_003,1,1,32196.0
P06CV11,BRG_003,2,1,44460.0
P06CV11,BRG_003,3,1,14340.0
P06CV11,BRG_003,4,0,8328.0
P06CV11,BRG_004,0,1,46116.0
P06CV11,BRG_004,1,1,57696.0
P06CV11,BRG_004,2,1,29640.0
P06CV11,BRG_004,3,0,30204.0
P06CV11,BRG_005,0,1,51828.0
P06CV11,BRG_005,1,1,31200.0
P06CV11,BRG_005,2,1,34560.0
P06CV11,BRG_005,3,1,19296.0
P06CV11,BRG_005,4,1,16824.0
P06CV11,BRG_005,5,0,9948.0
P06CV11,BRG_006,0,1,35148.0
P06CV11,BRG_006,1,1,18096.0
P06CV11,BRG_006,2,1,49872.0
P06CV11,BRG_006,3,1,47724.0
P06CV11,BRG_006,4,0,12816.0
P06CV11,BRG_007,0,1,36252.0
P06CV11,BRG_007,1,1,54912.0
P06CV11,BRG_007,2,1,13464.0
P06CV11,BRG_007,3,1,28356.0
P06CV11,BRG_007,4,1,18828.0
P06CV11,BRG_007,5,0,11844.0
P06CV11,BRG_008,0,1,21648.0
P06CV11,BRG_008,1,1,14724.0
P06CV11,BRG_008,2,1,31188.0
P06CV11,BRG_008,3,1,35028.0
P06CV11,BRG_008,4,1,40896.0
P06CV11,BRG_008,5,0,20172.0
P06CV11,BRG_009,0,1,49392.0
P06CV11,BRG_009,1,1,15612.0
P06CV11,BRG_009,2,1,19260.0
P06CV11,BRG_009,3,1,31416.0
P06CV11,BRG_009,4,1,45036.0
P06CV11,BRG_009,5,0,2940.0
P06CV11,BRG_010,0,1,52668.0
P06CV11,BRG_010,1,1,23688.0
P06CV11,BRG_010,2,1,24240.0
P06CV11,BRG_010,3,1,8460.0
P06CV11,BRG_010,4,1,24996.0
P06CV11,BRG_010,5,0,29604.0
P06CV11,BRG_011,0,1,62868.0
P06CV11,BRG_011,1,1,41580.0
P06CV11,BRG_011,2,0,59208.0
P06CV11,BRG_012,0,1,47436.0
P06CV11,BRG_012,1,1,49788.0
P06CV11,BRG_012,2,1,65604.0
P06CV11,BRG_012,3,0,828.0
P06CV11,BRG_013,0,1,40620.0
P06CV11,BRG_013,1,1,27216.0
P06CV11,BRG_013,2,1,50220.0
P06CV11,BRG_013,3,1,8556.0
P06CV11,BRG_013,4,0,37044.0
P06CV11,BRG_014,0,1,62184.0
P06CV11,BRG_014,1,1,17040.0
P06CV11,BRG_014,2,1,56388.0
P06CV11,BRG_014,3,0,28044.0
P06CV11,BRG_015,0,1,50220.0
P06CV11,BRG_015,1,1,40044.0
P06CV11,BRG_015,2,1,70596.0
P06CV11,BRG_015,3,0,2796.0
P06CV11,BRG_016,0,1,60420.0
P06CV11,BRG_016,1,1,16068.0
P06CV11,BRG_016,2,1,24696.0
P06CV11,BRG_016,3,1,10344.0
P06CV11,BRG_016,4,1,45684.0
P06CV11,BRG_016,5,0,6444.0
P06CV11,BRG_017,0,1,62004.0
P06CV11,BRG_017,1,1,30804.0
P06CV11,BRG_017,2,1,28464.0
P06CV11,BRG_017,3,1,30864.0
P06CV11,BRG_017,4,0,11520.0
P06CV11,BRG_018,0,1,34476.0
P06CV11,BRG_018,1,1,26892.0
P06CV11,BRG_018,2,1,36948.0
P06CV11,BRG_018,3,1,31524.0
P06CV11,BRG_018,4,0,33816.0
P06CV11,BRG_019,0,1,31776.0
P06CV11,BRG_019,1,1,52548.0
P06CV11,BRG_019,2,1,24312.0
P06CV11,BRG_019,3,1,28836.0
P06CV11,BRG_019,4,0,26184.0
P06CV11,BRG_020,0,1,27060.0
P06CV11,BRG_020,1,1,68112.0
P06CV11,BRG_020,2,1,34608.0
P06CV11,BRG_020,3,0,33876.0
P06CV11,BRG_021,0,1,16128.0
P06CV11,BRG_021,1,1,45300.0
P06CV11,BRG_021,2,1,42288.0
P06CV11,BRG_021,3,1,53604.0
P06CV11,BRG_021,4,0,6336.0
P06CV11,BRG_022,0,1,52872.0
P06CV11,BRG_022,1,1,36696.0
P06CV11,BRG_022,2,1,43920.0
P06CV11,BRG_022,3,1,28824.0
P06CV11,BRG_022,4,0,1344.0
P06CV11,BRG_023,0,1,46632.0
P06CV11,BRG_023,1,1,37968.0
P06CV11,BRG_023,2,1,47988.0
P06CV11,BRG_023,3,1,28620.0
P06CV11,BRG_023,4,0,2448.0
P06CV11,BRG_024,0,1,61776.0
P06CV11,BRG_024,1,1,43104.0
P06CV11,BRG_024,2,0,58776.0
P06CV11,BRG_025,0,1,34752.0
P06CV11,BRG_025,1,1,36552.0
P06CV11,BRG_025,2,1,52680.0
P06CV11,BRG_025,3,1,5664.0
P06CV11,BRG_025,4,0,34008.0
P06CV11,BRG_026,0,1,47076.0
P06CV11,BRG_026,1,1,26208.0
P06CV11,BRG_026,2,1,22608.0
P06CV11,BRG_026,3,1,22692.0
P06CV11,BRG_026,4,1,18072.0
P06CV11,BRG_026,5,0,27000.0
P06CV11,BRG_027,0,1,56064.0
P06CV11,BRG_027,1,1,56268.0
P06CV11,BRG_027,2,1,22188.0
P06CV11,BRG_027,3,0,29136.0
P06CV11,BRG_028,0,1,32052.0
P06CV11,BRG_028,1,1,46968.0
P06CV11,BRG_028,2,1,32952.0
P06CV11,BRG_028,3,1,22536.0
P06CV11,BRG_028,4,0,29148.0
P06CV11,BRG_029,0,1,26220.0
P06CV11,BRG_029,1,1,50184.0
P06CV11,BRG_029,2,1,19164.0
P06CV11,BRG_029,3,1,43260.0
P06CV11,BRG_029,4,0,24828.0
P06CV11,BRG_030,0,1,34092.0
P06CV11,BRG_030,1,1,43872.0
P06CV11,BRG_030,2,1,22428.0
P06CV11,BRG_030,3,1,52536.0
P06CV11,BRG_030,4,0,10728.0
P06CV11,BRG_031,0,1,27120.0
P06CV11,BRG_031,1,1,23376.0
P06CV11,BRG_031,2,1,22032.0
P06CV11,BRG_031,3,1,31224.0
P06CV11,BRG_031,4,1,58644.0
P06CV11,BRG_031,5,0,1260.0
P06CV11,BRG_032,0,1,56388.0
P06CV11,BRG_032,1,1,14100.0
P06CV11,BRG_032,2,1,36816.0
P06CV11,BRG_032,3,1,22644.0
P06CV11,BRG_032,4,1,16740.0
P06CV11,BRG_032,5,0,16968.0
P06CV11,BRG_033,0,1,36156.0
P06CV11,BRG_033,1,1,51300.0
P06CV11,BRG_033,2,1,37380.0
P06CV11,BRG_033,3,1,35532.0
P06CV11,BRG_033,4,0,3288.0
P06CV11,BRG_034,0,1,46104.0
P06CV11,BRG_034,1,1,52008.0
P06CV11,BRG_034,2,1,27840.0
P06CV11,BRG_034,3,0,37704.0
P06CV11,BRG_035,0,1,25704.0
P06CV11,BRG_035,1,1,18444.0
P06CV11,BRG_035,2,1,43536.0
P06CV11,BRG_035,3,1,26508.0
P06CV11,BRG_035,4,1,3948.0
P06CV11,BRG_035,5,1,34440.0
P06CV11,BRG_035,6,0,11076.0
P06CV11,BRG_036,0,1,22524.0
P06CV11,BRG_036,1,1,42612.0
P06CV11,BRG_036,2,1,53844.0
P06CV11,BRG_036,3,1,29484.0
P06CV11,BRG_036,4,0,15192.0
P06CV11,BRG_037,0,1,32952.0
P06CV11,BRG_037,1,1,45552.0
P06CV11,BRG_037,2,1,18204.0
P06CV11,BRG_037,3,1,38088.0
P06CV11,BRG_037,4,1,26004.0
P06CV11,BRG_037,5,0,2856.0
P06CV11,BRG_038,0,1,51936.0
P06CV11,BRG_038,1,1,42204.0
P06CV11,BRG_038,2,1,20544.0
P06CV11,BRG_038,3,1,47916.0
P06CV11,BRG_038,4,0,1056.0
P06CV11,BRG_039,0,1,27972.0
P06CV11,BRG_039,1,1,19452.0
P06CV11,BRG_039,2,1,8952.0
P06CV11,BRG_039,3,1,38568.0
P06CV11,BRG_039,4,1,29184.0
P06CV11,BRG_039,5,1,15540.0
P06CV11,BRG_039,6,0,23988.0
P06CV11,BRG_040,0,1,58068.0
P06CV11,BRG_040,1,1,21336.0
P06CV11,BRG_040,2,1,69024.0
P06CV11,BRG_040,3,0,15228.0
P06CV11,BRG_041,0,1,10728.0
P06CV11,BRG_041,1,1,31500.0
P06CV11,BRG_041,2,1,31080.0
P06CV11,BRG_041,3,1,24552.0
P06CV11,BRG_041,4,1,37236.0
P06CV11,BRG_041,5,0,28560.0
P06CV11,BRG_042,0,1,30960.0
P06CV11,BRG_042,1,1,33624.0
P06CV11,BRG_042,2,1,17100.0
P06CV11,BRG_042,3,1,30972.0
P06CV11,BRG_042,4,1,30672.0
P06CV11,BRG_042,5,0,20328.0
P06CV11,BRG_043,0,1,31572.0
P06CV11,BRG_043,1,1,36324.0
P06CV11,BRG_043,2,1,25548.0
P06CV11,BRG_043,3,1,27288.0
P06CV11,BRG_043,4,1,35940.0
P06CV11,BRG_043,5,0,6984.0
P06CV11,BRG_044,0,1,34176.0
P06CV11,BRG_044,1,1,42048.0
P06CV11,BRG_044,2,1,63456.0
P06CV11,BRG_044,3,1,19188.0
P06CV11,BRG_044,4,0,4788.0
P06CV11,BRG_045,0,1,35472.0
P06CV11,BRG_045,1,1,39360.0
P06CV11,BRG_045,2,1,50364.0
P06CV11,BRG_045,3,0,38460.0
P06CV11,BRG_046,0,1,41520.0
P06CV11,BRG_046,1,1,38448.0
P06CV11,BRG_046,2,1,31476.0
P06CV11,BRG_046,3,1,27420.0
P06CV11,BRG_046,4,0,24792.0
P06CV11,BRG_047,0,1,36168.0
P06CV11,BRG_047,1,1,31284.0
P06CV11,BRG_047,2,1,52740.0
P06CV11,BRG_047,3,0,43464.0
P06CV11,BRG_048,0,1,22968.0
P06CV11,BRG_048,1,1,10044.0
P06CV11,BRG_048,2,1,32208.0
P06CV11,BRG_048,3,1,44376.0
P06CV11,BRG_048,4,1,15300.0
P06CV11,BRG_048,5,1,38520.0
P06CV11,BRG_048,6,0,240.0
P06CV11,BRG_049,0,1,49284.0
P06CV11,BRG_049,1,1,44292.0
P06CV11,BRG_049,2,1,40920.0
P06CV11,BRG_049,3,0,29160.0
P06CV11,BRG_050,0,1,44304.0
P06CV11,BRG_050,1,1,24792.0
P06CV11,BRG_050,2,1,41904.0
P06CV11,BRG_050,3,1,25824.0
P06CV11,BRG_050,4,0,26832.0
P06CV11,BRG_051,0,1,60048.0
P06CV11,BRG_051,1,1,35088.0
P06CV11,BRG_051,2,1,37416.0
P06CV11,BRG_051,3,0,31104.0
P06CV11,BRG_052,0,1,54684.0
P06CV11,BRG_052,1,1,48300.0
P06CV11,BRG_052,2,1,53172.0
P06CV11,BRG_052,3,0,7500.0
P06CV11,BRG_053,0,1,36576.0
P06CV11,BRG_053,1,1,55476.0
P06CV11,BRG_053,2,1,16188.0
P06CV11,BRG_053,3,1,46224.0
P06CV11,BRG_053,4,0,9192.0
P06CV11,BRG_054,0,1,30492.0
P06CV11,BRG_054,1,1,23460.0
P06CV11,BRG_054,2,1,58128.0
P06CV11,BRG_054,3,1,31140.0
P06CV11,BRG_054,4,0,20436.0
P06CV11,BRG_055,0,1,31332.0
P06CV11,BRG_055,1,1,35652.0
P06CV11,BRG_055,2,1,46860.0
P06CV11,BRG_055,3,0,49812.0
P06CV11,BRG_056,0,1,18744.0
P06CV11,BRG_056,1,1,25056.0
P06CV11,BRG_056,2,1,29496.0
P06CV11,BRG_056,3,1,50748.0
P06CV11,BRG_056,4,0,39612.0
P06CV11,BRG_057,0,1,39552.0
P06CV11,BRG_057,1,1,52368.0
P06CV11,BRG_057,2,1,30564.0
P06CV11,BRG_057,3,0,41172.0
P06CV11,BRG_058,0,1,45900.0
P06CV11,BRG_058,1,1,17436.0
P06CV11,BRG_058,2,1,31716.0
P06CV11,BRG_058,3,1,30024.0
P06CV11,BRG_058,4,0,38580.0
P06CV11,BRG_059,0,1,20508.0
P06CV11,BRG_059,1,1,34476.0
P06CV11,BRG_059,2,1,43692.0
P06CV11,BRG_059,3,1,51744.0
P06CV11,BRG_059,4,0,13236.0
P06CV11,BRG_060,0,1,57912.0
P06CV11,BRG_060,1,1,12444.0
P06CV11,BRG_060,2,1,28284.0
P06CV11,BRG_060,3,1,38100.0
P06CV11,BRG_060,4,0,26916.0
P06CV11,BRG_061,0,1,44880.0
P06CV11,BRG_061,1,1,45108.0
P06CV11,BRG_061,2,1,18120.0
P06CV11,BRG_061,3,1,25008.0
P06CV11,BRG_061,4,0,30540.0
P06CV11,BRG_062,0,1,24012.0
P06CV11,BRG_062,1,1,47496.0
P06CV11,BRG_062,2,1,59484.0
P06CV11,BRG_062,3,0,32664.0
P06CV12,BRG_001,0,1,57432.0
P06CV12,BRG_001,1,1,35604.0
P06CV12,BRG_001,2,1,40884.0
P06CV12,BRG_001,3,0,29844.0
P06CV12,BRG_002,0,1,18420.0
P06CV12,BRG_002,1,1,26268.0
P06CV12,BRG_002,2,1,74568.0
P06CV12,BRG_002,3,1,43980.0
P06CV12,BRG_002,4,0,528.0
P06CV12,BRG_003,0,1,49344.0
P06CV12,BRG_003,1,1,38364.0
P06CV12,BRG_003,2,1,27636.0
P06CV12,BRG_003,3,1,15564.0
P06CV12,BRG_003,4,0,32856.0
P06CV12,BRG_004,0,1,45588.0
P06CV12,BRG_004,1,1,36804.0
P06CV12,BRG_004,2,1,42552.0
P06CV12,BRG_004,3,0,38820.0
P06CV12,BRG_005,0,1,44928.0
P06CV12,BRG_005,1,1,15108.0
P06CV12,BRG_005,2,1,18300.0
P06CV12,BRG_005,3,1,27816.0
P06CV12,BRG_005,4,1,42672.0
P06CV12,BRG_005,5,0,14940.0
P06CV12,BRG_006,0,1,20316.0
P06CV12,BRG_006,1,1,12672.0
P06CV12,BRG_006,2,1,19140.0
P06CV12,BRG_006,3,1,26424.0
P06CV12,BRG_006,4,1,37680.0
P06CV12,BRG_006,5,1,32628.0
P06CV12,BRG_006,6,0,14904.0
P06CV12,BRG_007,0,1,27576.0
P06CV12,BRG_007,1,1,46908.0
P06CV12,BRG_007,2,1,43104.0
P06CV12,BRG_007,3,1,45432.0
P06CV12,BRG_007,4,0,744.0
P06CV12,BRG_008,0,1,31872.0
P06CV12,BRG_008,1,1,50628.0
P06CV12,BRG_008,2,1,41628.0
P06CV12,BRG_008,3,1,34512.0
P06CV12,BRG_008,4,0,5124.0
P06CV12,BRG_009,0,1,49284.0
P06CV12,BRG_009,1,1,24804.0
P06CV12,BRG_009,2,1,22116.0
P06CV12,BRG_009,3,1,36216.0
P06CV12,BRG_009,4,1,27252.0
P06CV12,BRG_009,5,0,4092.0
P06CV12,BRG_010,0,1,33804.0
P06CV12,BRG_010,1,1,26004.0
P06CV12,BRG_010,2,1,27312.0
P06CV12,BRG_010,3,1,34908.0
P06CV12,BRG_010,4,0,41736.0
P06CV12,BRG_011,0,1,31476.0
P06CV12,BRG_011,1,1,30000.0
P06CV12,BRG_011,2,1,20280.0
P06CV12,BRG_011,3,1,22320.0
P06CV12,BRG_011,4,1,42084.0
P06CV12,BRG_011,5,0,17604.0
P06CV12,BRG_012,0,1,51720.0
P06CV12,BRG_012,1,1,47256.0
P06CV12,BRG_012,2,1,50520.0
P06CV12,BRG_012,3,0,14268.0
P06CV12,BRG_013,0,1,53616.0
P06CV12,BRG_013,1,1,47328.0
P06CV12,BRG_013,2,0,62820.0
P06CV12,BRG_014,0,1,65112.0
P06CV12,BRG_014,1,1,15864.0
P06CV12,BRG_014,2,1,22992.0
P06CV12,BRG_014,3,1,45468.0
P06CV12,BRG_014,4,0,14328.0
P06CV12,BRG_015,0,1,26544.0
P06CV12,BRG_015,1,1,16380.0
P06CV12,BRG_015,2,1,62724.0
P06CV12,BRG_015,3,1,46272.0
P06CV12,BRG_015,4,0,11844.0
P06CV12,BRG_016,0,1,45672.0
P06CV12,BRG_016,1,1,36816.0
P06CV12,BRG_016,2,1,42720.0
P06CV12,BRG_016,3,1,35340.0
P06CV12,BRG_016,4,0,3216.0
P06CV12,BRG_017,0,1,33288.0
P06CV12,BRG_017,1,1,30000.0
P06CV12,BRG_017,2,1,44628.0
P06CV12,BRG_017,3,1,29844.0
P06CV12,BRG_017,4,0,26004.0
P06CV12,BRG_018,0,1,57900.0
P06CV12,BRG_018,1,1,58992.0
P06CV12,BRG_018,2,1,20976.0
P06CV12,BRG_018,3,1,24528.0
P06CV12,BRG_018,4,0,1368.0
P06CV12,BRG_019,0,1,42384.0
P06CV12,BRG_019,1,1,25416.0
P06CV12,BRG_019,2,1,30996.0
P06CV12,BRG_019,3,1,42096.0
P06CV12,BRG_019,4,1,11928.0
P06CV12,BRG_019,5,0,10944.0
P06CV12,BRG_020,0,1,34956.0
P06CV12,BRG_020,1,1,34212.0
P06CV12,BRG_020,2,1,47364.0
P06CV12,BRG_020,3,1,28620.0
P06CV12,BRG_020,4,0,18612.0
P06CV12,BRG_021,0,1,43200.0
P06CV12,BRG_021,1,1,36444.0
P06CV12,BRG_021,2,1,31044.0
P06CV12,BRG_021,3,1,22608.0
P06CV12,BRG_021,4,0,30468.0
P06CV12,BRG_022,0,1,24960.0
P06CV12,BRG_022,1,1,37836.0
P06CV12,BRG_022,2,1,49320.0
P06CV12,BRG_022,3,0,51648.0
P06CV12,BRG_023,0,1,34020.0
P06CV12,BRG_023,1,1,23964.0
P06CV12,BRG_023,2,1,49356.0
P06CV12,BRG_023,3,1,40596.0
P06CV12,BRG_023,4,0,15828.0
P06CV12,BRG_024,0,1,23520.0
P06CV12,BRG_024,1,1,14268.0
P06CV12,BRG_024,2,1,33732.0
P06CV12,BRG_024,3,1,30924.0
P06CV12,BRG_024,4,1,10764.0
P06CV12,BRG_024,5,1,44364.0
P06CV12,BRG_024,6,0,6192.0
P06CV12,BRG_025,0,1,41400.0
P06CV12,BRG_025,1,1,27648.0
P06CV12,BRG_025,2,1,30672.0
P06CV12,BRG_025,3,1,36372.0
P06CV12,BRG_025,4,0,27672.0
P06CV12,BRG_026,0,1,28500.0
P06CV12,BRG_026,1,1,52608.0
P06CV12,BRG_026,2,1,43944.0
P06CV12,BRG_026,3,0,38712.0
P06CV12,BRG_027,0,1,45948.0
P06CV12,BRG_027,1,1,44772.0
P06CV12,BRG_027,2,1,42972.0
P06CV12,BRG_027,3,0,30072.0
P06CV12,BRG_028,0,1,16440.0
P06CV12,BRG_028,1,1,38604.0
P06CV12,BRG_028,2,1,18504.0
P06CV12,BRG_028,3,1,37788.0
P06CV12,BRG_028,4,1,31440.0
P06CV12,BRG_028,5,0,20988.0
P06CV12,BRG_029,0,1,60288.0
P06CV12,BRG_029,1,1,59004.0
P06CV12,BRG_029,2,1,33024.0
P06CV12,BRG_029,3,0,11448.0
P06CV12,BRG_030,0,1,36324.0
P06CV12,BRG_030,1,1,39972.0
P06CV12,BRG_030,2,1,54312.0
P06CV12,BRG_030,3,0,33156.0
P06CV12,BRG_031,0,1,42048.0
P06CV12,BRG_031,1,1,36468.0
P06CV12,BRG_031,2,1,68808.0
P06CV12,BRG_031,3,0,16440.0
P06CV12,BRG_032,0,1,34836.0
P06CV12,BRG_032,1,1,53100.0
P06CV12,BRG_032,2,1,10536.0
P06CV12,BRG_032,3,1,44016.0
P06CV12,BRG_032,4,1,16512.0
P06CV12,BRG_032,5,0,4764.0
P06CV12,BRG_033,0,1,16944.0
P06CV12,BRG_033,1,1,24684.0
P06CV12,BRG_033,2,1,24192.0
P06CV12,BRG_033,3,1,45528.0
P06CV12,BRG_033,4,1,42444.0
P06CV12,BRG_033,5,0,9972.0
P06CV12,BRG_034,0,1,18576.0
P06CV12,BRG_034,1,1,25368.0
P06CV12,BRG_034,2,1,36168.0
P06CV12,BRG_034,3,1,51120.0
P06CV12,BRG_034,4,0,32532.0
P06CV12,BRG_035,0,1,30144.0
P06CV12,BRG_035,1,1,51948.0
P06CV12,BRG_035,2,1,38052.0
P06CV12,BRG_035,3,1,14928.0
P06CV12,BRG_035,4,0,28692.0
P06CV12,BRG_036,0,1,34920.0
P06CV12,BRG_036,1,1,8652.0
P06CV12,BRG_036,2,1,58140.0
P06CV12,BRG_036,3,0,62052.0
P06CV12,BRG_037,0,1,53628.0
P06CV12,BRG_037,1,1,23232.0
P06CV12,BRG_037,2,1,30972.0
P06CV12,BRG_037,3,0,55932.0
P06CV12,BRG_038,0,1,33984.0
P06CV12,BRG_038,1,1,53220.0
P06CV12,BRG_038,2,1,46968.0
P06CV12,BRG_038,3,1,14112.0
P06CV12,BRG_038,4,0,15480.0
P06CV12,BRG_039,0,1,34056.0
P06CV12,BRG_039,1,1,19332.0
P06CV12,BRG_039,2,1,35568.0
P06CV12,BRG_039,3,1,40788.0
P06CV12,BRG_039,4,1,26556.0
P06CV12,BRG_039,5,0,7464.0
P06CV12,BRG_040,0,1,27624.0
P06CV12,BRG_040,1,1,46236.0
P06CV12,BRG_040,2,1,36864.0
P06CV12,BRG_040,3,1,29016.0
P06CV12,BRG_040,4,0,24024.0
P06CV12,BRG_041,0,1,28320.0
P06CV12,BRG_041,1,1,42972.0
P06CV12,BRG_041,2,1,54336.0
P06CV12,BRG_041,3,0,38136.0
P06CV12,BRG_042,0,1,16788.0
P06CV12,BRG_042,1,1,54912.0
P06CV12,BRG_042,2,1,63192.0
P06CV12,BRG_042,3,0,28872.0
P06CV12,BRG_043,0,1,22788.0
P06CV12,BRG_043,1,1,45864.0
P06CV12,BRG_043,2,1,59424.0
P06CV12,BRG_043,3,1,27948.0
P06CV12,BRG_043,4,0,7740.0
P06CV12,BRG_044,0,1,47040.0
P06CV12,BRG_044,1,1,33708.0
P06CV12,BRG_044,2,1,46596.0
P06CV12,BRG_044,3,1,27168.0
P06CV12,BRG_044,4,0,9252.0
P06CV12,BRG_045,0,1,81192.0
P06CV12,BRG_045,1,1,35808.0
P06CV12,BRG_045,2,0,46764.0
P06CV12,BRG_046,0,1,48036.0
P06CV12,BRG_046,1,1,66612.0
P06CV12,BRG_046,2,1,30708.0
P06CV12,BRG_046,3,0,18408.0
P06CV12,BRG_047,0,1,52524.0
P06CV12,BRG_047,1,1,44580.0
P06CV12,BRG_047,2,1,31956.0
P06CV12,BRG_047,3,1,30144.0
P06CV12,BRG_047,4,0,4560.0
P06CV12,BRG_048,0,1,36288.0
P06CV12,BRG_048,1,1,25464.0
P06CV12,BRG_048,2,1,35916.0
P06CV12,BRG_048,3,1,45888.0
P06CV12,BRG_048,4,0,20208.0
P06CV12,BRG_049,0,1,27204.0
P06CV12,BRG_049,1,1,46572.0
P06CV12,BRG_049,2,1,18312.0
P06CV12,BRG_049,3,1,25296.0
P06CV12,BRG_049,4,1,40032.0
P06CV12,BRG_049,5,0,6348.0
P06CV12,BRG_050,0,1,34800.0
P06CV12,BRG_050,1,1,22944.0
P06CV12,BRG_050,2,1,24684.0
P06CV12,BRG_050,3,1,28776.0
P06CV12,BRG_050,4,1,39264.0
P06CV12,BRG_050,5,0,13296.0
P06CV12,BRG_051,0,1,54096.0
P06CV12,BRG_051,1,1,33408.0
P06CV12,BRG_051,2,1,29748.0
P06CV12,BRG_051,3,1,37536.0
P06CV12,BRG_051,4,0,8976.0
P06CV12,BRG_052,0,1,24252.0
P06CV12,BRG_052,1,1,58932.0
P06CV12,BRG_052,2,1,25344.0
P06CV12,BRG_052,3,1,48312.0
P06CV12,BRG_052,4,0,6924.0
P06CV12,BRG_053,0,1,25380.0
P06CV12,BRG_053,1,1,34128.0
P06CV12,BRG_053,2,1,34752.0
P06CV12,BRG_053,3,1,40116.0
P06CV12,BRG_053,4,1,27720.0
P06CV12,BRG_053,5,0,1668.0
P06CV12,BRG_054,0,1,44748.0
P06CV12,BRG_054,1,1,43548.0
P06CV12,BRG_054,2,1,46464.0
P06CV12,BRG_054,3,0,29004.0
P06CV12,BRG_055,0,1,22584.0
P06CV12,BRG_055,1,1,35028.0
P06CV12,BRG_055,2,1,28200.0
P06CV12,BRG_055,3,1,35256.0
P06CV12,BRG_055,4,1,17796.0
P06CV12,BRG_055,5,0,24900.0
P06CV12,BRG_056,0,1,37488.0
P06CV12,BRG_056,1,1,62076.0
P06CV12,BRG_056,2,1,19248.0
P06CV12,BRG_056,3,0,44952.0
P06CV12,BRG_057,0,1,42228.0
P06CV12,BRG_057,1,1,43500.0
P06CV12,BRG_057,2,1,42816.0
P06CV12,BRG_057,3,1,32016.0
P06CV12,BRG_057,4,0,3204.0
P06CV12,BRG_058,0,1,27612.0
P06CV12,BRG_058,1,1,34440.0
P06CV12,BRG_058,2,1,30024.0
P06CV12,BRG_058,3,1,32448.0
P06CV12,BRG_058,4,1,38508.0
P06CV12,BRG_058,5,0,732.0
P06CV12,BRG_059,0,1,15108.0
P06CV12,BRG_059,1,1,33852.0
P06CV12,BRG_059,2,1,59580.0
P06CV12,BRG_059,3,1,48456.0
P06CV12,BRG_059,4,0,6768.0
P06CV12,BRG_060,0,1,34524.0
P06CV12,BRG_060,1,1,53760.0
P06CV12,BRG_060,2,1,29532.0
P06CV12,BRG_060,3,1,36540.0
P06CV12,BRG_060,4,0,9408.0
P06CV12,BRG_061,0,1,63828.0
P06CV12,BRG_061,1,1,51240.0
P06CV12,BRG_061,2,1,34092.0
P06CV12,BRG_061,3,0,14604.0
P06CV12,BRG_062,0,1,44412.0
P06CV12,BRG_062,1,1,24744.0
P06CV12,BRG_062,2,1,42012.0
P06CV12,BRG_062,3,1,32664.0
P06CV12,BRG_062,4,0,19932.0
P06CV13,BRG_001,0,1,61680.0
P06CV13,BRG_001,1,1,40860.0
P06CV13,BRG_001,2,1,46824.0
P06CV13,BRG_001,3,0,14112.0
P06CV13,BRG_002,0,1,36504.0
P06CV13,BRG_002,1,1,26376.0
P06CV13,BRG_002,2,1,31872.0
P06CV13,BRG_002,3,1,47688.0
P06CV13,BRG_002,4,0,21036.0
P06CV13,BRG_003,0,1,45516.0
P06CV13,BRG_003,1,1,34068.0
P06CV13,BRG_003,2,1,15924.0
P06CV13,BRG_003,3,1,61884.0
P06CV13,BRG_003,4,0,6084.0
P06CV13,BRG_004,0,1,34380.0
P06CV13,BRG_004,1,1,67584.0
P06CV13,BRG_004,2,1,30564.0
P06CV13,BRG_004,3,0,30948.0
P06CV13,BRG_005,0,1,9600.0
P06CV13,BRG_005,1,1,9348.0
P06CV13,BRG_005,2,1,35184.0
P06CV13,BRG_005,3,1,42060.0
P06CV13,BRG_005,4,1,26844.0
P06CV13,BRG_005,5,0,40440.0
P06CV13,BRG_006,0,1,44316.0
P06CV13,BRG_006,1,1,23916.0
P06CV13,BRG_006,2,1,38352.0
P06CV13,BRG_006,3,1,43380.0
P06CV13,BRG_006,4,0,13512.0
P06CV13,BRG_007,0,1,60528.0
P06CV13,BRG_007,1,1,41736.0
P06CV13,BRG_007,2,1,37752.0
P06CV13,BRG_007,3,0,23460.0
P06CV13,BRG_008,0,1,43008.0
P06CV13,BRG_008,1,1,31392.0
P06CV13,BRG_008,2,1,22716.0
P06CV13,BRG_008,3,1,49824.0
P06CV13,BRG_008,4,0,16536.0
P06CV13,BRG_009,0,1,55500.0
P06CV13,BRG_009,1,1,48480.0
P06CV13,BRG_009,2,1,44748.0
P06CV13,BRG_009,3,0,14748.0
P06CV13,BRG_010,0,1,39348.0
P06CV13,BRG_010,1,1,20004.0
P06CV13,BRG_010,2,1,42132.0
P06CV13,BRG_010,3,1,44088.0
P06CV13,BRG_010,4,0,17904.0
P06CV13,BRG_011,0,1,27204.0
P06CV13,BRG_011,1,1,45504.0
P06CV13,BRG_011,2,1,43788.0
P06CV13,BRG_011,3,1,35196.0
P06CV13,BRG_011,4,0,11784.0
P06CV13,BRG_012,0,1,42096.0
P06CV13,BRG_012,1,1,35640.0
P06CV13,BRG_012,2,1,33648.0
P06CV13,BRG_012,3,1,24408.0
P06CV13,BRG_012,4,1,27060.0
P06CV13,BRG_012,5,0,624.0
P06CV13,BRG_013,0,1,37500.0
P06CV13,BRG_013,1,1,21132.0
P06CV13,BRG_013,2,1,38256.0
P06CV13,BRG_013,3,1,46380.0
P06CV13,BRG_013,4,0,20208.0
P06CV13,BRG_014,0,1,45180.0
P06CV13,BRG_014,1,1,55368.0
P06CV13,BRG_014,2,1,36972.0
P06CV13,BRG_014,3,0,25956.0
P06CV13,BRG_015,0,1,17340.0
P06CV13,BRG_015,1,1,8592.0
P06CV13,BRG_015,2,1,33288.0
P06CV13,BRG_015,3,1,26760.0
P06CV13,BRG_015,4,1,38532.0
P06CV13,BRG_015,5,1,28896.0
P06CV13,BRG_015,6,0,10068.0
P06CV13,BRG_016,0,1,53112.0
P06CV13,BRG_016,1,1,42852.0
P06CV13,BRG_016,2,1,34464.0
P06CV13,BRG_016,3,1,19884.0
P06CV13,BRG_016,4,0,13164.0
P06CV13,BRG_017,0,1,28068.0
P06CV13,BRG_017,1,1,30216.0
P06CV13,BRG_017,2,1,33216.0
P06CV13,BRG_017,3,1,28284.0
P06CV13,BRG_017,4,1,21024.0
P06CV13,BRG_017,5,1,17520.0
P06CV13,BRG_017,6,0,5148.0
P06CV13,BRG_018,0,1,60000.0
P06CV13,BRG_018,1,1,25080.0
P06CV13,BRG_018,2,1,29604.0
P06CV13,BRG_018,3,1,46008.0
P06CV13,BRG_018,4,0,2784.0
P06CV13,BRG_019,0,1,48792.0
P06CV13,BRG_019,1,1,47064.0
P06CV13,BRG_019,2,1,37560.0
P06CV13,BRG_019,3,0,30060.0
P06CV13,BRG_020,0,1,54504.0
P06CV13,BRG_020,1,1,40620.0
P06CV13,BRG_020,2,1,34488.0
P06CV13,BRG_020,3,0,33864.0
P06CV13,BRG_021,0,1,36420.0
P06CV13,BRG_021,1,1,25440.0
P06CV13,BRG_021,2,1,25956.0
P06CV13,BRG_021,3,1,20688.0
P06CV13,BRG_021,4,1,43992.0
P06CV13,BRG_021,5,0,10980.0
P06CV13,BRG_022,0,1,45504.0
P06CV13,BRG_022,1,1,43260.0
P06CV13,BRG_022,2,1,17880.0
P06CV13,BRG_022,3,1,50136.0
P06CV13,BRG_022,4,0,6696.0
P06CV13,BRG_023,0,1,51540.0
P06CV13,BRG_023,1,1,54864.0
P06CV13,BRG_023,2,1,27876.0
P06CV13,BRG_023,3,0,29196.0
P06CV13,BRG_024,0,1,30768.0
P06CV13,BRG_024,1,1,33252.0
P06CV13,BRG_024,2,1,51936.0
P06CV13,BRG_024,3,1,22920.0
P06CV13,BRG_024,4,0,24600.0
P06CV13,BRG_025,0,1,22392.0
P06CV13,BRG_025,1,1,41244.0
P06CV13,BRG_025,2,1,34428.0
P06CV13,BRG_025,3,1,51624.0
P06CV13,BRG_025,4,0,13788.0
P06CV13,BRG_026,0,1,34092.0
P06CV13,BRG_026,1,1,29772.0
P06CV13,BRG_026,2,1,32676.0
P06CV13,BRG_026,3,1,59820.0
P06CV13,BRG_026,4,0,7116.0
P06CV13,BRG_027,0,1,47052.0
P06CV13,BRG_027,1,1,32352.0
P06CV13,BRG_027,2,1,29136.0
P06CV13,BRG_027,3,1,7572.0
P06CV13,BRG_027,4,0,47364.0
P06CV13,BRG_028,0,1,39240.0
P06CV13,BRG_028,1,1,30708.0
P06CV13,BRG_028,2,1,42888.0
P06CV13,BRG_028,3,1,19608.0
P06CV13,BRG_028,4,1,21588.0
P06CV13,BRG_028,5,0,9444.0
P06CV13,BRG_029,0,1,43800.0
P06CV13,BRG_029,1,1,33180.0
P06CV13,BRG_029,2,1,12132.0
P06CV13,BRG_029,3,1,37680.0
P06CV13,BRG_029,4,1,18264.0
P06CV13,BRG_029,5,0,18420.0
P06CV13,BRG_030,0,1,32220.0
P06CV13,BRG_030,1,1,23124.0
P06CV13,BRG_030,2,1,56424.0
P06CV13,BRG_030,3,1,32100.0
P06CV13,BRG_030,4,0,19608.0
P06CV13,BRG_031,0,1,10500.0
P06CV13,BRG_031,1,1,38376.0
P06CV13,BRG_031,2,1,51168.0
P06CV13,BRG_031,3,1,27864.0
P06CV13,BRG_031,4,1,32436.0
P06CV13,BRG_031,5,0,3132.0
P06CV13,BRG_032,0,1,48456.0
P06CV13,BRG_032,1,1,58896.0
P06CV13,BRG_032,2,1,47508.0
P06CV13,BRG_032,3,0,8616.0
P06CV13,BRG_033,0,1,44460.0
P06CV13,BRG_033,1,1,27492.0
P06CV13,BRG_033,2,1,58884.0
P06CV13,BRG_033,3,0,32640.0
P06CV13,BRG_034,0,1,28548.0
P06CV13,BRG_034,1,1,27960.0
P06CV13,BRG_034,2,1,38700.0
P06CV13,BRG_034,3,1,45264.0
P06CV13,BRG_034,4,1,15300.0
P06CV13,BRG_034,5,0,7704.0
P06CV13,BRG_035,0,1,23904.0
P06CV13,BRG_035,1,1,50748.0
P06CV13,BRG_035,2,1,45192.0
P06CV13,BRG_035,3,1,23412.0
P06CV13,BRG_035,4,1,12804.0
P06CV13,BRG_035,5,0,7416.0
P06CV13,BRG_036,0,1,50964.0
P06CV13,BRG_036,1,1,25980.0
P06CV13,BRG_036,2,1,36576.0
P06CV13,BRG_036,3,1,42096.0
P06CV13,BRG_036,4,0,7860.0
P06CV13,BRG_037,0,1,47376.0
P06CV13,BRG_037,1,1,83820.0
P06CV13,BRG_037,2,1,28296.0
P06CV13,BRG_037,3,0,3984.0
P06CV13,BRG_038,0,1,28344.0
P06CV13,BRG_038,1,1,31284.0
P06CV13,BRG_038,2,1,36624.0
P06CV13,BRG_038,3,1,26340.0
P06CV13,BRG_038,4,1,25932.0
P06CV13,BRG_038,5,0,14952.0
P06CV13,BRG_039,0,1,39156.0
P06CV13,BRG_039,1,1,54792.0
P06CV13,BRG_039,2,1,46128.0
P06CV13,BRG_039,3,1,18048.0
P06CV13,BRG_039,4,0,5352.0
P06CV13,BRG_040,0,1,54540.0
P06CV13,BRG_040,1,1,28680.0
P06CV13,BRG_040,2,1,26952.0
P06CV13,BRG_040,3,1,28716.0
P06CV13,BRG_040,4,0,24588.0
P06CV13,BRG_041,0,1,44160.0
P06CV13,BRG_041,1,1,67332.0
P06CV13,BRG_041,2,1,19044.0
P06CV13,BRG_041,3,1,28164.0
P06CV13,BRG_041,4,0,4776.0
P06CV13,BRG_042,0,1,27432.0
P06CV13,BRG_042,1,1,30024.0
P06CV13,BRG_042,2,1,50148.0
P06CV13,BRG_042,3,1,18528.0
P06CV13,BRG_042,4,0,37344.0
P06CV13,BRG_043,0,1,18072.0
P06CV13,BRG_043,1,1,50676.0
P06CV13,BRG_043,2,1,62388.0
P06CV13,BRG_043,3,1,29316.0
P06CV13,BRG_043,4,0,3024.0
P06CV13,BRG_044,0,1,20544.0
P06CV13,BRG_044,1,1,53676.0
P06CV13,BRG_044,2,1,26148.0
P06CV13,BRG_044,3,1,31776.0
P06CV13,BRG_044,4,0,31332.0
P06CV13,BRG_045,0,1,54768.0
P06CV13,BRG_045,1,1,47976.0
P06CV13,BRG_045,2,1,37764.0
P06CV13,BRG_045,3,1,13008.0
P06CV13,BRG_045,4,0,9960.0
P06CV13,BRG_046,0,1,43548.0
P06CV13,BRG_046,1,1,44808.0
P06CV13,BRG_046,2,1,4800.0
P06CV13,BRG_046,3,1,39588.0
P06CV13,BRG_046,4,1,27408.0
P06CV13,BRG_046,5,0,3324.0
P06CV13,BRG_047,0,1,65340.0
P06CV13,BRG_047,1,1,35700.0
P06CV13,BRG_047,2,1,45504.0
P06CV13,BRG_047,3,0,16932.0
P06CV13,BRG_048,0,1,61452.0
P06CV13,BRG_048,1,1,35076.0
P06CV13,BRG_048,2,1,13368.0
P06CV13,BRG_048,3,1,25908.0
P06CV13,BRG_048,4,0,27672.0
P06CV13,BRG_049,0,1,54372.0
P06CV13,BRG_049,1,1,29856.0
P06CV13,BRG_049,2,1,40692.0
P06CV13,BRG_049,3,1,27132.0
P06CV13,BRG_049,4,1,8112.0
P06CV13,BRG_049,5,0,3312.0
P06CV13,BRG_050,0,1,44052.0
P06CV13,BRG_050,1,1,44532.0
P06CV13,BRG_050,2,1,31836.0
P06CV13,BRG_050,3,0,43056.0
P06CV13,BRG_051,0,1,26904.0
P06CV13,BRG_051,1,1,27360.0
P06CV13,BRG_051,2,1,36504.0
P06CV13,BRG_051,3,1,44508.0
P06CV13,BRG_051,4,1,23700.0
P06CV13,BRG_051,5,0,4500.0
P06CV13,BRG_052,0,1,46032.0
P06CV13,BRG_052,1,1,47544.0
P06CV13,BRG_052,2,1,40992.0
P06CV13,BRG_052,3,0,28908.0
P06CV13,BRG_053,0,1,34296.0
P06CV13,BRG_053,1,1,34968.0
P06CV13,BRG_053,2,1,21132.0
P06CV13,BRG_053,3,1,25896.0
P06CV13,BRG_053,4,1,16680.0
P06CV13,BRG_053,5,0,30504.0
P06CV13,BRG_054,0,1,21324.0
P06CV13,BRG_054,1,1,38784.0
P06CV13,BRG_054,2,1,20088.0
P06CV13,BRG_054,3,1,44400.0
P06CV13,BRG_054,4,1,27396.0
P06CV13,BRG_054,5,0,11484.0
P06CV13,BRG_055,0,1,47964.0
P06CV13,BRG_055,1,1,25296.0
P06CV13,BRG_055,2,1,53592.0
P06CV13,BRG_055,3,0,36624.0
P06CV13,BRG_056,0,1,54804.0
P06CV13,BRG_056,1,1,51060.0
P06CV13,BRG_056,2,1,33948.0
P06CV13,BRG_056,3,0,23664.0
P06CV13,BRG_057,0,1,28704.0
P06CV13,BRG_057,1,1,50040.0
P06CV13,BRG_057,2,1,24684.0
P06CV13,BRG_057,3,1,16200.0
P06CV13,BRG_057,4,1,23676.0
P06CV13,BRG_057,5,1,18816.0
P06CV13,BRG_057,6,0,1356.0
P06CV13,BRG_058,0,1,64104.0
P06CV13,BRG_058,1,1,28608.0
P06CV13,BRG_058,2,1,34416.0
P06CV13,BRG_058,3,0,36348.0
P06CV13,BRG_059,0,1,44736.0
P06CV13,BRG_059,1,1,28488.0
P06CV13,BRG_059,2,1,42504.0
P06CV13,BRG_059,3,1,37524.0
P06CV13,BRG_059,4,0,10224.0
P06CV13,BRG_060,0,1,23340.0
P06CV13,BRG_060,1,1,32796.0
P06CV13,BRG_060,2,1,15060.0
P06CV13,BRG_060,3,1,23544.0
P06CV13,BRG_060,4,1,52620.0
P06CV13,BRG_060,5,0,16116.0
P06CV13,BRG_061,0,1,36288.0
P06CV13,BRG_061,1,1,34248.0
P06CV13,BRG_061,2,1,47952.0
P06CV13,BRG_061,3,1,25884.0
P06CV13,BRG_061,4,0,19104.0
P06CV13,BRG_062,0,1,32568.0
P06CV13,BRG_062,1,1,35088.0
P06CV13,BRG_062,2,1,54060.0
P06CV13,BRG_062,3,1,8532.0
P06CV13,BRG_062,4,1,25752.0
P06CV13,BRG_062,5,0,7476.0
P06CV14,BRG_001,0,1,27984.0
P06CV14,BRG_001,1,1,62004.0
P06CV14,BRG_001,2,1,32388.0
P06CV14,BRG_001,3,0,40956.0
P06CV14,BRG_002,0,1,25308.0
P06CV14,BRG_002,1,1,24540.0
P06CV14,BRG_002,2,1,50772.0
P06CV14,BRG_002,3,1,40092.0
P06CV14,BRG_002,4,0,22620.0
P06CV14,BRG_003,0,1,56820.0
P06CV14,BRG_003,1,1,42984.0
P06CV14,BRG_003,2,1,37248.0
P06CV14,BRG_003,3,0,26280.0
P06CV14,BRG_004,0,1,16224.0
P06CV14,BRG_004,1,1,28704.0
P06CV14,BRG_004,2,1,17232.0
P06CV14,BRG_004,3,1,17244.0
P06CV14,BRG_004,4,1,61440.0
P06CV14,BRG_004,5,0,22488.0
P06CV14,BRG_005,0,1,42276.0
P06CV14,BRG_005,1,1,32544.0
P06CV14,BRG_005,2,1,50220.0
P06CV14,BRG_005,3,0,38292.0
P06CV14,BRG_006,0,1,46152.0
P06CV14,BRG_006,1,1,57924.0
P06CV14,BRG_006,2,1,48060.0
P06CV14,BRG_006,3,0,11196.0
P06CV14,BRG_007,0,1,21636.0
P06CV14,BRG_007,1,1,32424.0
P06CV14,BRG_007,2,1,51396.0
P06CV14,BRG_007,3,1,28068.0
P06CV14,BRG_007,4,0,29808.0
P06CV14,BRG_008,0,1,29964.0
P06CV14,BRG_008,1,1,54588.0
P06CV14,BRG_008,2,1,32808.0
P06CV14,BRG_008,3,1,20076.0
P06CV14,BRG_008,4,0,25896.0
P06CV14,BRG_009,0,1,51408.0
P06CV14,BRG_009,1,1,36012.0
P06CV14,BRG_009,2,1,25500.0
P06CV14,BRG_009,3,1,23160.0
P06CV14,BRG_009,4,0,27252.0
P06CV14,BRG_010,0,1,25692.0
P06CV14,BRG_010,1,1,9156.0
P06CV14,BRG_010,2,1,33240.0
P06CV14,BRG_010,3,1,35376.0
P06CV14,BRG_010,4,1,21660.0
P06CV14,BRG_010,5,0,38208.0
P06CV14,BRG_011,0,1,36480.0
P06CV14,BRG_011,1,1,18600.0
P06CV14,BRG_011,2,1,35616.0
P06CV14,BRG_011,3,1,36540.0
P06CV14,BRG_011,4,1,11724.0
P06CV14,BRG_011,5,0,24372.0
P06CV14,BRG_012,0,1,27468.0
P06CV14,BRG_012,1,1,54168.0
P06CV14,BRG_012,2,1,31548.0
P06CV14,BRG_012,3,0,50148.0
P06CV14,BRG_013,0,1,29832.0
P06CV14,BRG_013,1,1,38880.0
P06CV14,BRG_013,2,1,50748.0
P06CV14,BRG_013,3,0,43872.0
P06CV14,BRG_014,0,1,67344.0
P06CV14,BRG_014,1,1,46140.0
P06CV14,BRG_014,2,1,37428.0
P06CV14,BRG_014,3,0,12420.0
P06CV14,BRG_015,0,1,30048.0
P06CV14,BRG_015,1,1,45552.0
P06CV14,BRG_015,2,1,29256.0
P06CV14,BRG_015,3,1,29844.0
P06CV14,BRG_015,4,0,28632.0
P06CV14,BRG_016,0,1,32988.0
P06CV14,BRG_016,1,1,19032.0
P06CV14,BRG_016,2,1,50040.0
P06CV14,BRG_016,3,1,39660.0
P06CV14,BRG_016,4,0,21612.0
P06CV14,BRG_017,0,1,23136.0
P06CV14,BRG_017,1,1,26316.0
P06CV14,BRG_017,2,1,35544.0
P06CV14,BRG_017,3,1,58176.0
P06CV14,BRG_017,4,0,20160.0
P06CV14,BRG_018,0,1,41964.0
P06CV14,BRG_018,1,1,75408.0
P06CV14,BRG_018,2,1,24000.0
P06CV14,BRG_018,3,0,21960.0
P06CV14,BRG_019,0,1,18396.0
P06CV14,BRG_019,1,1,18648.0
P06CV14,BRG_019,2,1,26748.0
P06CV14,BRG_019,3,1,31392.0
P06CV14,BRG_019,4,1,38580.0
P06CV14,BRG_019,5,1,18048.0
P06CV14,BRG_019,6,0,11520.0
P06CV14,BRG_020,0,1,36636.0
P06CV14,BRG_020,1,1,51852.0
P06CV14,BRG_020,2,1,29796.0
P06CV14,BRG_020,3,1,22620.0
P06CV14,BRG_020,4,0,22428.0
P06CV14,BRG_021,0,1,60192.0
P06CV14,BRG_021,1,1,30636.0
P06CV14,BRG_021,2,1,48168.0
P06CV14,BRG_021,3,0,24336.0
P06CV14,BRG_022,0,1,39144.0
P06CV14,BRG_022,1,1,53976.0
P06CV14,BRG_022,2,1,17796.0
P06CV14,BRG_022,3,1,42864.0
P06CV14,BRG_022,4,0,9552.0
P06CV14,BRG_023,0,1,22500.0
P06CV14,BRG_023,1,1,61512.0
P06CV14,BRG_023,2,1,21480.0
P06CV14,BRG_023,3,1,14508.0
P06CV14,BRG_023,4,0,43332.0
P06CV14,BRG_024,0,1,31452.0
P06CV14,BRG_024,1,1,64212.0
P06CV14,BRG_024,2,1,31608.0
P06CV14,BRG_024,3,1,15840.0
P06CV14,BRG_024,4,0,20220.0
P06CV14,BRG_025,0,1,47676.0
P06CV14,BRG_025,1,1,36012.0
P06CV14,BRG_025,2,1,36672.0
P06CV14,BRG_025,3,0,42972.0
P06CV14,BRG_026,0,1,12108.0
P06CV14,BRG_026,1,1,35028.0
P06CV14,BRG_026,2,1,33636.0
P06CV14,BRG_026,3,1,54180.0
P06CV14,BRG_026,4,0,28380.0
P06CV14,BRG_027,0,1,26664.0
P06CV14,BRG_027,1,1,32916.0
P06CV14,BRG_027,2,1,54492.0
P06CV14,BRG_027,3,1,25164.0
P06CV14,BRG_027,4,0,24096.0
P06CV14,BRG_028,0,1,28656.0
P06CV14,BRG_028,1,1,18228.0
P06CV14,BRG_028,2,1,47832.0
P06CV14,BRG_028,3,1,31404.0
P06CV14,BRG_028,4,0,37212.0
P06CV14,BRG_029,0,1,58644.0
P06CV14,BRG_029,1,1,42600.0
P06CV14,BRG_029,2,1,46092.0
P06CV14,BRG_029,3,0,15996.0
P06CV14,BRG_030,0,1,37308.0
P06CV14,BRG_030,1,1,50496.0
P06CV14,BRG_030,2,1,46320.0
P06CV14,BRG_030,3,0,29208.0
P06CV14,BRG_031,0,1,35652.0
P06CV14,BRG_031,1,1,31860.0
P06CV14,BRG_031,2,1,47916.0
P06CV14,BRG_031,3,1,14376.0
P06CV14,BRG_031,4,0,33528.0
P06CV14,BRG_032,0,1,28920.0
P06CV14,BRG_032,1,1,21468.0
P06CV14,BRG_032,2,1,47484.0
P06CV14,BRG_032,3,1,36432.0
P06CV14,BRG_032,4,1,28056.0
P06CV14,BRG_032,5,0,972.0
P06CV14,BRG_033,0,1,28764.0
P06CV14,BRG_033,1,1,48912.0
P06CV14,BRG_033,2,1,19728.0
P06CV14,BRG_033,3,1,32532.0
P06CV14,BRG_033,4,1,29304.0
P06CV14,BRG_033,5,0,4092.0
P06CV14,BRG_034,0,1,29556.0
P06CV14,BRG_034,1,1,25068.0
P06CV14,BRG_034,2,1,26448.0
P06CV14,BRG_034,3,1,29256.0
P06CV14,BRG_034,4,1,29856.0
P06CV14,BRG_034,5,0,23148.0
P06CV14,BRG_035,0,1,40488.0
P06CV14,BRG_035,1,1,28392.0
P06CV14,BRG_035,2,1,20508.0
P06CV14,BRG_035,3,1,29748.0
P06CV14,BRG_035,4,1,32940.0
P06CV14,BRG_035,5,0,11256.0
P06CV14,BRG_036,0,1,37056.0
P06CV14,BRG_036,1,1,25668.0
P06CV14,BRG_036,2,1,14844.0
P06CV14,BRG_036,3,1,52452.0
P06CV14,BRG_036,4,0,33312.0
P06CV14,BRG_037,0,1,28044.0
P06CV14,BRG_037,1,1,30636.0
P06CV14,BRG_037,2,1,39924.0
P06CV14,BRG_037,3,1,53688.0
P06CV14,BRG_037,4,0,11040.0
P06CV14,BRG_038,0,1,10248.0
P06CV14,BRG_038,1,1,38472.0
P06CV14,BRG_038,2,1,31848.0
P06CV14,BRG_038,3,1,41196.0
P06CV14,BRG_038,4,1,13992.0
P06CV14,BRG_038,5,1,26328.0
P06CV14,BRG_038,6,0,1248.0
P06CV14,BRG_039,0,1,53640.0
P06CV14,BRG_039,1,1,34128.0
P06CV14,BRG_039,2,1,26604.0
P06CV14,BRG_039,3,1,27768.0
P06CV14,BRG_039,4,0,21192.0
P06CV14,BRG_040,0,1,37008.0
P06CV14,BRG_040,1,1,29220.0
P06CV14,BRG_040,2,1,43260.0
P06CV14,BRG_040,3,1,29664.0
P06CV14,BRG_040,4,0,24180.0
P06CV14,BRG_041,0,1,28968.0
P06CV14,BRG_041,1,1,36228.0
P06CV14,BRG_041,2,1,49092.0
P06CV14,BRG_041,3,1,17676.0
P06CV14,BRG_041,4,1,25236.0
P06CV14,BRG_041,5,0,6132.0
P06CV14,BRG_042,0,1,24384.0
P06CV14,BRG_042,1,1,26796.0
P06CV14,BRG_042,2,1,16344.0
P06CV14,BRG_042,3,1,22212.0
P06CV14,BRG_042,4,1,13980.0
P06CV14,BRG_042,5,1,59232.0
P06CV14,BRG_042,6,0,384.0
P06CV14,BRG_043,0,1,36144.0
P06CV14,BRG_043,1,1,24912.0
P06CV14,BRG_043,2,1,36024.0
P06CV14,BRG_043,3,1,29268.0
P06CV14,BRG_043,4,0,36984.0
P06CV14,BRG_044,0,1,50232.0
P06CV14,BRG_044,1,1,28476.0
P06CV14,BRG_044,2,1,41616.0
P06CV14,BRG_044,3,0,43008.0
P06CV14,BRG_045,0,1,65448.0
P06CV14,BRG_045,1,1,38328.0
P06CV14,BRG_045,2,1,51888.0
P06CV14,BRG_045,3,0,7668.0
P06CV14,BRG_046,0,1,32112.0
P06CV14,BRG_046,1,1,20496.0
P06CV14,BRG_046,2,1,26760.0
P06CV14,BRG_046,3,1,38736.0
P06CV14,BRG_046,4,1,27432.0
P06CV14,BRG_046,5,0,17796.0
P06CV14,BRG_047,0,1,51840.0
P06CV14,BRG_047,1,1,24456.0
P06CV14,BRG_047,2,1,50208.0
P06CV14,BRG_047,3,1,20412.0
P06CV14,BRG_047,4,0,16416.0
P06CV14,BRG_048,0,1,34788.0
P06CV14,BRG_048,1,1,41952.0
P06CV14,BRG_048,2,1,25260.0
P06CV14,BRG_048,3,1,51288.0
P06CV14,BRG_048,4,0,10044.0
P06CV14,BRG_049,0,1,46140.0
P06CV14,BRG_049,1,1,35508.0
P06CV14,BRG_049,2,1,34032.0
P06CV14,BRG_049,3,1,36000.0
P06CV14,BRG_049,4,0,11652.0
P06CV14,BRG_050,0,1,33120.0
P06CV14,BRG_050,1,1,28212.0
P06CV14,BRG_050,2,1,14928.0
P06CV14,BRG_050,3,1,7080.0
P06CV14,BRG_050,4,1,41232.0
P06CV14,BRG_050,5,0,38760.0
P06CV14,BRG_051,0,1,30948.0
P06CV14,BRG_051,1,1,29256.0
P06CV14,BRG_051,2,1,56352.0
P06CV14,BRG_051,3,1,31848.0
P06CV14,BRG_051,4,0,14928.0
P06CV14,BRG_052,0,1,28932.0
P06CV14,BRG_052,1,1,44004.0
P06CV14,BRG_052,2,1,58152.0
P06CV14,BRG_052,3,1,24852.0
P06CV14,BRG_052,4,0,7392.0
P06CV14,BRG_053,0,1,22320.0
P06CV14,BRG_053,1,1,46260.0
P06CV14,BRG_053,2,1,41496.0
P06CV14,BRG_053,3,1,45216.0
P06CV14,BRG_053,4,0,8040.0
P06CV14,BRG_054,0,1,19872.0
P06CV14,BRG_054,1,1,40824.0
P06CV14,BRG_054,2,1,56436.0
P06CV14,BRG_054,3,1,37128.0
P06CV14,BRG_054,4,0,9072.0
P06CV14,BRG_055,0,1,50928.0
P06CV14,BRG_055,1,1,17868.0
P06CV14,BRG_055,2,1,33048.0
P06CV14,BRG_055,3,1,31032.0
P06CV14,BRG_055,4,0,30456.0
P06CV14,BRG_056,0,1,25488.0
P06CV14,BRG_056,1,1,54216.0
P06CV14,BRG_056,2,1,18420.0
P06CV14,BRG_056,3,1,49848.0
P06CV14,BRG_056,4,1,13812.0
P06CV14,BRG_056,5,0,1548.0
P06CV14,BRG_057,0,1,41664.0
P06CV14,BRG_057,1,1,56904.0
P06CV14,BRG_057,2,1,25632.0
P06CV14,BRG_057,3,1,29808.0
P06CV14,BRG_057,4,0,9324.0
P06CV14,BRG_058,0,1,28356.0
P06CV14,BRG_058,1,1,43188.0
P06CV14,BRG_058,2,1,23676.0
P06CV14,BRG_058,3,1,27456.0
P06CV14,BRG_058,4,1,27300.0
P06CV14,BRG_058,5,0,13356.0
P06CV14,BRG_059,0,1,21060.0
P06CV14,BRG_059,1,1,57300.0
P06CV14,BRG_059,2,1,38712.0
P06CV14,BRG_059,3,1,5904.0
P06CV14,BRG_059,4,0,40356.0
P06CV14,BRG_060,0,1,30984.0
P06CV14,BRG_060,1,1,29988.0
P06CV14,BRG_060,2,1,41268.0
P06CV14,BRG_060,3,1,10692.0
P06CV14,BRG_060,4,1,42132.0
P06CV14,BRG_060,5,0,8268.0
P06CV14,BRG_061,0,1,39708.0
P06CV14,BRG_061,1,1,40392.0
P06CV14,BRG_061,2,1,43176.0
P06CV14,BRG_061,3,0,40056.0
P06CV14,BRG_062,0,1,23892.0
P06CV14,BRG_062,1,1,48816.0
P06CV14,BRG_062,2,1,30120.0
P06CV14,BRG_062,3,1,49116.0
P06CV14,BRG_062,4,0,11388.0
P06CV15,BRG_001,0,1,58596.0
P06CV15,BRG_001,1,1,27552.0
P06CV15,BRG_001,2,1,36336.0
P06CV15,BRG_001,3,1,13752.0
P06CV15,BRG_001,4,0,27672.0
P06CV15,BRG_002,0,1,47568.0
P06CV15,BRG_002,1,1,37200.0
P06CV15,BRG_002,2,1,14256.0
P06CV15,BRG_002,3,1,14220.0
P06CV15,BRG_002,4,1,27420.0
P06CV15,BRG_002,5,0,23244.0
P06CV15,BRG_003,0,1,40608.0
P06CV15,BRG_003,1,1,18372.0
P06CV15,BRG_003,2,1,49068.0
P06CV15,BRG_003,3,1,43896.0
P06CV15,BRG_003,4,0,11964.0
P06CV15,BRG_004,0,1,29880.0
P06CV15,BRG_004,1,1,34824.0
P06CV15,BRG_004,2,1,27672.0
P06CV15,BRG_004,3,1,14280.0
P06CV15,BRG_004,4,1,38136.0
P06CV15,BRG_004,5,0,19116.0
P06CV15,BRG_005,0,1,33204.0
P06CV15,BRG_005,1,1,29856.0
P06CV15,BRG_005,2,1,30828.0
P06CV15,BRG_005,3,1,8148.0
P06CV15,BRG_005,4,1,58092.0
P06CV15,BRG_005,5,0,3780.0
P06CV15,BRG_006,0,1,23256.0
P06CV15,BRG_006,1,1,22332.0
P06CV15,BRG_006,2,1,43452.0
P06CV15,BRG_006,3,1,30804.0
P06CV15,BRG_006,4,1,22596.0
P06CV15,BRG_006,5,0,21468.0
P06CV15,BRG_007,0,1,48012.0
P06CV15,BRG_007,1,1,13236.0
P06CV15,BRG_007,2,1,30960.0
P06CV15,BRG_007,3,1,59532.0
P06CV15,BRG_007,4,0,12168.0
P06CV15,BRG_008,0,1,26964.0
P06CV15,BRG_008,1,1,82284.0
P06CV15,BRG_008,2,1,43680.0
P06CV15,BRG_008,3,0,10980.0
P06CV15,BRG_009,0,1,50940.0
P06CV15,BRG_009,1,1,30072.0
P06CV15,BRG_009,2,1,22236.0
P06CV15,BRG_009,3,1,59616.0
P06CV15,BRG_009,4,0,1044.0
P06CV15,BRG_010,0,1,31692.0
P06CV15,BRG_010,1,1,34344.0
P06CV15,BRG_010,2,1,38412.0
P06CV15,BRG_010,3,1,22752.0
P06CV15,BRG_010,4,0,36708.0
P06CV15,BRG_011,0,1,40980.0
P06CV15,BRG_011,1,1,31956.0
P06CV15,BRG_011,2,1,36660.0
P06CV15,BRG_011,3,1,24096.0
P06CV15,BRG_011,4,0,30216.0
P06CV15,BRG_012,0,1,58656.0
P06CV15,BRG_012,1,1,37068.0
P06CV15,BRG_012,2,1,51312.0
P06CV15,BRG_012,3,0,16872.0
P06CV15,BRG_013,0,1,38868.0
P06CV15,BRG_013,1,1,39924.0
P06CV15,BRG_013,2,1,32844.0
P06CV15,BRG_013,3,1,13920.0
P06CV15,BRG_013,4,0,38352.0
P06CV15,BRG_014,0,1,71676.0
P06CV15,BRG_014,1,1,29472.0
P06CV15,BRG_014,2,1,54636.0
P06CV15,BRG_014,3,0,8124.0
P06CV15,BRG_015,0,1,47736.0
P06CV15,BRG_015,1,1,59292.0
P06CV15,BRG_015,2,1,15276.0
P06CV15,BRG_015,3,0,41604.0
P06CV15,BRG_016,0,1,26760.0
P06CV15,BRG_016,1,1,25236.0
P06CV15,BRG_016,2,1,29772.0
P06CV15,BRG_016,3,1,31020.0
P06CV15,BRG_016,4,0,51120.0
P06CV15,BRG_017,0,1,36012.0
P06CV15,BRG_017,1,1,13692.0
P06CV15,BRG_017,2,1,35976.0
P06CV15,BRG_017,3,1,58752.0
P06CV15,BRG_017,4,0,19476.0
P06CV15,BRG_018,0,1,47784.0
P06CV15,BRG_018,1,1,41016.0
P06CV15,BRG_018,2,1,35160.0
P06CV15,BRG_018,3,1,16692.0
P06CV15,BRG_018,4,0,23256.0
P06CV15,BRG_019,0,1,54300.0
P06CV15,BRG_019,1,1,46320.0
P06CV15,BRG_019,2,1,30336.0
P06CV15,BRG_019,3,0,32952.0
P06CV15,BRG_020,0,1,34320.0
P06CV15,BRG_020,1,1,38988.0
P06CV15,BRG_020,2,1,47376.0
P06CV15,BRG_020,3,1,34752.0
P06CV15,BRG_020,4,0,8472.0
P06CV15,BRG_021,0,1,49848.0
P06CV15,BRG_021,1,1,57240.0
P06CV15,BRG_021,2,1,56676.0
P06CV15,BRG_021,3,0,144.0
P06CV15,BRG_022,0,1,48948.0
P06CV15,BRG_022,1,1,57240.0
P06CV15,BRG_022,2,1,20820.0
P06CV15,BRG_022,3,1,31524.0
P06CV15,BRG_022,4,0,5376.0
P06CV15,BRG_023,0,1,4608.0
P06CV15,BRG_023,1,1,52812.0
P06CV15,BRG_023,2,1,19836.0
P06CV15,BRG_023,3,1,45084.0
P06CV15,BRG_023,4,1,33480.0
P06CV15,BRG_023,5,0,8088.0
P06CV15,BRG_024,0,1,31428.0
P06CV15,BRG_024,1,1,55776.0
P06CV15,BRG_024,2,1,46404.0
P06CV15,BRG_024,3,0,30300.0
P06CV15,BRG_025,0,1,42756.0
P06CV15,BRG_025,1,1,65112.0
P06CV15,BRG_025,2,1,36408.0
P06CV15,BRG_025,3,0,19632.0
P06CV15,BRG_026,0,1,48840.0
P06CV15,BRG_026,1,1,34764.0
P06CV15,BRG_026,2,1,52056.0
P06CV15,BRG_026,3,0,28248.0
P06CV15,BRG_027,0,1,41520.0
P06CV15,BRG_027,1,1,54996.0
P06CV15,BRG_027,2,1,40332.0
P06CV15,BRG_027,3,0,27060.0
P06CV15,BRG_028,0,1,36612.0
P06CV15,BRG_028,1,1,34548.0
P06CV15,BRG_028,2,1,21204.0
P06CV15,BRG_028,3,1,28068.0
P06CV15,BRG_028,4,1,31008.0
P06CV15,BRG_028,5,0,12468.0
P06CV15,BRG_029,0,1,42648.0
P06CV15,BRG_029,1,1,31176.0
P06CV15,BRG_029,2,1,1944.0
P06CV15,BRG_029,3,1,18828.0
P06CV15,BRG_029,4,1,34824.0
P06CV15,BRG_029,5,0,34488.0
P06CV15,BRG_030,0,1,31656.0
P06CV15,BRG_030,1,1,38532.0
P06CV15,BRG_030,2,1,41364.0
P06CV15,BRG_030,3,1,22944.0
P06CV15,BRG_030,4,0,29412.0
P06CV15,BRG_031,0,1,41856.0
P06CV15,BRG_031,1,1,24960.0
P06CV15,BRG_031,2,1,26460.0
P06CV15,BRG_031,3,1,25044.0
P06CV15,BRG_031,4,1,9372.0
P06CV15,BRG_031,5,0,36216.0
P06CV15,BRG_032,0,1,10200.0
P06CV15,BRG_032,1,1,44136.0
P06CV15,BRG_032,2,1,48612.0
P06CV15,BRG_032,3,1,38136.0
P06CV15,BRG_032,4,0,22824.0
P06CV15,BRG_033,0,1,28356.0
P06CV15,BRG_033,1,1,19416.0
P06CV15,BRG_033,2,1,39300.0
P06CV15,BRG_033,3,1,36804.0
P06CV15,BRG_033,4,0,40032.0
P06CV15,BRG_034,0,1,38280.0
P06CV15,BRG_034,1,1,50532.0
P06CV15,BRG_034,2,1,55728.0
P06CV15,BRG_034,3,0,19368.0
P06CV15,BRG_035,0,1,44772.0
P06CV15,BRG_035,1,1,55380.0
P06CV15,BRG_035,2,1,21144.0
P06CV15,BRG_035,3,1,28752.0
P06CV15,BRG_035,4,0,13860.0
P06CV15,BRG_036,0,1,47580.0
P06CV15,BRG_036,1,1,48684.0
P06CV15,BRG_036,2,1,58968.0
P06CV15,BRG_036,3,0,8676.0
P06CV15,BRG_037,0,1,12552.0
P06CV15,BRG_037,1,1,32352.0
P06CV15,BRG_037,2,1,40452.0
P06CV15,BRG_037,3,1,65388.0
P06CV15,BRG_037,4,0,13164.0
P06CV15,BRG_038,0,1,33120.0
P06CV15,BRG_038,1,1,10500.0
P06CV15,BRG_038,2,1,27768.0
P06CV15,BRG_038,3,1,32184.0
P06CV15,BRG_038,4,1,39336.0
P06CV15,BRG_038,5,0,21000.0
P06CV15,BRG_039,0,1,60612.0
P06CV15,BRG_039,1,1,26916.0
P06CV15,BRG_039,2,1,38880.0
P06CV15,BRG_039,3,0,37500.0
P06CV15,BRG_040,0,1,29796.0
P06CV15,BRG_040,1,1,39252.0
P06CV15,BRG_040,2,1,10164.0
P06CV15,BRG_040,3,1,51636.0
P06CV15,BRG_040,4,0,33060.0
P06CV15,BRG_041,0,1,29376.0
P06CV15,BRG_041,1,1,40284.0
P06CV15,BRG_041,2,1,42948.0
P06CV15,BRG_041,3,1,35124.0
P06CV15,BRG_041,4,0,16176.0
P06CV15,BRG_042,0,1,19608.0
P06CV15,BRG_042,1,1,21948.0
P06CV15,BRG_042,2,1,41772.0
P06CV15,BRG_042,3,1,43092.0
P06CV15,BRG_042,4,0,37488.0
P06CV15,BRG_043,0,1,20796.0
P06CV15,BRG_043,1,1,34872.0
P06CV15,BRG_043,2,1,28260.0
P06CV15,BRG_043,3,1,32724.0
P06CV15,BRG_043,4,0,47256.0
P06CV15,BRG_044,0,1,31764.0
P06CV15,BRG_044,1,1,15312.0
P06CV15,BRG_044,2,1,41688.0
P06CV15,BRG_044,3,1,45036.0
P06CV15,BRG_044,4,0,30108.0
P06CV15,BRG_045,0,1,40452.0
P06CV15,BRG_045,1,1,30432.0
P06CV15,BRG_045,2,1,38352.0
P06CV15,BRG_045,3,1,19428.0
P06CV15,BRG_045,4,0,35244.0
P06CV15,BRG_046,0,1,51624.0
P06CV15,BRG_046,1,1,22404.0
P06CV15,BRG_046,2,1,64224.0
P06CV15,BRG_046,3,0,25656.0
P06CV15,BRG_047,0,1,33672.0
P06CV15,BRG_047,1,1,48852.0
P06CV15,BRG_047,2,1,35544.0
P06CV15,BRG_047,3,1,29844.0
P06CV15,BRG_047,4,0,15996.0
P06CV15,BRG_048,0,1,43152.0
P06CV15,BRG_048,1,1,32160.0
P06CV15,BRG_048,2,1,38232.0
P06CV15,BRG_048,3,1,22752.0
P06CV15,BRG_048,4,0,27612.0
P06CV15,BRG_049,0,1,59976.0
P06CV15,BRG_049,1,1,27756.0
P06CV15,BRG_049,2,1,43596.0
P06CV15,BRG_049,3,1,30804.0
P06CV15,BRG_049,4,0,1776.0
P06CV15,BRG_050,0,1,56220.0
P06CV15,BRG_050,1,1,32832.0
P06CV15,BRG_050,2,1,45960.0
P06CV15,BRG_050,3,1,19440.0
P06CV15,BRG_050,4,0,9456.0
P06CV15,BRG_051,0,1,44232.0
P06CV15,BRG_051,1,1,58224.0
P06CV15,BRG_051,2,1,20688.0
P06CV15,BRG_051,3,0,40764.0
P06CV15,BRG_052,0,1,50640.0
P06CV15,BRG_052,1,1,62988.0
P06CV15,BRG_052,2,1,37104.0
P06CV15,BRG_052,3,0,13176.0
P06CV15,BRG_053,0,1,23988.0
P06CV15,BRG_053,1,1,52752.0
P06CV15,BRG_053,2,1,25044.0
P06CV15,BRG_053,3,1,45696.0
P06CV15,BRG_053,4,0,16428.0
P06CV15,BRG_054,0,1,42228.0
P06CV15,BRG_054,1,1,42480.0
P06CV15,BRG_054,2,1,46824.0
P06CV15,BRG_054,3,1,23280.0
P06CV15,BRG_054,4,0,9096.0
P06CV15,BRG_055,0,1,34068.0
P06CV15,BRG_055,1,1,55116.0
P06CV15,BRG_055,2,1,26472.0
P06CV15,BRG_055,3,1,46776.0
P06CV15,BRG_055,4,0,1476.0
P06CV15,BRG_056,0,1,15636.0
P06CV15,BRG_056,1,1,34152.0
P06CV15,BRG_056,2,1,25872.0
P06CV15,BRG_056,3,1,34932.0
P06CV15,BRG_056,4,1,49404.0
P06CV15,BRG_056,5,0,3912.0
P06CV15,BRG_057,0,1,39000.0
P06CV15,BRG_057,1,1,48792.0
P06CV15,BRG_057,2,1,47496.0
P06CV15,BRG_057,3,1,21912.0
P06CV15,BRG_057,4,0,6708.0
P06CV15,BRG_058,0,1,69792.0
P06CV15,BRG_058,1,1,43224.0
P06CV15,BRG_058,2,1,46896.0
P06CV15,BRG_058,3,0,3996.0
P06CV15,BRG_059,0,1,17160.0
P06CV15,BRG_059,1,1,19440.0
P06CV15,BRG_059,2,1,31212.0
P06CV15,BRG_059,3,1,48540.0
P06CV15,BRG_059,4,1,35820.0
P06CV15,BRG_059,5,0,11736.0
P06CV15,BRG_060,0,1,58176.0
P06CV15,BRG_060,1,1,36432.0
P06CV15,BRG_060,2,1,30168.0
P06CV15,BRG_060,3,0,39132.0
P06CV15,BRG_061,0,1,52536.0
P06CV15,BRG_061,1,1,39108.0
P06CV15,BRG_061,2,1,30780.0
P06CV15,BRG_061,3,0,41484.0
P06CV15,BRG_062,0,1,54372.0
P06CV15,BRG_062,1,1,56304.0
P06CV15,BRG_062,2,1,43440.0
P06CV15,BRG_062,3,0,9792.0
P06CV16,BRG_001,0,1,40908.0
P06CV16,BRG_001,1,1,12780.0
P06CV16,BRG_001,2,1,60852.0
P06CV16,BRG_001,3,0,49464.0
P06CV16,BRG_002,0,1,25344.0
P06CV16,BRG_002,1,1,26208.0
P06CV16,BRG_002,2,1,27120.0
P06CV16,BRG_002,3,1,57828.0
P06CV16,BRG_002,4,0,27504.0
P06CV16,BRG_003,0,1,36708.0
P06CV16,BRG_003,1,1,22368.0
P06CV16,BRG_003,2,1,26844.0
P06CV16,BRG_003,3,1,56952.0
P06CV16,BRG_003,4,0,21132.0
P06CV16,BRG_004,0,1,45396.0
P06CV16,BRG_004,1,1,44268.0
P06CV16,BRG_004,2,1,35136.0
P06CV16,BRG_004,3,0,39204.0
P06CV16,BRG_005,0,1,46500.0
P06CV16,BRG_005,1,1,49104.0
P06CV16,BRG_005,2,1,29016.0
P06CV16,BRG_005,3,1,33168.0
P06CV16,BRG_005,4,0,6216.0
P06CV16,BRG_006,0,1,46104.0
P06CV16,BRG_006,1,1,25488.0
P06CV16,BRG_006,2,1,29376.0
P06CV16,BRG_006,3,1,36756.0
P06CV16,BRG_006,4,1,18912.0
P06CV16,BRG_006,5,0,7368.0
P06CV16,BRG_007,0,1,40128.0
P06CV16,BRG_007,1,1,37104.0
P06CV16,BRG_007,2,1,53988.0
P06CV16,BRG_007,3,0,32784.0
P06CV16,BRG_008,0,1,55296.0
P06CV16,BRG_008,1,1,46392.0
P06CV16,BRG_008,2,0,62316.0
P06CV16,BRG_009,0,1,7044.0
P06CV16,BRG_009,1,1,36084.0
P06CV16,BRG_009,2,1,24300.0
P06CV16,BRG_009,3,1,39876.0
P06CV16,BRG_009,4,1,30000.0
P06CV16,BRG_009,5,0,26700.0
P06CV16,BRG_010,0,1,30000.0
P06CV16,BRG_010,1,1,32988.0
P06CV16,BRG_010,2,1,12300.0
P06CV16,BRG_010,3,1,66888.0
P06CV16,BRG_010,4,0,21828.0
P06CV16,BRG_011,0,1,38772.0
P06CV16,BRG_011,1,1,22464.0
P06CV16,BRG_011,2,1,51444.0
P06CV16,BRG_011,3,1,50304.0
P06CV16,BRG_011,4,0,1020.0
P06CV16,BRG_012,0,1,36024.0
P06CV16,BRG_012,1,1,46368.0
P06CV16,BRG_012,2,1,31236.0
P06CV16,BRG_012,3,1,30744.0
P06CV16,BRG_012,4,0,19632.0
P06CV16,BRG_013,0,1,16932.0
P06CV16,BRG_013,1,1,26472.0
P06CV16,BRG_013,2,1,45084.0
P06CV16,BRG_013,3,1,40956.0
P06CV16,BRG_013,4,1,27384.0
P06CV16,BRG_013,5,0,7176.0
P06CV16,BRG_014,0,1,41748.0
P06CV16,BRG_014,1,1,49968.0
P06CV16,BRG_014,2,1,52224.0
P06CV16,BRG_014,3,0,20064.0
P06CV16,BRG_015,0,1,22092.0
P06CV16,BRG_015,1,1,30876.0
P06CV16,BRG_015,2,1,33720.0
P06CV16,BRG_015,3,1,38568.0
P06CV16,BRG_015,4,0,38748.0
P06CV16,BRG_016,0,1,66456.0
P06CV16,BRG_016,1,1,29088.0
P06CV16,BRG_016,2,1,34800.0
P06CV16,BRG_016,3,1,19812.0
P06CV16,BRG_016,4,0,13848.0
P06CV16,BRG_017,0,1,51996.0
P06CV16,BRG_017,1,1,45072.0
P06CV16,BRG_017,2,1,27792.0
P06CV16,BRG_017,3,1,34272.0
P06CV16,BRG_017,4,0,4872.0
P06CV16,BRG_018,0,1,69240.0
P06CV16,BRG_018,1,1,58860.0
P06CV16,BRG_018,2,1,28812.0
P06CV16,BRG_018,3,0,7092.0
P06CV16,BRG_019,0,1,40944.0
P06CV16,BRG_019,1,1,30504.0
P06CV16,BRG_019,2,1,58260.0
P06CV16,BRG_019,3,1,21612.0
P06CV16,BRG_019,4,0,12684.0
P06CV16,BRG_020,0,1,38736.0
P06CV16,BRG_020,1,1,38484.0
P06CV16,BRG_020,2,1,11808.0
P06CV16,BRG_020,3,1,41844.0
P06CV16,BRG_020,4,0,33132.0
P06CV16,BRG_021,0,1,28140.0
P06CV16,BRG_021,1,1,19020.0
P06CV16,BRG_021,2,1,16896.0
P06CV16,BRG_021,3,1,58752.0
P06CV16,BRG_021,4,0,41196.0
P06CV16,BRG_022,0,1,51396.0
P06CV16,BRG_022,1,1,46440.0
P06CV16,BRG_022,2,1,47124.0
P06CV16,BRG_022,3,0,19044.0
P06CV16,BRG_023,0,1,24960.0
P06CV16,BRG_023,1,1,32628.0
P06CV16,BRG_023,2,1,33588.0
P06CV16,BRG_023,3,1,53088.0
P06CV16,BRG_023,4,1,11604.0
P06CV16,BRG_023,5,0,8136.0
P06CV16,BRG_024,0,1,53484.0
P06CV16,BRG_024,1,1,55800.0
P06CV16,BRG_024,2,1,19692.0
P06CV16,BRG_024,3,1,19128.0
P06CV16,BRG_024,4,0,15900.0
P06CV16,BRG_025,0,1,26676.0
P06CV16,BRG_025,1,1,36756.0
P06CV16,BRG_025,2,1,24828.0
P06CV16,BRG_025,3,1,36180.0
P06CV16,BRG_025,4,1,17052.0
P06CV16,BRG_025,5,1,14748.0
P06CV16,BRG_025,6,0,7764.0
P06CV16,BRG_026,0,1,36108.0
P06CV16,BRG_026,1,1,29952.0
P06CV16,BRG_026,2,1,31860.0
P06CV16,BRG_026,3,1,24924.0
P06CV16,BRG_026,4,1,33876.0
P06CV16,BRG_026,5,0,7284.0
P06CV16,BRG_027,0,1,56292.0
P06CV16,BRG_027,1,1,42684.0
P06CV16,BRG_027,2,1,52140.0
P06CV16,BRG_027,3,0,12888.0
P06CV16,BRG_028,0,1,40548.0
P06CV16,BRG_028,1,1,34848.0
P06CV16,BRG_028,2,1,57420.0
P06CV16,BRG_028,3,1,30720.0
P06CV16,BRG_028,4,0,468.0
P06CV16,BRG_029,0,1,40980.0
P06CV16,BRG_029,1,1,40968.0
P06CV16,BRG_029,2,1,57852.0
P06CV16,BRG_029,3,0,24204.0
P06CV16,BRG_030,0,1,35172.0
P06CV16,BRG_030,1,1,45420.0
P06CV16,BRG_030,2,1,23148.0
P06CV16,BRG_030,3,1,25596.0
P06CV16,BRG_030,4,0,34668.0
P06CV16,BRG_031,0,1,29124.0
P06CV16,BRG_031,1,1,28116.0
P06CV16,BRG_031,2,1,36924.0
P06CV16,BRG_031,3,1,52404.0
P06CV16,BRG_031,4,0,17436.0
P06CV16,BRG_032,0,1,54924.0
P06CV16,BRG_032,1,1,16464.0
P06CV16,BRG_032,2,1,28080.0
P06CV16,BRG_032,3,0,64536.0
P06CV16,BRG_033,0,1,42852.0
P06CV16,BRG_033,1,1,58128.0
P06CV16,BRG_033,2,1,61176.0
P06CV16,BRG_033,3,0,1848.0
P06CV16,BRG_034,0,1,29892.0
P06CV16,BRG_034,1,1,26556.0
P06CV16,BRG_034,2,1,30828.0
P06CV16,BRG_034,3,1,26124.0
P06CV16,BRG_034,4,1,26244.0
P06CV16,BRG_034,5,0,24360.0
P06CV16,BRG_035,0,1,60552.0
P06CV16,BRG_035,1,1,71868.0
P06CV16,BRG_035,2,0,31584.0
P06CV16,BRG_036,0,1,41136.0
P06CV16,BRG_036,1,1,67464.0
P06CV16,BRG_036,2,1,50208.0
P06CV16,BRG_036,3,0,5196.0
P06CV16,BRG_037,0,1,37404.0
P06CV16,BRG_037,1,1,36672.0
P06CV16,BRG_037,2,1,22476.0
P06CV16,BRG_037,3,1,36444.0
P06CV16,BRG_037,4,1,30000.0
P06CV16,BRG_037,5,0,1008.0
P06CV16,BRG_038,0,1,65520.0
P06CV16,BRG_038,1,1,29604.0
P06CV16,BRG_038,2,1,38100.0
P06CV16,BRG_038,3,0,30780.0
P06CV16,BRG_039,0,1,55332.0
P06CV16,BRG_039,1,1,24252.0
P06CV16,BRG_039,2,1,10332.0
P06CV16,BRG_039,3,1,44004.0
P06CV16,BRG_039,4,0,30084.0
P06CV16,BRG_040,0,1,34920.0
P06CV16,BRG_040,1,1,28716.0
P06CV16,BRG_040,2,1,35400.0
P06CV16,BRG_040,3,1,17844.0
P06CV16,BRG_040,4,1,31092.0
P06CV16,BRG_040,5,0,16032.0
P06CV16,BRG_041,0,1,47340.0
P06CV16,BRG_041,1,1,52476.0
P06CV16,BRG_041,2,1,36000.0
P06CV16,BRG_041,3,1,24348.0
P06CV16,BRG_041,4,0,3840.0
P06CV16,BRG_042,0,1,33732.0
P06CV16,BRG_042,1,1,21828.0
P06CV16,BRG_042,2,1,39264.0
P06CV16,BRG_042,3,1,29292.0
P06CV16,BRG_042,4,1,24216.0
P06CV16,BRG_042,5,0,15672.0
P06CV16,BRG_043,0,1,41040.0
P06CV16,BRG_043,1,1,43944.0
P06CV16,BRG_043,2,1,44496.0
P06CV16,BRG_043,3,1,22536.0
P06CV16,BRG_043,4,0,11988.0
P06CV16,BRG_044,0,1,20208.0
P06CV16,BRG_044,1,1,37560.0
P06CV16,BRG_044,2,1,59652.0
P06CV16,BRG_044,3,1,46584.0
P06CV16,BRG_044,4,0,0.0
P06CV16,BRG_045,0,1,35304.0
P06CV16,BRG_045,1,1,44508.0
P06CV16,BRG_045,2,1,35124.0
P06CV16,BRG_045,3,1,22020.0
P06CV16,BRG_045,4,1,17616.0
P06CV16,BRG_045,5,0,9432.0
P06CV16,BRG_046,0,1,30180.0
P06CV16,BRG_046,1,1,32088.0
P06CV16,BRG_046,2,1,56280.0
P06CV16,BRG_046,3,1,37212.0
P06CV16,BRG_046,4,0,8244.0
P06CV16,BRG_047,0,1,32628.0
P06CV16,BRG_047,1,1,44100.0
P06CV16,BRG_047,2,1,45456.0
P06CV16,BRG_047,3,1,30900.0
P06CV16,BRG_047,4,0,10920.0
P06CV16,BRG_048,0,1,44232.0
P06CV16,BRG_048,1,1,43944.0
P06CV16,BRG_048,2,1,26496.0
P06CV16,BRG_048,3,0,49332.0
P06CV16,BRG_049,0,1,32808.0
P06CV16,BRG_049,1,1,49320.0
P06CV16,BRG_049,2,1,27000.0
P06CV16,BRG_049,3,1,33612.0
P06CV16,BRG_049,4,0,21264.0
P06CV16,BRG_050,0,1,36600.0
P06CV16,BRG_050,1,1,38580.0
P06CV16,BRG_050,2,1,44748.0
P06CV16,BRG_050,3,1,25980.0
P06CV16,BRG_050,4,0,18096.0
P06CV16,BRG_051,0,1,31320.0
P06CV16,BRG_051,1,1,53388.0
P06CV16,BRG_051,2,1,24360.0
P06CV16,BRG_051,3,1,5616.0
P06CV16,BRG_051,4,1,38172.0
P06CV16,BRG_051,5,0,11148.0
P06CV16,BRG_052,0,1,40656.0
P06CV16,BRG_052,1,1,14196.0
P06CV16,BRG_052,2,1,24360.0
P06CV16,BRG_052,3,1,52404.0
P06CV16,BRG_052,4,0,32388.0
P06CV16,BRG_053,0,1,36792.0
P06CV16,BRG_053,1,1,59016.0
P06CV16,BRG_053,2,1,21768.0
P06CV16,BRG_053,3,1,19176.0
P06CV16,BRG_053,4,1,17616.0
P06CV16,BRG_053,5,0,9636.0
P06CV16,BRG_054,0,1,85572.0
P06CV16,BRG_054,1,1,40248.0
P06CV16,BRG_054,2,0,38184.0
P06CV16,BRG_055,0,1,41100.0
P06CV16,BRG_055,1,1,15864.0
P06CV16,BRG_055,2,1,65232.0
P06CV16,BRG_055,3,0,41808.0
P06CV16,BRG_056,0,1,27432.0
P06CV16,BRG_056,1,1,34440.0
P06CV16,BRG_056,2,1,21900.0
P06CV16,BRG_056,3,1,32784.0
P06CV16,BRG_056,4,1,34992.0
P06CV16,BRG_056,5,0,12456.0
P06CV16,BRG_057,0,1,32304.0
P06CV16,BRG_057,1,1,39276.0
P06CV16,BRG_057,2,1,57576.0
P06CV16,BRG_057,3,1,30972.0
P06CV16,BRG_057,4,0,3876.0
P06CV16,BRG_058,0,1,24300.0
P06CV16,BRG_058,1,1,30564.0
P06CV16,BRG_058,2,1,44424.0
P06CV16,BRG_058,3,1,52740.0
P06CV16,BRG_058,4,0,11976.0
P06CV16,BRG_059,0,1,31500.0
P06CV16,BRG_059,1,1,50832.0
P06CV16,BRG_059,2,1,43836.0
P06CV16,BRG_059,3,0,37836.0
P06CV16,BRG_060,0,1,38376.0
P06CV16,BRG_060,1,1,59088.0
P06CV16,BRG_060,2,1,16608.0
P06CV16,BRG_060,3,1,19332.0
P06CV16,BRG_060,4,1,27012.0
P06CV16,BRG_060,5,0,3588.0
P06CV16,BRG_061,0,1,36696.0
P06CV16,BRG_061,1,1,37416.0
P06CV16,BRG_061,2,1,34476.0
P06CV16,BRG_061,3,1,22752.0
P06CV16,BRG_061,4,0,32664.0
P06CV16,BRG_062,0,1,25164.0
P06CV16,BRG_062,1,1,59340.0
P06CV16,BRG_062,2,1,45948.0
P06CV16,BRG_062,3,0,33552.0
P06CV17,BRG_001,0,1,38220.0
P06CV17,BRG_001,1,1,29712.0
P06CV17,BRG_001,2,1,22704.0
P06CV17,BRG_001,3,1,28392.0
P06CV17,BRG_001,4,1,37896.0
P06CV17,BRG_001,5,0,6444.0
P06CV17,BRG_002,0,1,45288.0
P06CV17,BRG_002,1,1,52272.0
P06CV17,BRG_002,2,1,23412.0
P06CV17,BRG_002,3,0,42396.0
P06CV17,BRG_003,0,1,20676.0
P06CV17,BRG_003,1,1,31020.0
P06CV17,BRG_003,2,1,34068.0
P06CV17,BRG_003,3,1,52776.0
P06CV17,BRG_003,4,0,24828.0
P06CV17,BRG_004,0,1,22824.0
P06CV17,BRG_004,1,1,25548.0
P06CV17,BRG_004,2,1,37644.0
P06CV17,BRG_004,3,1,44208.0
P06CV17,BRG_004,4,0,33144.0
P06CV17,BRG_005,0,1,42324.0
P06CV17,BRG_005,1,1,29700.0
P06CV17,BRG_005,2,1,51960.0
P06CV17,BRG_005,3,0,39384.0
P06CV17,BRG_006,0,1,25692.0
P06CV17,BRG_006,1,1,53832.0
P06CV17,BRG_006,2,1,27348.0
P06CV17,BRG_006,3,1,42468.0
P06CV17,BRG_006,4,0,14028.0
P06CV17,BRG_007,0,1,22992.0
P06CV17,BRG_007,1,1,25548.0
P06CV17,BRG_007,2,1,43188.0
P06CV17,BRG_007,3,1,23208.0
P06CV17,BRG_007,4,1,41496.0
P06CV17,BRG_007,5,0,6936.0
P06CV17,BRG_008,0,1,19572.0
P06CV17,BRG_008,1,1,30516.0
P06CV17,BRG_008,2,1,34680.0
P06CV17,BRG_008,3,1,26676.0
P06CV17,BRG_008,4,1,48144.0
P06CV17,BRG_008,5,0,3780.0
P06CV17,BRG_009,0,1,46884.0
P06CV17,BRG_009,1,1,27024.0
P06CV17,BRG_009,2,1,31200.0
P06CV17,BRG_009,3,1,34524.0
P06CV17,BRG_009,4,0,23736.0
P06CV17,BRG_010,0,1,28068.0
P06CV17,BRG_010,1,1,32976.0
P06CV17,BRG_010,2,1,27984.0
P06CV17,BRG_010,3,1,35964.0
P06CV17,BRG_010,4,0,38376.0
P06CV17,BRG_011,0,1,43656.0
P06CV17,BRG_011,1,1,23652.0
P06CV17,BRG_011,2,1,42936.0
P06CV17,BRG_011,3,1,50232.0
P06CV17,BRG_011,4,0,2892.0
P06CV17,BRG_012,0,1,46368.0
P06CV17,BRG_012,1,1,24648.0
P06CV17,BRG_012,2,1,63252.0
P06CV17,BRG_012,3,1,24864.0
P06CV17,BRG_012,4,0,4236.0
P06CV17,BRG_013,0,1,57564.0
P06CV17,BRG_013,1,1,32544.0
P06CV17,BRG_013,2,1,57972.0
P06CV17,BRG_013,3,0,15288.0
P06CV17,BRG_014,0,1,67752.0
P06CV17,BRG_014,1,1,44484.0
P06CV17,BRG_014,2,1,33276.0
P06CV17,BRG_014,3,0,17856.0
P06CV17,BRG_015,0,1,24900.0
P06CV17,BRG_015,1,1,21024.0
P06CV17,BRG_015,2,1,43044.0
P06CV17,BRG_015,3,1,28368.0
P06CV17,BRG_015,4,1,20280.0
P06CV17,BRG_015,5,0,25752.0
P06CV17,BRG_016,0,1,37200.0
P06CV17,BRG_016,1,1,47604.0
P06CV17,BRG_016,2,1,41292.0
P06CV17,BRG_016,3,0,37272.0
P06CV17,BRG_017,0,1,38676.0
P06CV17,BRG_017,1,1,42660.0
P06CV17,BRG_017,2,1,61128.0
P06CV17,BRG_017,3,0,20904.0
P06CV17,BRG_018,0,1,41052.0
P06CV17,BRG_018,1,1,15564.0
P06CV17,BRG_018,2,1,39084.0
P06CV17,BRG_018,3,1,48924.0
P06CV17,BRG_018,4,0,18744.0
P06CV17,BRG_019,0,1,19536.0
P06CV17,BRG_019,1,1,26700.0
P06CV17,BRG_019,2,1,28992.0
P06CV17,BRG_019,3,1,58932.0
P06CV17,BRG_019,4,0,29208.0
P06CV17,BRG_020,0,1,51804.0
P06CV17,BRG_020,1,1,50232.0
P06CV17,BRG_020,2,1,49800.0
P06CV17,BRG_020,3,0,11532.0
P06CV17,BRG_021,0,1,31476.0
P06CV17,BRG_021,1,1,53988.0
P06CV17,BRG_021,2,1,44916.0
P06CV17,BRG_021,3,0,32988.0
P06CV17,BRG_022,0,1,59556.0
P06CV17,BRG_022,1,1,18588.0
P06CV17,BRG_022,2,1,22284.0
P06CV17,BRG_022,3,1,30180.0
P06CV17,BRG_022,4,0,32760.0
P06CV17,BRG_023,0,1,24108.0
P06CV17,BRG_023,1,1,17604.0
P06CV17,BRG_023,2,1,41892.0
P06CV17,BRG_023,3,1,30228.0
P06CV17,BRG_023,4,1,24624.0
P06CV17,BRG_023,5,0,24912.0
P06CV17,BRG_024,0,1,40320.0
P06CV17,BRG_024,1,1,25068.0
P06CV17,BRG_024,2,1,23916.0
P06CV17,BRG_024,3,1,39588.0
P06CV17,BRG_024,4,0,34476.0
P06CV17,BRG_025,0,1,26772.0
P06CV17,BRG_025,1,1,25356.0
P06CV17,BRG_025,2,1,42084.0
P06CV17,BRG_025,3,1,32160.0
P06CV17,BRG_025,4,1,19488.0
P06CV17,BRG_025,5,0,17508.0
P06CV17,BRG_026,0,1,29820.0
P06CV17,BRG_026,1,1,54456.0
P06CV17,BRG_026,2,1,18276.0
P06CV17,BRG_026,3,1,32520.0
P06CV17,BRG_026,4,1,10068.0
P06CV17,BRG_026,5,1,13044.0
P06CV17,BRG_026,6,0,5184.0
P06CV17,BRG_027,0,1,30048.0
P06CV17,BRG_027,1,1,32640.0
P06CV17,BRG_027,2,1,17712.0
P06CV17,BRG_027,3,1,29808.0
P06CV17,BRG_027,4,1,32268.0
P06CV17,BRG_027,5,0,20892.0
P06CV17,BRG_028,0,1,10632.0
P06CV17,BRG_028,1,1,41700.0
P06CV17,BRG_028,2,1,9204.0
P06CV17,BRG_028,3,1,11652.0
P06CV17,BRG_028,4,1,34560.0
P06CV17,BRG_028,5,1,13596.0
P06CV17,BRG_028,6,1,41376.0
P06CV17,BRG_028,7,0,648.0
P06CV17,BRG_029,0,1,30780.0
P06CV17,BRG_029,1,1,47616.0
P06CV17,BRG_029,2,1,57420.0
P06CV17,BRG_029,3,0,27552.0
P06CV17,BRG_030,0,1,37500.0
P06CV17,BRG_030,1,1,59484.0
P06CV17,BRG_030,2,1,27612.0
P06CV17,BRG_030,3,0,38772.0
P06CV17,BRG_031,0,1,22884.0
P06CV17,BRG_031,1,1,47052.0
P06CV17,BRG_031,2,1,23724.0
P06CV17,BRG_031,3,1,35052.0
P06CV17,BRG_031,4,0,34656.0
P06CV17,BRG_032,0,1,57480.0
P06CV17,BRG_032,1,1,23508.0
P06CV17,BRG_032,2,1,62856.0
P06CV17,BRG_032,3,1,18732.0
P06CV17,BRG_032,4,0,792.0
P06CV17,BRG_033,0,1,14016.0
P06CV17,BRG_033,1,1,29868.0
P06CV17,BRG_033,2,1,54456.0
P06CV17,BRG_033,3,0,65028.0
P06CV17,BRG_034,0,1,55380.0
P06CV17,BRG_034,1,1,21540.0
P06CV17,BRG_034,2,1,35748.0
P06CV17,BRG_034,3,1,42672.0
P06CV17,BRG_034,4,0,8028.0
P06CV17,BRG_035,0,1,63564.0
P06CV17,BRG_035,1,1,36420.0
P06CV17,BRG_035,2,1,46188.0
P06CV17,BRG_035,3,0,17196.0
P06CV17,BRG_036,0,1,17892.0
P06CV17,BRG_036,1,1,30588.0
P06CV17,BRG_036,2,1,58668.0
P06CV17,BRG_036,3,1,39084.0
P06CV17,BRG_036,4,0,17136.0
P06CV17,BRG_037,0,1,25176.0
P06CV17,BRG_037,1,1,30408.0
P06CV17,BRG_037,2,1,15300.0
P06CV17,BRG_037,3,1,32184.0
P06CV17,BRG_037,4,1,42852.0
P06CV17,BRG_037,5,0,17448.0
P06CV17,BRG_038,0,1,20184.0
P06CV17,BRG_038,1,1,33132.0
P06CV17,BRG_038,2,1,41892.0
P06CV17,BRG_038,3,1,37008.0
P06CV17,BRG_038,4,1,19608.0
P06CV17,BRG_038,5,0,11544.0
P06CV17,BRG_039,0,1,56484.0
P06CV17,BRG_039,1,1,38268.0
P06CV17,BRG_039,2,1,35124.0
P06CV17,BRG_039,3,1,30324.0
P06CV17,BRG_039,4,0,3168.0
P06CV17,BRG_040,0,1,43572.0
P06CV17,BRG_040,1,1,14796.0
P06CV17,BRG_040,2,1,53688.0
P06CV17,BRG_040,3,0,51312.0
P06CV17,BRG_041,0,1,35088.0
P06CV17,BRG_041,1,1,67092.0
P06CV17,BRG_041,2,1,37656.0
P06CV17,BRG_041,3,1,12348.0
P06CV17,BRG_041,4,0,11184.0
P06CV17,BRG_042,0,1,30744.0
P06CV17,BRG_042,1,1,33792.0
P06CV17,BRG_042,2,1,35784.0
P06CV17,BRG_042,3,1,16380.0
P06CV17,BRG_042,4,1,31872.0
P06CV17,BRG_042,5,0,14796.0
P06CV17,BRG_043,0,1,36660.0
P06CV17,BRG_043,1,1,36660.0
P06CV17,BRG_043,2,1,27168.0
P06CV17,BRG_043,3,1,35100.0
P06CV17,BRG_043,4,0,27780.0
P06CV17,BRG_044,0,1,32328.0
P06CV17,BRG_044,1,1,37452.0
P06CV17,BRG_044,2,1,27876.0
P06CV17,BRG_044,3,1,54636.0
P06CV17,BRG_044,4,0,11076.0
P06CV17,BRG_045,0,1,13884.0
P06CV17,BRG_045,1,1,20664.0
P06CV17,BRG_045,2,1,47160.0
P06CV17,BRG_045,3,1,24456.0
P06CV17,BRG_045,4,1,46308.0
P06CV17,BRG_045,5,0,10896.0
P06CV17,BRG_046,0,1,57252.0
P06CV17,BRG_046,1,1,24900.0
P06CV17,BRG_046,2,1,32220.0
P06CV17,BRG_046,3,1,48024.0
P06CV17,BRG_046,4,0,972.0
P06CV17,BRG_047,0,1,44604.0
P06CV17,BRG_047,1,1,34212.0
P06CV17,BRG_047,2,1,12288.0
P06CV17,BRG_047,3,1,50916.0
P06CV17,BRG_047,4,1,18828.0
P06CV17,BRG_047,5,0,2520.0
P06CV17,BRG_048,0,1,29712.0
P06CV17,BRG_048,1,1,29292.0
P06CV17,BRG_048,2,1,40632.0
P06CV17,BRG_048,3,1,33720.0
P06CV17,BRG_048,4,0,30012.0
P06CV17,BRG_049,0,1,23364.0
P06CV17,BRG_049,1,1,36492.0
P06CV17,BRG_049,2,1,37140.0
P06CV17,BRG_049,3,1,14364.0
P06CV17,BRG_049,4,0,52008.0
P06CV17,BRG_050,0,1,30276.0
P06CV17,BRG_050,1,1,41184.0
P06CV17,BRG_050,2,1,11952.0
P06CV17,BRG_050,3,1,18636.0
P06CV17,BRG_050,4,1,26484.0
P06CV17,BRG_050,5,1,30756.0
P06CV17,BRG_050,6,0,4080.0
P06CV17,BRG_051,0,1,35736.0
P06CV17,BRG_051,1,1,56652.0
P06CV17,BRG_051,2,1,37236.0
P06CV17,BRG_051,3,1,19008.0
P06CV17,BRG_051,4,0,14736.0
P06CV17,BRG_052,0,1,35388.0
P06CV17,BRG_052,1,1,44340.0
P06CV17,BRG_052,2,1,45852.0
P06CV17,BRG_052,3,1,36516.0
P06CV17,BRG_052,4,0,1272.0
P06CV17,BRG_053,0,1,27576.0
P06CV17,BRG_053,1,1,23724.0
P06CV17,BRG_053,2,1,32868.0
P06CV17,BRG_053,3,1,59328.0
P06CV17,BRG_053,4,0,19872.0
P06CV17,BRG_054,0,1,58620.0
P06CV17,BRG_054,1,1,28728.0
P06CV17,BRG_054,2,1,32148.0
P06CV17,BRG_054,3,0,43872.0
P06CV17,BRG_055,0,1,26688.0
P06CV17,BRG_055,1,1,33732.0
P06CV17,BRG_055,2,1,31176.0
P06CV17,BRG_055,3,1,35388.0
P06CV17,BRG_055,4,0,36384.0
P06CV17,BRG_056,0,1,44976.0
P06CV17,BRG_056,1,1,35340.0
P06CV17,BRG_056,2,1,80748.0
P06CV17,BRG_056,3,0,2304.0
P06CV17,BRG_057,0,1,46008.0
P06CV17,BRG_057,1,1,44520.0
P06CV17,BRG_057,2,1,24732.0
P06CV17,BRG_057,3,1,39804.0
P06CV17,BRG_057,4,0,8304.0
P06CV17,BRG_058,0,1,31008.0
P06CV17,BRG_058,1,1,14196.0
P06CV17,BRG_058,2,1,48924.0
P06CV17,BRG_058,3,1,56124.0
P06CV17,BRG_058,4,0,13116.0
P06CV17,BRG_059,0,1,42528.0
P06CV17,BRG_059,1,1,26400.0
P06CV17,BRG_059,2,1,25836.0
P06CV17,BRG_059,3,1,17796.0
P06CV17,BRG_059,4,0,50808.0
P06CV17,BRG_060,0,1,35964.0
P06CV17,BRG_060,1,1,22884.0
P06CV17,BRG_060,2,1,57240.0
P06CV17,BRG_060,3,0,47280.0
P06CV17,BRG_061,0,1,48000.0
P06CV17,BRG_061,1,1,17736.0
P06CV17,BRG_061,2,1,41688.0
P06CV17,BRG_061,3,1,47292.0
P06CV17,BRG_061,4,0,8652.0
P06CV17,BRG_062,0,1,44352.0
P06CV17,BRG_062,1,1,33348.0
P06CV17,BRG_062,2,1,40668.0
P06CV17,BRG_062,3,0,45000.0
P06CV18,BRG_001,0,1,26988.0
P06CV18,BRG_001,1,1,39204.0
P06CV18,BRG_001,2,1,23172.0
P06CV18,BRG_001,3,1,19284.0
P06CV18,BRG_001,4,1,41688.0
P06CV18,BRG_001,5,0,13140.0
P06CV18,BRG_002,0,1,40848.0
P06CV18,BRG_002,1,1,45240.0
P06CV18,BRG_002,2,1,39444.0
P06CV18,BRG_002,3,1,36168.0
P06CV18,BRG_002,4,0,1776.0
P06CV18,BRG_003,0,1,48300.0
P06CV18,BRG_003,1,1,41700.0
P06CV18,BRG_003,2,1,18732.0
P06CV18,BRG_003,3,1,50460.0
P06CV18,BRG_003,4,0,4284.0
P06CV18,BRG_004,0,1,57408.0
P06CV18,BRG_004,1,1,33840.0
P06CV18,BRG_004,2,1,31656.0
P06CV18,BRG_004,3,0,40572.0
P06CV18,BRG_005,0,1,52008.0
P06CV18,BRG_005,1,1,36516.0
P06CV18,BRG_005,2,1,45120.0
P06CV18,BRG_005,3,1,6624.0
P06CV18,BRG_005,4,0,23208.0
P06CV18,BRG_006,0,1,48672.0
P06CV18,BRG_006,1,1,28908.0
P06CV18,BRG_006,2,1,27804.0
P06CV18,BRG_006,3,1,26340.0
P06CV18,BRG_006,4,0,31752.0
P06CV18,BRG_007,0,1,55008.0
P06CV18,BRG_007,1,1,21756.0
P06CV18,BRG_007,2,1,24444.0
P06CV18,BRG_007,3,1,12444.0
P06CV18,BRG_007,4,1,25488.0
P06CV18,BRG_007,5,0,24336.0
P06CV18,BRG_008,0,1,50208.0
P06CV18,BRG_008,1,1,36180.0
P06CV18,BRG_008,2,1,54552.0
P06CV18,BRG_008,3,0,22536.0
P06CV18,BRG_009,0,1,36372.0
P06CV18,BRG_009,1,1,22224.0
P06CV18,BRG_009,2,1,33804.0
P06CV18,BRG_009,3,1,48732.0
P06CV18,BRG_009,4,0,22344.0
P06CV18,BRG_010,0,1,54924.0
P06CV18,BRG_010,1,1,43044.0
P06CV18,BRG_010,2,1,28008.0
P06CV18,BRG_010,3,1,35160.0
P06CV18,BRG_010,4,0,2340.0
P06CV18,BRG_011,0,1,49860.0
P06CV18,BRG_011,1,1,24360.0
P06CV18,BRG_011,2,1,49128.0
P06CV18,BRG_011,3,0,40128.0
P06CV18,BRG_012,0,1,32856.0
P06CV18,BRG_012,1,1,28332.0
P06CV18,BRG_012,2,1,34884.0
P06CV18,BRG_012,3,1,40644.0
P06CV18,BRG_012,4,1,23784.0
P06CV18,BRG_012,5,0,2976.0
P06CV18,BRG_013,0,1,48972.0
P06CV18,BRG_013,1,1,24528.0
P06CV18,BRG_013,2,1,49968.0
P06CV18,BRG_013,3,0,40008.0
P06CV18,BRG_014,0,1,26352.0
P06CV18,BRG_014,1,1,36816.0
P06CV18,BRG_014,2,1,34188.0
P06CV18,BRG_014,3,1,54744.0
P06CV18,BRG_014,4,0,11376.0
P06CV18,BRG_015,0,1,45660.0
P06CV18,BRG_015,1,1,21468.0
P06CV18,BRG_015,2,1,23124.0
P06CV18,BRG_015,3,1,12312.0
P06CV18,BRG_015,4,1,51060.0
P06CV18,BRG_015,5,0,9852.0
P06CV18,BRG_016,0,1,15444.0
P06CV18,BRG_016,1,1,39900.0
P06CV18,BRG_016,2,1,30612.0
P06CV18,BRG_016,3,1,48372.0
P06CV18,BRG_016,4,0,29148.0
P06CV18,BRG_017,0,1,38796.0
P06CV18,BRG_017,1,1,35604.0
P06CV18,BRG_017,2,1,30564.0
P06CV18,BRG_017,3,1,50220.0
P06CV18,BRG_017,4,0,8292.0
P06CV18,BRG_018,0,1,36168.0
P06CV18,BRG_018,1,1,40032.0
P06CV18,BRG_018,2,1,12612.0
P06CV18,BRG_018,3,1,34572.0
P06CV18,BRG_018,4,1,14412.0
P06CV18,BRG_018,5,0,25680.0
P06CV18,BRG_019,0,1,23904.0
P06CV18,BRG_019,1,1,51300.0
P06CV18,BRG_019,2,1,32820.0
P06CV18,BRG_019,3,1,20772.0
P06CV18,BRG_019,4,1,26832.0
P06CV18,BRG_019,5,0,7848.0
P06CV18,BRG_020,0,1,40080.0
P06CV18,BRG_020,1,1,39948.0
P06CV18,BRG_020,2,1,62088.0
P06CV18,BRG_020,3,1,17112.0
P06CV18,BRG_020,4,0,4248.0
P06CV18,BRG_021,0,1,34092.0
P06CV18,BRG_021,1,1,56484.0
P06CV18,BRG_021,2,1,53856.0
P06CV18,BRG_021,3,0,19044.0
P06CV18,BRG_022,0,1,34272.0
P06CV18,BRG_022,1,1,43200.0
P06CV18,BRG_022,2,1,38256.0
P06CV18,BRG_022,3,1,44004.0
P06CV18,BRG_022,4,0,3744.0
P06CV18,BRG_023,0,1,56196.0
P06CV18,BRG_023,1,1,28440.0
P06CV18,BRG_023,2,1,33948.0
P06CV18,BRG_023,3,1,30708.0
P06CV18,BRG_023,4,0,14184.0
P06CV18,BRG_024,0,1,57492.0
P06CV18,BRG_024,1,1,7572.0
P06CV18,BRG_024,2,1,33060.0
P06CV18,BRG_024,3,1,46704.0
P06CV18,BRG_024,4,1,10716.0
P06CV18,BRG_024,5,0,7932.0
P06CV18,BRG_025,0,1,24912.0
P06CV18,BRG_025,1,1,31584.0
P06CV18,BRG_025,2,1,19104.0
P06CV18,BRG_025,3,1,31464.0
P06CV18,BRG_025,4,1,31320.0
P06CV18,BRG_025,5,0,25092.0
P06CV18,BRG_026,0,1,33144.0
P06CV18,BRG_026,1,1,45708.0
P06CV18,BRG_026,2,1,20340.0
P06CV18,BRG_026,3,1,46200.0
P06CV18,BRG_026,4,0,18084.0
P06CV18,BRG_027,0,1,35484.0
P06CV18,BRG_027,1,1,24768.0
P06CV18,BRG_027,2,1,41688.0
P06CV18,BRG_027,3,1,38604.0
P06CV18,BRG_027,4,0,22932.0
P06CV18,BRG_028,0,1,28632.0
P06CV18,BRG_028,1,1,12492.0
P06CV18,BRG_028,2,1,42492.0
P06CV18,BRG_028,3,1,33132.0
P06CV18,BRG_028,4,0,46728.0
P06CV18,BRG_029,0,1,36516.0
P06CV18,BRG_029,1,1,26328.0
P06CV18,BRG_029,2,1,30924.0
P06CV18,BRG_029,3,1,49968.0
P06CV18,BRG_029,4,0,19740.0
P06CV18,BRG_030,0,1,33036.0
P06CV18,BRG_030,1,1,63780.0
P06CV18,BRG_030,2,1,53184.0
P06CV18,BRG_030,3,0,13476.0
P06CV18,BRG_031,0,1,45540.0
P06CV18,BRG_031,1,1,41748.0
P06CV18,BRG_031,2,1,27060.0
P06CV18,BRG_031,3,1,16692.0
P06CV18,BRG_031,4,0,32436.0
P06CV18,BRG_032,0,1,21888.0
P06CV18,BRG_032,1,1,47688.0
P06CV18,BRG_032,2,1,41892.0
P06CV18,BRG_032,3,1,18492.0
P06CV18,BRG_032,4,1,30792.0
P06CV18,BRG_032,5,0,2724.0
P06CV18,BRG_033,0,1,22236.0
P06CV18,BRG_033,1,1,60648.0
P06CV18,BRG_033,2,1,47736.0
P06CV18,BRG_033,3,0,32856.0
P06CV18,BRG_034,0,1,57348.0
P06CV18,BRG_034,1,1,16620.0
P06CV18,BRG_034,2,1,59808.0
P06CV18,BRG_034,3,0,29700.0
P06CV18,BRG_035,0,1,18156.0
P06CV18,BRG_035,1,1,51456.0
P06CV18,BRG_035,2,1,28668.0
P06CV18,BRG_035,3,1,43272.0
P06CV18,BRG_035,4,0,21924.0
P06CV18,BRG_036,0,1,50496.0
P06CV18,BRG_036,1,1,34152.0
P06CV18,BRG_036,2,1,34068.0
P06CV18,BRG_036,3,1,40188.0
P06CV18,BRG_036,4,0,4572.0
P06CV18,BRG_037,0,1,23844.0
P06CV18,BRG_037,1,1,21828.0
P06CV18,BRG_037,2,1,16056.0
P06CV18,BRG_037,3,1,30792.0
P06CV18,BRG_037,4,1,23436.0
P06CV18,BRG_037,5,1,44736.0
P06CV18,BRG_037,6,0,2784.0
P06CV18,BRG_038,0,1,30180.0
P06CV18,BRG_038,1,1,49404.0
P06CV18,BRG_038,2,1,54492.0
P06CV18,BRG_038,3,1,25644.0
P06CV18,BRG_038,4,0,3756.0
P06CV18,BRG_039,0,1,50388.0
P06CV18,BRG_039,1,1,25704.0
P06CV18,BRG_039,2,1,41436.0
P06CV18,BRG_039,3,1,43032.0
P06CV18,BRG_039,4,0,2916.0
P06CV18,BRG_040,0,1,49968.0
P06CV18,BRG_040,1,1,59448.0
P06CV18,BRG_040,2,0,54060.0
P06CV18,BRG_041,0,1,27888.0
P06CV18,BRG_041,1,1,34296.0
P06CV18,BRG_041,2,1,29532.0
P06CV18,BRG_041,3,1,20580.0
P06CV18,BRG_041,4,1,42660.0
P06CV18,BRG_041,5,0,8520.0
P06CV18,BRG_042,0,1,44904.0
P06CV18,BRG_042,1,1,20964.0
P06CV18,BRG_042,2,1,48204.0
P06CV18,BRG_042,3,1,22080.0
P06CV18,BRG_042,4,0,27324.0
P06CV18,BRG_043,0,1,49572.0
P06CV18,BRG_043,1,1,28524.0
P06CV18,BRG_043,2,1,36768.0
P06CV18,BRG_043,3,1,15084.0
P06CV18,BRG_043,4,0,33528.0
P06CV18,BRG_044,0,1,46020.0
P06CV18,BRG_044,1,1,57996.0
P06CV18,BRG_044,2,0,59460.0
P06CV18,BRG_045,0,1,35232.0
P06CV18,BRG_045,1,1,29724.0
P06CV18,BRG_045,2,1,53256.0
P06CV18,BRG_045,3,1,30372.0
P06CV18,BRG_045,4,0,14892.0
P06CV18,BRG_046,0,1,45648.0
P06CV18,BRG_046,1,1,26856.0
P06CV18,BRG_046,2,1,13392.0
P06CV18,BRG_046,3,1,43344.0
P06CV18,BRG_046,4,0,34236.0
P06CV18,BRG_047,0,1,62004.0
P06CV18,BRG_047,1,1,35364.0
P06CV18,BRG_047,2,1,45612.0
P06CV18,BRG_047,3,1,18972.0
P06CV18,BRG_047,4,0,1524.0
P06CV18,BRG_048,0,1,38688.0
P06CV18,BRG_048,1,1,12492.0
P06CV18,BRG_048,2,1,51084.0
P06CV18,BRG_048,3,1,46176.0
P06CV18,BRG_048,4,0,15036.0
P06CV18,BRG_049,0,1,46656.0
P06CV18,BRG_049,1,1,39084.0
P06CV18,BRG_049,2,1,20208.0
P06CV18,BRG_049,3,1,47448.0
P06CV18,BRG_049,4,0,10080.0
P06CV18,BRG_050,0,1,36384.0
P06CV18,BRG_050,1,1,43116.0
P06CV18,BRG_050,2,1,38040.0
P06CV18,BRG_050,3,0,45936.0
P06CV18,BRG_051,0,1,61080.0
P06CV18,BRG_051,1,1,31428.0
P06CV18,BRG_051,2,1,18444.0
P06CV18,BRG_051,3,1,31128.0
P06CV18,BRG_051,4,1,18876.0
P06CV18,BRG_051,5,0,2520.0
P06CV18,BRG_052,0,1,39756.0
P06CV18,BRG_052,1,1,28740.0
P06CV18,BRG_052,2,1,49080.0
P06CV18,BRG_052,3,1,31704.0
P06CV18,BRG_052,4,0,14196.0
P06CV18,BRG_053,0,1,23592.0
P06CV18,BRG_053,1,1,28056.0
P06CV18,BRG_053,2,1,25236.0
P06CV18,BRG_053,3,1,16296.0
P06CV18,BRG_053,4,1,5136.0
P06CV18,BRG_053,5,1,37680.0
P06CV18,BRG_053,6,1,12576.0
P06CV18,BRG_053,7,0,14904.0
P06CV18,BRG_054,0,1,44556.0
P06CV18,BRG_054,1,1,36732.0
P06CV18,BRG_054,2,1,58248.0
P06CV18,BRG_054,3,0,23940.0
P06CV18,BRG_055,0,1,40188.0
P06CV18,BRG_055,1,1,36612.0
P06CV18,BRG_055,2,1,33384.0
P06CV18,BRG_055,3,0,53292.0
P06CV18,BRG_056,0,1,34956.0
P06CV18,BRG_056,1,1,62640.0
P06CV18,BRG_056,2,1,18612.0
P06CV18,BRG_056,3,1,29460.0
P06CV18,BRG_056,4,0,17808.0
P06CV18,BRG_057,0,1,32772.0
P06CV18,BRG_057,1,1,37560.0
P06CV18,BRG_057,2,1,55140.0
P06CV18,BRG_057,3,0,38004.0
P06CV18,BRG_058,0,1,72660.0
P06CV18,BRG_058,1,1,22128.0
P06CV18,BRG_058,2,1,48060.0
P06CV18,BRG_058,3,0,20628.0
P06CV18,BRG_059,0,1,49320.0
P06CV18,BRG_059,1,1,60348.0
P06CV18,BRG_059,2,1,18396.0
P06CV18,BRG_059,3,1,32088.0
P06CV18,BRG_059,4,0,3324.0
P06CV18,BRG_060,0,1,26028.0
P06CV18,BRG_060,1,1,47148.0
P06CV18,BRG_060,2,1,23076.0
P06CV18,BRG_060,3,1,45816.0
P06CV18,BRG_060,4,0,21408.0
P06CV18,BRG_061,0,1,39288.0
P06CV18,BRG_061,1,1,43320.0
P06CV18,BRG_061,2,1,21636.0
P06CV18,BRG_061,3,1,22968.0
P06CV18,BRG_061,4,1,21864.0
P06CV18,BRG_061,5,0,14400.0
P06CV18,BRG_062,0,1,44376.0
P06CV18,BRG_062,1,1,34656.0
P06CV18,BRG_062,2,1,27900.0
P06CV18,BRG_062,3,1,13164.0
P06CV18,BRG_062,4,1,42252.0
P06CV18,BRG_062,5,0,1128.0
P08CV01,BRG_001,0,1,61680.0
P08CV01,BRG_001,1,1,59688.0
P08CV01,BRG_001,2,1,23784.0
P08CV01,BRG_001,3,0,22452.0
P08CV01,BRG_002,0,1,17400.0
P08CV01,BRG_002,1,1,24252.0
P08CV01,BRG_002,2,1,43752.0
P08CV01,BRG_002,3,1,43800.0
P08CV01,BRG_002,4,0,38400.0
P08CV01,BRG_003,0,1,82716.0
P08CV01,BRG_003,1,1,62928.0
P08CV01,BRG_003,2,0,21960.0
P08CV01,BRG_004,0,1,48828.0
P08CV01,BRG_004,1,1,43416.0
P08CV01,BRG_004,2,1,36804.0
P08CV01,BRG_004,3,0,38556.0
P08CV01,BRG_005,0,1,41280.0
P08CV01,BRG_005,1,1,63468.0
P08CV01,BRG_005,2,1,9096.0
P08CV01,BRG_005,3,1,10356.0
P08CV01,BRG_005,4,0,43404.0
P08CV01,BRG_006,0,1,25284.0
P08CV01,BRG_006,1,1,34812.0
P08CV01,BRG_006,2,1,50004.0
P08CV01,BRG_006,3,1,57504.0
P08CV01,BRG_006,4,0,0.0
P08CV01,BRG_007,0,1,74508.0
P08CV01,BRG_007,1,1,34140.0
P08CV01,BRG_007,2,0,58956.0
P08CV01,BRG_008,0,1,44508.0
P08CV01,BRG_008,1,1,51612.0
P08CV01,BRG_008,2,1,44196.0
P08CV01,BRG_008,3,0,27288.0
P08CV01,BRG_009,0,1,60660.0
P08CV01,BRG_009,1,1,32112.0
P08CV01,BRG_009,2,1,16908.0
P08CV01,BRG_009,3,0,57924.0
P08CV01,BRG_010,0,1,36000.0
P08CV01,BRG_010,1,1,51408.0
P08CV01,BRG_010,2,1,67224.0
P08CV01,BRG_010,3,0,12972.0
P08CV01,BRG_011,0,1,47220.0
P08CV01,BRG_011,1,1,39612.0
P08CV01,BRG_011,2,1,33744.0
P08CV01,BRG_011,3,1,40992.0
P08CV01,BRG_011,4,0,6036.0
P08CV01,BRG_012,0,1,58404.0
P08CV01,BRG_012,1,1,35172.0
P08CV01,BRG_012,2,1,31884.0
P08CV01,BRG_012,3,1,41628.0
P08CV01,BRG_012,4,0,516.0
P08CV01,BRG_013,0,1,42780.0
P08CV01,BRG_013,1,1,52320.0
P08CV01,BRG_013,2,1,50796.0
P08CV01,BRG_013,3,0,21708.0
P08CV01,BRG_014,0,1,41292.0
P08CV01,BRG_014,1,1,31968.0
P08CV01,BRG_014,2,1,31212.0
P08CV01,BRG_014,3,1,46128.0
P08CV01,BRG_014,4,0,17004.0
P08CV01,BRG_015,0,1,25992.0
P08CV01,BRG_015,1,1,50928.0
P08CV01,BRG_015,2,1,38556.0
P08CV01,BRG_015,3,1,45420.0
P08CV01,BRG_015,4,0,6708.0
P08CV01,BRG_016,0,1,32712.0
P08CV01,BRG_016,1,1,60024.0
P08CV01,BRG_016,2,1,56100.0
P08CV01,BRG_016,3,0,18768.0
P08CV01,BRG_017,0,1,53376.0
P08CV01,BRG_017,1,1,67560.0
P08CV01,BRG_017,2,0,46668.0
P08CV01,BRG_018,0,1,23076.0
P08CV01,BRG_018,1,1,47088.0
P08CV01,BRG_018,2,1,41868.0
P08CV01,BRG_018,3,1,55176.0
P08CV01,BRG_018,4,0,396.0
P08CV01,BRG_019,0,1,46368.0
P08CV01,BRG_019,1,1,48036.0
P08CV01,BRG_019,2,1,67128.0
P08CV01,BRG_019,3,0,6072.0
P08CV01,BRG_020,0,1,42816.0
P08CV01,BRG_020,1,1,47136.0
P08CV01,BRG_020,2,1,15732.0
P08CV01,BRG_020,3,1,52212.0
P08CV01,BRG_020,4,0,9708.0
P08CV01,BRG_021,0,1,20856.0
P08CV01,BRG_021,1,1,66996.0
P08CV01,BRG_021,2,1,36480.0
P08CV01,BRG_021,3,0,43272.0
P08CV01,BRG_022,0,1,41616.0
P08CV01,BRG_022,1,1,52824.0
P08CV01,BRG_022,2,1,65124.0
P08CV01,BRG_022,3,0,8040.0
P08CV01,BRG_023,0,1,50856.0
P08CV01,BRG_023,1,1,17544.0
P08CV01,BRG_023,2,1,23088.0
P08CV01,BRG_023,3,1,46896.0
P08CV01,BRG_023,4,1,21516.0
P08CV01,BRG_023,5,0,7704.0
P08CV01,BRG_024,0,1,52044.0
P08CV01,BRG_024,1,1,21948.0
P08CV01,BRG_024,2,1,64020.0
P08CV01,BRG_024,3,0,29592.0
P08CV01,BRG_025,0,1,8772.0
P08CV01,BRG_025,1,1,39084.0
P08CV01,BRG_025,2,1,19860.0
P08CV01,BRG_025,3,1,39864.0
P08CV01,BRG_025,4,1,34836.0
P08CV01,BRG_025,5,0,25188.0
P08CV01,BRG_026,0,1,22500.0
P08CV01,BRG_026,1,1,18936.0
P08CV01,BRG_026,2,1,36420.0
P08CV01,BRG_026,3,1,30948.0
P08CV01,BRG_026,4,0,58800.0
P08CV01,BRG_027,0,1,41400.0
P08CV01,BRG_027,1,1,35028.0
P08CV01,BRG_027,2,1,41028.0
P08CV01,BRG_027,3,0,50148.0
P08CV01,BRG_028,0,1,50412.0
P08CV01,BRG_028,1,1,24276.0
P08CV01,BRG_028,2,1,48300.0
P08CV01,BRG_028,3,0,44616.0
P08CV01,BRG_029,0,1,57408.0
P08CV01,BRG_029,1,1,73500.0
P08CV01,BRG_029,2,1,32664.0
P08CV01,BRG_029,3,0,4032.0
P08CV01,BRG_030,0,1,28224.0
P08CV01,BRG_030,1,1,22884.0
P08CV01,BRG_030,2,1,64188.0
P08CV01,BRG_030,3,1,39300.0
P08CV01,BRG_030,4,0,13008.0
P08CV01,BRG_031,0,1,22920.0
P08CV01,BRG_031,1,1,43032.0
P08CV01,BRG_031,2,1,40164.0
P08CV01,BRG_031,3,1,44472.0
P08CV01,BRG_031,4,0,17016.0
P08CV01,BRG_032,0,1,42420.0
P08CV01,BRG_032,1,1,29340.0
P08CV01,BRG_032,2,1,43044.0
P08CV01,BRG_032,3,1,32952.0
P08CV01,BRG_032,4,0,19848.0
P08CV01,BRG_033,0,1,51624.0
P08CV01,BRG_033,1,1,55872.0
P08CV01,BRG_033,2,1,49260.0
P08CV01,BRG_033,3,0,10848.0
P08CV01,BRG_034,0,1,54300.0
P08CV01,BRG_034,1,1,42936.0
P08CV01,BRG_034,2,1,36264.0
P08CV01,BRG_034,3,0,34104.0
P08CV01,BRG_035,0,1,37116.0
P08CV01,BRG_035,1,1,54144.0
P08CV01,BRG_035,2,1,33420.0
P08CV01,BRG_035,3,1,35184.0
P08CV01,BRG_035,4,0,7740.0
P08CV01,BRG_036,0,1,42216.0
P08CV01,BRG_036,1,1,33504.0
P08CV01,BRG_036,2,1,44484.0
P08CV01,BRG_036,3,1,29964.0
P08CV01,BRG_036,4,0,17436.0
P08CV01,BRG_037,0,1,44448.0
P08CV01,BRG_037,1,1,38496.0
P08CV01,BRG_037,2,1,48528.0
P08CV01,BRG_037,3,0,36132.0
P08CV01,BRG_038,0,1,24144.0
P08CV01,BRG_038,1,1,37932.0
P08CV01,BRG_038,2,1,51804.0
P08CV01,BRG_038,3,1,22272.0
P08CV01,BRG_038,4,0,31452.0
P08CV01,BRG_039,0,1,38700.0
P08CV01,BRG_039,1,1,45924.0
P08CV01,BRG_039,2,1,36132.0
P08CV01,BRG_039,3,1,14448.0
P08CV01,BRG_039,4,1,28740.0
P08CV01,BRG_039,5,0,3660.0
P08CV01,BRG_040,0,1,33540.0
P08CV01,BRG_040,1,1,42024.0
P08CV01,BRG_040,2,1,58668.0
P08CV01,BRG_040,3,1,31044.0
P08CV01,BRG_040,4,0,2328.0
P08CV02,BRG_001,0,1,49392.0
P08CV02,BRG_001,1,1,55056.0
P08CV02,BRG_001,2,1,45708.0
P08CV02,BRG_001,3,0,16704.0
P08CV02,BRG_002,0,1,87288.0
P08CV02,BRG_002,1,1,44340.0
P08CV02,BRG_002,2,1,20796.0
P08CV02,BRG_002,3,0,14436.0
P08CV02,BRG_003,0,1,60060.0
P08CV02,BRG_003,1,1,65868.0
P08CV02,BRG_003,2,1,27336.0
P08CV02,BRG_003,3,0,13596.0
P08CV02,BRG_004,0,1,3996.0
P08CV02,BRG_004,1,1,40920.0
P08CV02,BRG_004,2,1,71484.0
P08CV02,BRG_004,3,1,42240.0
P08CV02,BRG_004,4,0,8220.0
P08CV02,BRG_005,0,1,18360.0
P08CV02,BRG_005,1,1,27228.0
P08CV02,BRG_005,2,1,43740.0
P08CV02,BRG_005,3,1,41796.0
P08CV02,BRG_005,4,1,21792.0
P08CV02,BRG_005,5,0,13944.0
P08CV02,BRG_006,0,1,48564.0
P08CV02,BRG_006,1,1,27060.0
P08CV02,BRG_006,2,1,36828.0
P08CV02,BRG_006,3,1,52176.0
P08CV02,BRG_006,4,0,2232.0
P08CV02,BRG_007,0,1,61764.0
P08CV02,BRG_007,1,1,13896.0
P08CV02,BRG_007,2,1,33696.0
P08CV02,BRG_007,3,1,47712.0
P08CV02,BRG_007,4,0,9792.0
P08CV02,BRG_008,0,1,58212.0
P08CV02,BRG_008,1,1,86280.0
P08CV02,BRG_008,2,0,22368.0
P08CV02,BRG_009,0,1,25128.0
P08CV02,BRG_009,1,1,41388.0
P08CV02,BRG_009,2,1,37416.0
P08CV02,BRG_009,3,1,44880.0
P08CV02,BRG_009,4,0,18048.0
P08CV02,BRG_010,0,1,50028.0
P08CV02,BRG_010,1,1,25488.0
P08CV02,BRG_010,2,1,36576.0
P08CV02,BRG_010,3,1,48276.0
P08CV02,BRG_010,4,0,6492.0
P08CV02,BRG_011,0,1,46908.0
P08CV02,BRG_011,1,1,15852.0
P08CV02,BRG_011,2,1,33408.0
P08CV02,BRG_011,3,1,48720.0
P08CV02,BRG_011,4,0,21972.0
P08CV02,BRG_012,0,1,29244.0
P08CV02,BRG_012,1,1,40068.0
P08CV02,BRG_012,2,1,46068.0
P08CV02,BRG_012,3,1,47244.0
P08CV02,BRG_012,4,0,4236.0
P08CV02,BRG_013,0,1,42216.0
P08CV02,BRG_013,1,1,32544.0
P08CV02,BRG_013,2,1,66816.0
P08CV02,BRG_013,3,0,25284.0
P08CV02,BRG_014,0,1,13596.0
P08CV02,BRG_014,1,1,53064.0
P08CV02,BRG_014,2,1,17928.0
P08CV02,BRG_014,3,1,42912.0
P08CV02,BRG_014,4,0,39360.0
P08CV02,BRG_015,0,1,24468.0
P08CV02,BRG_015,1,1,23760.0
P08CV02,BRG_015,2,1,36348.0
P08CV02,BRG_015,3,1,35724.0
P08CV02,BRG_015,4,0,46560.0
P08CV02,BRG_016,0,1,31788.0
P08CV02,BRG_016,1,1,39144.0
P08CV02,BRG_016,2,1,14268.0
P08CV02,BRG_016,3,1,43500.0
P08CV02,BRG_016,4,0,38160.0
P08CV02,BRG_017,0,1,51612.0
P08CV02,BRG_017,1,1,39324.0
P08CV02,BRG_017,2,1,51492.0
P08CV02,BRG_017,3,0,24432.0
P08CV02,BRG_018,0,1,15396.0
P08CV02,BRG_018,1,1,29940.0
P08CV02,BRG_018,2,1,52788.0
P08CV02,BRG_018,3,1,41688.0
P08CV02,BRG_018,4,0,27048.0
P08CV02,BRG_019,0,1,56160.0
P08CV02,BRG_019,1,1,48948.0
P08CV02,BRG_019,2,1,54168.0
P08CV02,BRG_019,3,0,7584.0
P08CV02,BRG_020,0,1,5544.0
P08CV02,BRG_020,1,1,12276.0
P08CV02,BRG_020,2,1,69564.0
P08CV02,BRG_020,3,1,39684.0
P08CV02,BRG_020,4,0,39792.0
P08CV02,BRG_021,0,1,31584.0
P08CV02,BRG_021,1,1,67812.0
P08CV02,BRG_021,2,1,21276.0
P08CV02,BRG_021,3,1,42768.0
P08CV02,BRG_021,4,0,3420.0
P08CV02,BRG_022,0,1,35796.0
P08CV02,BRG_022,1,1,26880.0
P08CV02,BRG_022,2,1,60624.0
P08CV02,BRG_022,3,1,33204.0
P08CV02,BRG_022,4,0,10356.0
P08CV02,BRG_023,0,1,22284.0
P08CV02,BRG_023,1,1,71184.0
P08CV02,BRG_023,2,1,60252.0
P08CV02,BRG_023,3,0,13140.0
P08CV02,BRG_024,0,1,21816.0
P08CV02,BRG_024,1,1,37416.0
P08CV02,BRG_024,2,1,44952.0
P08CV02,BRG_024,3,1,54552.0
P08CV02,BRG_024,4,0,8124.0
P08CV02,BRG_025,0,1,18540.0
P08CV02,BRG_025,1,1,29868.0
P08CV02,BRG_025,2,1,44136.0
P08CV02,BRG_025,3,1,45828.0
P08CV02,BRG_025,4,1,23952.0
P08CV02,BRG_025,5,0,4536.0
P08CV02,BRG_026,0,1,39072.0
P08CV02,BRG_026,1,1,40716.0
P08CV02,BRG_026,2,1,57624.0
P08CV02,BRG_026,3,0,29448.0
P08CV02,BRG_027,0,1,33036.0
P08CV02,BRG_027,1,1,33540.0
P08CV02,BRG_027,2,1,22692.0
P08CV02,BRG_027,3,1,9996.0
P08CV02,BRG_027,4,1,28560.0
P08CV02,BRG_027,5,1,22440.0
P08CV02,BRG_027,6,0,16596.0
P08CV02,BRG_028,0,1,37032.0
P08CV02,BRG_028,1,1,28824.0
P08CV02,BRG_028,2,1,61368.0
P08CV02,BRG_028,3,1,5700.0
P08CV02,BRG_028,4,0,33936.0
P08CV02,BRG_029,0,1,29664.0
P08CV02,BRG_029,1,1,30816.0
P08CV02,BRG_029,2,1,28884.0
P08CV02,BRG_029,3,1,35676.0
P08CV02,BRG_029,4,0,41820.0
P08CV02,BRG_030,0,1,35520.0
P08CV02,BRG_030,1,1,30324.0
P08CV02,BRG_030,2,1,59664.0
P08CV02,BRG_030,3,0,41352.0
P08CV02,BRG_031,0,1,49452.0
P08CV02,BRG_031,1,1,37320.0
P08CV02,BRG_031,2,1,44964.0
P08CV02,BRG_031,3,1,31116.0
P08CV02,BRG_031,4,0,4008.0
P08CV02,BRG_032,0,1,40644.0
P08CV02,BRG_032,1,1,51108.0
P08CV02,BRG_032,2,1,43116.0
P08CV02,BRG_032,3,0,31992.0
P08CV02,BRG_033,0,1,30444.0
P08CV02,BRG_033,1,1,57876.0
P08CV02,BRG_033,2,1,30804.0
P08CV02,BRG_033,3,1,33120.0
P08CV02,BRG_033,4,0,14616.0
P08CV02,BRG_034,0,1,55368.0
P08CV02,BRG_034,1,1,30888.0
P08CV02,BRG_034,2,1,51324.0
P08CV02,BRG_034,3,0,29280.0
P08CV02,BRG_035,0,1,34968.0
P08CV02,BRG_035,1,1,16032.0
P08CV02,BRG_035,2,1,41052.0
P08CV02,BRG_035,3,1,39540.0
P08CV02,BRG_035,4,1,16332.0
P08CV02,BRG_035,5,0,18936.0
P08CV02,BRG_036,0,1,39132.0
P08CV02,BRG_036,1,1,56328.0
P08CV02,BRG_036,2,1,37572.0
P08CV02,BRG_036,3,0,33828.0
P08CV02,BRG_037,0,1,54072.0
P08CV02,BRG_037,1,1,58440.0
P08CV02,BRG_037,2,1,21324.0
P08CV02,BRG_037,3,0,33024.0
P08CV02,BRG_038,0,1,40056.0
P08CV02,BRG_038,1,1,31128.0
P08CV02,BRG_038,2,1,20100.0
P08CV02,BRG_038,3,1,52164.0
P08CV02,BRG_038,4,0,23412.0
P08CV02,BRG_039,0,1,35268.0
P08CV02,BRG_039,1,1,47040.0
P08CV02,BRG_039,2,1,70968.0
P08CV02,BRG_039,3,0,13584.0
P08CV02,BRG_040,0,1,47688.0
P08CV02,BRG_040,1,1,39612.0
P08CV02,BRG_040,2,1,50460.0
P08CV02,BRG_040,3,0,29100.0
P08CV03,BRG_001,0,1,17856.0
P08CV03,BRG_001,1,1,44628.0
P08CV03,BRG_001,2,1,43668.0
P08CV03,BRG_001,3,1,47496.0
P08CV03,BRG_001,4,0,13788.0
P08CV03,BRG_002,0,1,29412.0
P08CV03,BRG_002,1,1,34464.0
P08CV03,BRG_002,2,1,39228.0
P08CV03,BRG_002,3,1,49524.0
P08CV03,BRG_002,4,1,10680.0
P08CV03,BRG_002,5,0,4128.0
P08CV03,BRG_003,0,1,43260.0
P08CV03,BRG_003,1,1,35748.0
P08CV03,BRG_003,2,1,22680.0
P08CV03,BRG_003,3,1,21816.0
P08CV03,BRG_003,4,1,31068.0
P08CV03,BRG_003,5,0,12864.0
P08CV03,BRG_004,0,1,55920.0
P08CV03,BRG_004,1,1,38832.0
P08CV03,BRG_004,2,1,61416.0
P08CV03,BRG_004,3,0,11268.0
P08CV03,BRG_005,0,1,38544.0
P08CV03,BRG_005,1,1,52080.0
P08CV03,BRG_005,2,1,34176.0
P08CV03,BRG_005,3,0,42636.0
P08CV03,BRG_006,0,1,22068.0
P08CV03,BRG_006,1,1,38076.0
P08CV03,BRG_006,2,1,27396.0
P08CV03,BRG_006,3,1,23892.0
P08CV03,BRG_006,4,0,56004.0
P08CV03,BRG_007,0,1,58932.0
P08CV03,BRG_007,1,1,54696.0
P08CV03,BRG_007,2,0,53808.0
P08CV03,BRG_008,0,1,37188.0
P08CV03,BRG_008,1,1,16116.0
P08CV03,BRG_008,2,1,66084.0
P08CV03,BRG_008,3,0,48048.0
P08CV03,BRG_009,0,1,35580.0
P08CV03,BRG_009,1,1,58260.0
P08CV03,BRG_009,2,1,45300.0
P08CV03,BRG_009,3,1,24132.0
P08CV03,BRG_009,4,0,4164.0
P08CV03,BRG_010,0,1,51876.0
P08CV03,BRG_010,1,1,35124.0
P08CV03,BRG_010,2,1,32016.0
P08CV03,BRG_010,3,0,48420.0
P08CV03,BRG_011,0,1,64968.0
P08CV03,BRG_011,1,1,23076.0
P08CV03,BRG_011,2,1,27660.0
P08CV03,BRG_011,3,0,51732.0
P08CV03,BRG_012,0,1,17220.0
P08CV03,BRG_012,1,1,60516.0
P08CV03,BRG_012,2,1,66240.0
P08CV03,BRG_012,3,0,23460.0
P08CV03,BRG_013,0,1,38508.0
P08CV03,BRG_013,1,1,45336.0
P08CV03,BRG_013,2,1,33096.0
P08CV03,BRG_013,3,0,50496.0
P08CV03,BRG_014,0,1,63816.0
P08CV03,BRG_014,1,1,54516.0
P08CV03,BRG_014,2,1,24096.0
P08CV03,BRG_014,3,0,25008.0
P08CV03,BRG_015,0,1,11676.0
P08CV03,BRG_015,1,1,38796.0
P08CV03,BRG_015,2,1,44172.0
P08CV03,BRG_015,3,1,37416.0
P08CV03,BRG_015,4,1,14052.0
P08CV03,BRG_015,5,0,21324.0
P08CV03,BRG_016,0,1,45936.0
P08CV03,BRG_016,1,1,46308.0
P08CV03,BRG_016,2,1,36156.0
P08CV03,BRG_016,3,1,29016.0
P08CV03,BRG_016,4,0,10020.0
P08CV03,BRG_017,0,1,46896.0
P08CV03,BRG_017,1,1,48744.0
P08CV03,BRG_017,2,1,30216.0
P08CV03,BRG_017,3,0,41580.0
P08CV03,BRG_018,0,1,50580.0
P08CV03,BRG_018,1,1,47280.0
P08CV03,BRG_018,2,1,63240.0
P08CV03,BRG_018,3,0,6336.0
P08CV03,BRG_019,0,1,71280.0
P08CV03,BRG_019,1,1,20904.0
P08CV03,BRG_019,2,1,8808.0
P08CV03,BRG_019,3,1,24036.0
P08CV03,BRG_019,4,1,24984.0
P08CV03,BRG_019,5,0,17424.0
P08CV03,BRG_020,0,1,72348.0
P08CV03,BRG_020,1,1,41664.0
P08CV03,BRG_020,2,1,36468.0
P08CV03,BRG_020,3,0,16956.0
P08CV03,BRG_021,0,1,51816.0
P08CV03,BRG_021,1,1,37584.0
P08CV03,BRG_021,2,1,49080.0
P08CV03,BRG_021,3,0,28956.0
P08CV03,BRG_022,0,1,42744.0
P08CV03,BRG_022,1,1,37464.0
P08CV03,BRG_022,2,1,59820.0
P08CV03,BRG_022,3,0,27408.0
P08CV03,BRG_023,0,1,61728.0
P08CV03,BRG_023,1,1,28632.0
P08CV03,BRG_023,2,1,44268.0
P08CV03,BRG_023,3,1,23868.0
P08CV03,BRG_023,4,0,8940.0
P08CV03,BRG_024,0,1,61116.0
P08CV03,BRG_024,1,1,31680.0
P08CV03,BRG_024,2,1,26604.0
P08CV03,BRG_024,3,1,42792.0
P08CV03,BRG_024,4,0,5244.0
P08CV03,BRG_025,0,1,44676.0
P08CV03,BRG_025,1,1,63576.0
P08CV03,BRG_025,2,0,59184.0
P08CV03,BRG_026,0,1,37536.0
P08CV03,BRG_026,1,1,47016.0
P08CV03,BRG_026,2,1,30804.0
P08CV03,BRG_026,3,1,30648.0
P08CV03,BRG_026,4,0,21432.0
P08CV03,BRG_027,0,1,30960.0
P08CV03,BRG_027,1,1,44304.0
P08CV03,BRG_027,2,1,19692.0
P08CV03,BRG_027,3,1,48888.0
P08CV03,BRG_027,4,0,23592.0
P08CV03,BRG_028,0,1,49428.0
P08CV03,BRG_028,1,1,50280.0
P08CV03,BRG_028,2,1,25992.0
P08CV03,BRG_028,3,1,31920.0
P08CV03,BRG_028,4,0,9816.0
P08CV03,BRG_029,0,1,29688.0
P08CV03,BRG_029,1,1,26268.0
P08CV03,BRG_029,2,1,24360.0
P08CV03,BRG_029,3,1,28572.0
P08CV03,BRG_029,4,1,54156.0
P08CV03,BRG_029,5,0,4392.0
P08CV03,BRG_030,0,1,49416.0
P08CV03,BRG_030,1,1,51156.0
P08CV03,BRG_030,2,0,66864.0
P08CV03,BRG_031,0,1,36516.0
P08CV03,BRG_031,1,1,53328.0
P08CV03,BRG_031,2,1,43668.0
P08CV03,BRG_031,3,1,22104.0
P08CV03,BRG_031,4,0,11820.0
P08CV03,BRG_032,0,1,41676.0
P08CV03,BRG_032,1,1,21060.0
P08CV03,BRG_032,2,1,57984.0
P08CV03,BRG_032,3,1,22056.0
P08CV03,BRG_032,4,0,24660.0
P08CV03,BRG_033,0,1,36768.0
P08CV03,BRG_033,1,1,53964.0
P08CV03,BRG_033,2,1,22332.0
P08CV03,BRG_033,3,1,10836.0
P08CV03,BRG_033,4,1,34704.0
P08CV03,BRG_033,5,0,8832.0
P08CV03,BRG_034,0,1,48348.0
P08CV03,BRG_034,1,1,51324.0
P08CV03,BRG_034,2,1,27564.0
P08CV03,BRG_034,3,1,7956.0
P08CV03,BRG_034,4,1,12264.0
P08CV03,BRG_034,5,0,19980.0
P08CV03,BRG_035,0,1,14016.0
P08CV03,BRG_035,1,1,42072.0
P08CV03,BRG_035,2,1,24696.0
P08CV03,BRG_035,3,1,34320.0
P08CV03,BRG_035,4,1,36432.0
P08CV03,BRG_035,5,0,15900.0
P08CV03,BRG_036,0,1,69156.0
P08CV03,BRG_036,1,1,53928.0
P08CV03,BRG_036,2,1,38304.0
P08CV03,BRG_036,3,0,6048.0
P08CV03,BRG_037,0,1,34848.0
P08CV03,BRG_037,1,1,55716.0
P08CV03,BRG_037,2,1,70572.0
P08CV03,BRG_037,3,0,6300.0
P08CV03,BRG_038,0,1,50148.0
P08CV03,BRG_038,1,1,51336.0
P08CV03,BRG_038,2,1,35256.0
P08CV03,BRG_038,3,0,30696.0
P08CV03,BRG_039,0,1,54348.0
P08CV03,BRG_039,1,1,48120.0
P08CV03,BRG_039,2,1,48384.0
P08CV03,BRG_039,3,0,16584.0
P08CV03,BRG_040,0,1,43680.0
P08CV03,BRG_040,1,1,35076.0
P08CV03,BRG_040,2,1,51972.0
P08CV03,BRG_040,3,1,25740.0
P08CV03,BRG_040,4,0,10968.0
P08CV04,BRG_001,0,1,39228.0
P08CV04,BRG_001,1,1,31992.0
P08CV04,BRG_001,2,1,70980.0
P08CV04,BRG_001,3,0,25056.0
P08CV04,BRG_002,0,1,53088.0
P08CV04,BRG_002,1,1,32148.0
P08CV04,BRG_002,2,1,35772.0
P08CV04,BRG_002,3,0,46248.0
P08CV04,BRG_003,0,1,47688.0
P08CV04,BRG_003,1,1,55116.0
P08CV04,BRG_003,2,1,25260.0
P08CV04,BRG_003,3,0,39192.0
P08CV04,BRG_004,0,1,45984.0
P08CV04,BRG_004,1,1,43224.0
P08CV04,BRG_004,2,1,32856.0
P08CV04,BRG_004,3,0,45192.0
P08CV04,BRG_005,0,1,57168.0
P08CV04,BRG_005,1,1,25764.0
P08CV04,BRG_005,2,1,50592.0
P08CV04,BRG_005,3,0,33732.0
P08CV04,BRG_006,0,1,16236.0
P08CV04,BRG_006,1,1,43440.0
P08CV04,BRG_006,2,1,26820.0
P08CV04,BRG_006,3,1,14484.0
P08CV04,BRG_006,4,1,38028.0
P08CV04,BRG_006,5,0,28248.0
P08CV04,BRG_007,0,1,37320.0
P08CV04,BRG_007,1,1,21792.0
P08CV04,BRG_007,2,1,17076.0
P08CV04,BRG_007,3,1,27168.0
P08CV04,BRG_007,4,1,55488.0
P08CV04,BRG_007,5,0,8412.0
P08CV04,BRG_008,0,1,18072.0
P08CV04,BRG_008,1,1,16620.0
P08CV04,BRG_008,2,1,57396.0
P08CV04,BRG_008,3,1,7908.0
P08CV04,BRG_008,4,0,67260.0
P08CV04,BRG_009,0,1,64908.0
P08CV04,BRG_009,1,1,40560.0
P08CV04,BRG_009,2,1,56604.0
P08CV04,BRG_009,3,0,5184.0
P08CV04,BRG_010,0,1,43728.0
P08CV04,BRG_010,1,1,25440.0
P08CV04,BRG_010,2,1,45420.0
P08CV04,BRG_010,3,1,50424.0
P08CV04,BRG_010,4,0,2244.0
P08CV04,BRG_011,0,1,43692.0
P08CV04,BRG_011,1,1,49200.0
P08CV04,BRG_011,2,1,62292.0
P08CV04,BRG_011,3,0,12072.0
P08CV04,BRG_012,0,1,56304.0
P08CV04,BRG_012,1,1,46776.0
P08CV04,BRG_012,2,1,44724.0
P08CV04,BRG_012,3,0,19452.0
P08CV04,BRG_013,0,1,69684.0
P08CV04,BRG_013,1,1,29796.0
P08CV04,BRG_013,2,1,40428.0
P08CV04,BRG_013,3,0,27348.0
P08CV04,BRG_014,0,1,46380.0
P08CV04,BRG_014,1,1,22704.0
P08CV04,BRG_014,2,1,43812.0
P08CV04,BRG_014,3,1,43692.0
P08CV04,BRG_014,4,0,10668.0
P08CV04,BRG_015,0,1,73740.0
P08CV04,BRG_015,1,1,43500.0
P08CV04,BRG_015,2,1,23652.0
P08CV04,BRG_015,3,0,26364.0
P08CV04,BRG_016,0,1,42768.0
P08CV04,BRG_016,1,1,50568.0
P08CV04,BRG_016,2,0,73920.0
P08CV04,BRG_017,0,1,21648.0
P08CV04,BRG_017,1,1,31104.0
P08CV04,BRG_017,2,1,40152.0
P08CV04,BRG_017,3,1,39408.0
P08CV04,BRG_017,4,0,34944.0
P08CV04,BRG_018,0,1,65928.0
P08CV04,BRG_018,1,1,49860.0
P08CV04,BRG_018,2,1,24780.0
P08CV04,BRG_018,3,0,26688.0
P08CV04,BRG_019,0,1,24156.0
P08CV04,BRG_019,1,1,30540.0
P08CV04,BRG_019,2,1,57924.0
P08CV04,BRG_019,3,0,54636.0
P08CV04,BRG_020,0,1,27684.0
P08CV04,BRG_020,1,1,33516.0
P08CV04,BRG_020,2,1,70488.0
P08CV04,BRG_020,3,0,35568.0
P08CV04,BRG_021,0,1,62616.0
P08CV04,BRG_021,1,1,58644.0
P08CV04,BRG_021,2,0,45996.0
P08CV04,BRG_022,0,1,36372.0
P08CV04,BRG_022,1,1,14220.0
P08CV04,BRG_022,2,1,30900.0
P08CV04,BRG_022,3,1,42060.0
P08CV04,BRG_022,4,1,29580.0
P08CV04,BRG_022,5,0,14124.0
P08CV04,BRG_023,0,1,45108.0
P08CV04,BRG_023,1,1,46116.0
P08CV04,BRG_023,2,1,31572.0
P08CV04,BRG_023,3,0,44460.0
P08CV04,BRG_024,0,1,52020.0
P08CV04,BRG_024,1,1,41160.0
P08CV04,BRG_024,2,1,37140.0
P08CV04,BRG_024,3,1,31308.0
P08CV04,BRG_024,4,0,5628.0
P08CV04,BRG_025,0,1,45360.0
P08CV04,BRG_025,1,1,36120.0
P08CV04,BRG_025,2,1,35964.0
P08CV04,BRG_025,3,0,49812.0
P08CV04,BRG_026,0,1,47796.0
P08CV04,BRG_026,1,1,28812.0
P08CV04,BRG_026,2,1,52476.0
P08CV04,BRG_026,3,1,13920.0
P08CV04,BRG_026,4,0,24252.0
P08CV04,BRG_027,0,1,29748.0
P08CV04,BRG_027,1,1,69240.0
P08CV04,BRG_027,2,1,33144.0
P08CV04,BRG_027,3,1,31632.0
P08CV04,BRG_027,4,0,3492.0
P08CV04,BRG_028,0,1,45636.0
P08CV04,BRG_028,1,1,59484.0
P08CV04,BRG_028,2,1,41484.0
P08CV04,BRG_028,3,0,20652.0
P08CV04,BRG_029,0,1,32688.0
P08CV04,BRG_029,1,1,38364.0
P08CV04,BRG_029,2,1,51300.0
P08CV04,BRG_029,3,1,34368.0
P08CV04,BRG_029,4,0,10536.0
P08CV04,BRG_030,0,1,52836.0
P08CV04,BRG_030,1,1,63336.0
P08CV04,BRG_030,2,1,45300.0
P08CV04,BRG_030,3,0,5784.0
P08CV04,BRG_031,0,1,34332.0
P08CV04,BRG_031,1,1,39132.0
P08CV04,BRG_031,2,1,45024.0
P08CV04,BRG_031,3,1,16608.0
P08CV04,BRG_031,4,0,32160.0
P08CV04,BRG_032,0,1,55404.0
P08CV04,BRG_032,1,1,36624.0
P08CV04,BRG_032,2,1,65988.0
P08CV04,BRG_032,3,0,9240.0
P08CV04,BRG_033,0,1,41580.0
P08CV04,BRG_033,1,1,46488.0
P08CV04,BRG_033,2,1,19812.0
P08CV04,BRG_033,3,1,38592.0
P08CV04,BRG_033,4,0,20784.0
P08CV04,BRG_034,0,1,33804.0
P08CV04,BRG_034,1,1,74688.0
P08CV04,BRG_034,2,1,58332.0
P08CV04,BRG_034,3,0,432.0
P08CV04,BRG_035,0,1,24744.0
P08CV04,BRG_035,1,1,52044.0
P08CV04,BRG_035,2,1,42024.0
P08CV04,BRG_035,3,0,48444.0
P08CV04,BRG_036,0,1,16500.0
P08CV04,BRG_036,1,1,40416.0
P08CV04,BRG_036,2,1,23064.0
P08CV04,BRG_036,3,1,36156.0
P08CV04,BRG_036,4,1,44676.0
P08CV04,BRG_036,5,0,6444.0
P08CV04,BRG_037,0,1,33840.0
P08CV04,BRG_037,1,1,35040.0
P08CV04,BRG_037,2,1,79680.0
P08CV04,BRG_037,3,0,18696.0
P08CV04,BRG_038,0,1,34416.0
P08CV04,BRG_038,1,1,27852.0
P08CV04,BRG_038,2,1,31836.0
P08CV04,BRG_038,3,1,36540.0
P08CV04,BRG_038,4,0,36612.0
P08CV04,BRG_039,0,1,40464.0
P08CV04,BRG_039,1,1,37248.0
P08CV04,BRG_039,2,1,47436.0
P08CV04,BRG_039,3,0,42108.0
P08CV04,BRG_040,0,1,36144.0
P08CV04,BRG_040,1,1,42384.0
P08CV04,BRG_040,2,1,47712.0
P08CV04,BRG_040,3,1,20880.0
P08CV04,BRG_040,4,0,20136.0
P08CV05,BRG_001,0,1,20064.0
P08CV05,BRG_001,1,1,50496.0
P08CV05,BRG_001,2,1,12168.0
P08CV05,BRG_001,3,1,24348.0
P08CV05,BRG_001,4,1,29904.0
P08CV05,BRG_001,5,0,30420.0
P08CV05,BRG_002,0,1,50712.0
P08CV05,BRG_002,1,1,68448.0
P08CV05,BRG_002,2,1,44028.0
P08CV05,BRG_002,3,0,4212.0
P08CV05,BRG_003,0,1,78444.0
P08CV05,BRG_003,1,1,25620.0
P08CV05,BRG_003,2,1,56004.0
P08CV05,BRG_003,3,0,7332.0
P08CV05,BRG_004,0,1,59952.0
P08CV05,BRG_004,1,1,90684.0
P08CV05,BRG_004,2,0,16764.0
P08CV05,BRG_005,0,1,45552.0
P08CV05,BRG_005,1,1,25320.0
P08CV05,BRG_005,2,1,38700.0
P08CV05,BRG_005,3,1,45012.0
P08CV05,BRG_005,4,0,12816.0
P08CV05,BRG_006,0,1,63264.0
P08CV05,BRG_006,1,1,59820.0
P08CV05,BRG_006,2,1,39036.0
P08CV05,BRG_006,3,0,5280.0
P08CV05,BRG_007,0,1,44184.0
P08CV05,BRG_007,1,1,52068.0
P08CV05,BRG_007,2,1,57288.0
P08CV05,BRG_007,3,0,13860.0
P08CV05,BRG_008,0,1,25668.0
P08CV05,BRG_008,1,1,60540.0
P08CV05,BRG_008,2,1,19320.0
P08CV05,BRG_008,3,1,44436.0
P08CV05,BRG_008,4,1,16512.0
P08CV05,BRG_008,5,0,924.0
P08CV05,BRG_009,0,1,35328.0
P08CV05,BRG_009,1,1,83496.0
P08CV05,BRG_009,2,1,46968.0
P08CV05,BRG_009,3,0,1608.0
P08CV05,BRG_010,0,1,36720.0
P08CV05,BRG_010,1,1,32364.0
P08CV05,BRG_010,2,1,52884.0
P08CV05,BRG_010,3,1,39528.0
P08CV05,BRG_010,4,0,5904.0
P08CV05,BRG_011,0,1,53484.0
P08CV05,BRG_011,1,1,66312.0
P08CV05,BRG_011,2,0,47604.0
P08CV05,BRG_012,0,1,61536.0
P08CV05,BRG_012,1,1,43548.0
P08CV05,BRG_012,2,1,37824.0
P08CV05,BRG_012,3,0,24492.0
P08CV05,BRG_013,0,1,17508.0
P08CV05,BRG_013,1,1,29580.0
P08CV05,BRG_013,2,1,33324.0
P08CV05,BRG_013,3,1,29220.0
P08CV05,BRG_013,4,1,44628.0
P08CV05,BRG_013,5,0,13140.0
P08CV05,BRG_014,0,1,13368.0
P08CV05,BRG_014,1,1,48036.0
P08CV05,BRG_014,2,1,52800.0
P08CV05,BRG_014,3,0,53196.0
P08CV05,BRG_015,0,1,35364.0
P08CV05,BRG_015,1,1,46764.0
P08CV05,BRG_015,2,1,43848.0
P08CV05,BRG_015,3,0,41424.0
P08CV05,BRG_016,0,1,42660.0
P08CV05,BRG_016,1,1,64896.0
P08CV05,BRG_016,2,0,59844.0
P08CV05,BRG_017,0,1,61056.0
P08CV05,BRG_017,1,1,61164.0
P08CV05,BRG_017,2,0,45180.0
P08CV05,BRG_018,0,1,34872.0
P08CV05,BRG_018,1,1,17472.0
P08CV05,BRG_018,2,1,33540.0
P08CV05,BRG_018,3,1,41028.0
P08CV05,BRG_018,4,1,28332.0
P08CV05,BRG_018,5,0,12156.0
P08CV05,BRG_019,0,1,2964.0
P08CV05,BRG_019,1,1,51804.0
P08CV05,BRG_019,2,1,48864.0
P08CV05,BRG_019,3,1,42120.0
P08CV05,BRG_019,4,0,21648.0
P08CV05,BRG_020,0,1,7692.0
P08CV05,BRG_020,1,1,34236.0
P08CV05,BRG_020,2,1,33408.0
P08CV05,BRG_020,3,1,47016.0
P08CV05,BRG_020,4,1,26112.0
P08CV05,BRG_020,5,1,13212.0
P08CV05,BRG_020,6,0,5724.0
P08CV05,BRG_021,0,1,33192.0
P08CV05,BRG_021,1,1,46032.0
P08CV05,BRG_021,2,1,43632.0
P08CV05,BRG_021,3,1,29124.0
P08CV05,BRG_021,4,0,15420.0
P08CV05,BRG_022,0,1,45900.0
P08CV05,BRG_022,1,1,31248.0
P08CV05,BRG_022,2,1,52788.0
P08CV05,BRG_022,3,1,29544.0
P08CV05,BRG_022,4,0,7920.0
P08CV05,BRG_023,0,1,51084.0
P08CV05,BRG_023,1,1,57372.0
P08CV05,BRG_023,2,1,31248.0
P08CV05,BRG_023,3,0,27696.0
P08CV05,BRG_024,0,1,33684.0
P08CV05,BRG_024,1,1,38376.0
P08CV05,BRG_024,2,1,69456.0
P08CV05,BRG_024,3,0,25884.0
P08CV05,BRG_025,0,1,25392.0
P08CV05,BRG_025,1,1,47568.0
P08CV05,BRG_025,2,1,32064.0
P08CV05,BRG_025,3,1,22212.0
P08CV05,BRG_025,4,0,40164.0
P08CV05,BRG_026,0,1,58536.0
P08CV05,BRG_026,1,1,36516.0
P08CV05,BRG_026,2,1,52416.0
P08CV05,BRG_026,3,0,19932.0
P08CV05,BRG_027,0,1,39348.0
P08CV05,BRG_027,1,1,43272.0
P08CV05,BRG_027,2,1,63000.0
P08CV05,BRG_027,3,0,21780.0
P08CV05,BRG_028,0,1,39552.0
P08CV05,BRG_028,1,1,55776.0
P08CV05,BRG_028,2,1,51672.0
P08CV05,BRG_028,3,0,20400.0
P08CV05,BRG_029,0,1,61788.0
P08CV05,BRG_029,1,1,31008.0
P08CV05,BRG_029,2,1,39528.0
P08CV05,BRG_029,3,0,35076.0
P08CV05,BRG_030,0,1,44220.0
P08CV05,BRG_030,1,1,59328.0
P08CV05,BRG_030,2,1,46536.0
P08CV05,BRG_030,3,1,16404.0
P08CV05,BRG_030,4,0,912.0
P08CV05,BRG_031,0,1,23580.0
P08CV05,BRG_031,1,1,31344.0
P08CV05,BRG_031,2,1,48744.0
P08CV05,BRG_031,3,1,41628.0
P08CV05,BRG_031,4,0,22104.0
P08CV05,BRG_032,0,1,26208.0
P08CV05,BRG_032,1,1,40752.0
P08CV05,BRG_032,2,1,44904.0
P08CV05,BRG_032,3,0,55536.0
P08CV05,BRG_033,0,1,70692.0
P08CV05,BRG_033,1,1,54888.0
P08CV05,BRG_033,2,0,41820.0
P08CV05,BRG_034,0,1,73188.0
P08CV05,BRG_034,1,1,45816.0
P08CV05,BRG_034,2,0,48396.0
P08CV05,BRG_035,0,1,15732.0
P08CV05,BRG_035,1,1,47640.0
P08CV05,BRG_035,2,1,46968.0
P08CV05,BRG_035,3,1,35640.0
P08CV05,BRG_035,4,0,21420.0
P08CV05,BRG_036,0,1,20028.0
P08CV05,BRG_036,1,1,38496.0
P08CV05,BRG_036,2,1,41472.0
P08CV05,BRG_036,3,1,51780.0
P08CV05,BRG_036,4,0,15624.0
P08CV05,BRG_037,0,1,35124.0
P08CV05,BRG_037,1,1,59172.0
P08CV05,BRG_037,2,1,32220.0
P08CV05,BRG_037,3,1,34116.0
P08CV05,BRG_037,4,0,6768.0
P08CV05,BRG_038,0,1,39264.0
P08CV05,BRG_038,1,1,51072.0
P08CV05,BRG_038,2,1,59856.0
P08CV05,BRG_038,3,0,17208.0
P08CV05,BRG_039,0,1,29604.0
P08CV05,BRG_039,1,1,61236.0
P08CV05,BRG_039,2,1,34728.0
P08CV05,BRG_039,3,0,41832.0
P08CV05,BRG_040,0,1,50460.0
P08CV05,BRG_040,1,1,49500.0
P08CV05,BRG_040,2,1,57564.0
P08CV05,BRG_040,3,0,9876.0
P08CV06,BRG_001,0,1,45552.0
P08CV06,BRG_001,1,1,41220.0
P08CV06,BRG_001,2,1,40176.0
P08CV06,BRG_001,3,0,40236.0
P08CV06,BRG_002,0,1,39600.0
P08CV06,BRG_002,1,1,46860.0
P08CV06,BRG_002,2,1,68148.0
P08CV06,BRG_002,3,0,12576.0
P08CV06,BRG_003,0,1,20856.0
P08CV06,BRG_003,1,1,49320.0
P08CV06,BRG_003,2,1,26952.0
P08CV06,BRG_003,3,1,44004.0
P08CV06,BRG_003,4,0,26052.0
P08CV06,BRG_004,0,1,35292.0
P08CV06,BRG_004,1,1,34128.0
P08CV06,BRG_004,2,1,38748.0
P08CV06,BRG_004,3,0,59016.0
P08CV06,BRG_005,0,1,40512.0
P08CV06,BRG_005,1,1,55824.0
P08CV06,BRG_005,2,1,52236.0
P08CV06,BRG_005,3,0,18612.0
P08CV06,BRG_006,0,1,43140.0
P08CV06,BRG_006,1,1,43176.0
P08CV06,BRG_006,2,1,52152.0
P08CV06,BRG_006,3,1,20292.0
P08CV06,BRG_006,4,0,8424.0
P08CV06,BRG_007,0,1,17124.0
P08CV06,BRG_007,1,1,33264.0
P08CV06,BRG_007,2,1,44004.0
P08CV06,BRG_007,3,1,44508.0
P08CV06,BRG_007,4,0,28284.0
P08CV06,BRG_008,0,1,41640.0
P08CV06,BRG_008,1,1,59952.0
P08CV06,BRG_008,2,1,56364.0
P08CV06,BRG_008,3,0,9228.0
P08CV06,BRG_009,0,1,44988.0
P08CV06,BRG_009,1,1,27312.0
P08CV06,BRG_009,2,1,48144.0
P08CV06,BRG_009,3,1,38964.0
P08CV06,BRG_009,4,0,7776.0
P08CV06,BRG_010,0,1,33624.0
P08CV06,BRG_010,1,1,70452.0
P08CV06,BRG_010,2,1,22068.0
P08CV06,BRG_010,3,0,41040.0
P08CV06,BRG_011,0,1,35232.0
P08CV06,BRG_011,1,1,46716.0
P08CV06,BRG_011,2,1,34644.0
P08CV06,BRG_011,3,1,43260.0
P08CV06,BRG_011,4,0,7332.0
P08CV06,BRG_012,0,1,40668.0
P08CV06,BRG_012,1,1,22740.0
P08CV06,BRG_012,2,1,32520.0
P08CV06,BRG_012,3,1,26700.0
P08CV06,BRG_012,4,0,44556.0
P08CV06,BRG_013,0,1,41628.0
P08CV06,BRG_013,1,1,51888.0
P08CV06,BRG_013,2,1,38364.0
P08CV06,BRG_013,3,0,35304.0
P08CV06,BRG_014,0,1,64656.0
P08CV06,BRG_014,1,1,33456.0
P08CV06,BRG_014,2,1,35316.0
P08CV06,BRG_014,3,0,33756.0
P08CV06,BRG_015,0,1,50424.0
P08CV06,BRG_015,1,1,35928.0
P08CV06,BRG_015,2,1,50880.0
P08CV06,BRG_015,3,1,25140.0
P08CV06,BRG_015,4,0,4812.0
P08CV06,BRG_016,0,1,63564.0
P08CV06,BRG_016,1,1,42192.0
P08CV06,BRG_016,2,1,36456.0
P08CV06,BRG_016,3,0,24972.0
P08CV06,BRG_017,0,1,18228.0
P08CV06,BRG_017,1,1,30108.0
P08CV06,BRG_017,2,1,56256.0
P08CV06,BRG_017,3,1,54696.0
P08CV06,BRG_017,4,0,7896.0
P08CV06,BRG_018,0,1,17040.0
P08CV06,BRG_018,1,1,38160.0
P08CV06,BRG_018,2,1,19668.0
P08CV06,BRG_018,3,1,28428.0
P08CV06,BRG_018,4,1,31812.0
P08CV06,BRG_018,5,0,32076.0
P08CV06,BRG_019,0,1,46116.0
P08CV06,BRG_019,1,1,50808.0
P08CV06,BRG_019,2,1,37740.0
P08CV06,BRG_019,3,0,32520.0
P08CV06,BRG_020,0,1,52548.0
P08CV06,BRG_020,1,1,64692.0
P08CV06,BRG_020,2,0,49944.0
P08CV06,BRG_021,0,1,46488.0
P08CV06,BRG_021,1,1,28152.0
P08CV06,BRG_021,2,1,20892.0
P08CV06,BRG_021,3,1,63480.0
P08CV06,BRG_021,4,0,8172.0
P08CV06,BRG_022,0,1,17472.0
P08CV06,BRG_022,1,1,47148.0
P08CV06,BRG_022,2,1,50652.0
P08CV06,BRG_022,3,1,45192.0
P08CV06,BRG_022,4,0,6720.0
P08CV06,BRG_023,0,1,47004.0
P08CV06,BRG_023,1,1,48384.0
P08CV06,BRG_023,2,1,35112.0
P08CV06,BRG_023,3,1,32820.0
P08CV06,BRG_023,4,0,3864.0
P08CV06,BRG_024,0,1,50760.0
P08CV06,BRG_024,1,1,43332.0
P08CV06,BRG_024,2,1,57528.0
P08CV06,BRG_024,3,0,15564.0
P08CV06,BRG_025,0,1,72360.0
P08CV06,BRG_025,1,1,52428.0
P08CV06,BRG_025,2,0,42396.0
P08CV06,BRG_026,0,1,15480.0
P08CV06,BRG_026,1,1,23604.0
P08CV06,BRG_026,2,1,28980.0
P08CV06,BRG_026,3,1,18480.0
P08CV06,BRG_026,4,1,42612.0
P08CV06,BRG_026,5,0,38028.0
P08CV06,BRG_027,0,1,38304.0
P08CV06,BRG_027,1,1,28812.0
P08CV06,BRG_027,2,1,28872.0
P08CV06,BRG_027,3,1,45948.0
P08CV06,BRG_027,4,0,25248.0
P08CV06,BRG_028,0,1,43920.0
P08CV06,BRG_028,1,1,12996.0
P08CV06,BRG_028,2,1,31548.0
P08CV06,BRG_028,3,1,12804.0
P08CV06,BRG_028,4,1,42588.0
P08CV06,BRG_028,5,0,23328.0
P08CV06,BRG_029,0,1,41652.0
P08CV06,BRG_029,1,1,46044.0
P08CV06,BRG_029,2,1,39696.0
P08CV06,BRG_029,3,1,17700.0
P08CV06,BRG_029,4,0,22092.0
P08CV06,BRG_030,0,1,26064.0
P08CV06,BRG_030,1,1,56880.0
P08CV06,BRG_030,2,1,31140.0
P08CV06,BRG_030,3,1,32028.0
P08CV06,BRG_030,4,0,21072.0
P08CV06,BRG_031,0,1,39756.0
P08CV06,BRG_031,1,1,54108.0
P08CV06,BRG_031,2,1,35760.0
P08CV06,BRG_031,3,1,22656.0
P08CV06,BRG_031,4,0,14904.0
P08CV06,BRG_032,0,1,40428.0
P08CV06,BRG_032,1,1,32976.0
P08CV06,BRG_032,2,1,68328.0
P08CV06,BRG_032,3,1,17616.0
P08CV06,BRG_032,4,0,7836.0
P08CV06,BRG_033,0,1,40680.0
P08CV06,BRG_033,1,1,20352.0
P08CV06,BRG_033,2,1,7908.0
P08CV06,BRG_033,3,1,8376.0
P08CV06,BRG_033,4,1,44028.0
P08CV06,BRG_033,5,1,33816.0
P08CV06,BRG_033,6,0,12024.0
P08CV06,BRG_034,0,1,22356.0
P08CV06,BRG_034,1,1,26232.0
P08CV06,BRG_034,2,1,41640.0
P08CV06,BRG_034,3,1,68244.0
P08CV06,BRG_034,4,0,8712.0
P08CV06,BRG_035,0,1,31248.0
P08CV06,BRG_035,1,1,32568.0
P08CV06,BRG_035,2,1,51852.0
P08CV06,BRG_035,3,1,8316.0
P08CV06,BRG_035,4,1,39564.0
P08CV06,BRG_035,5,0,3636.0
P08CV06,BRG_036,0,1,49212.0
P08CV06,BRG_036,1,1,46236.0
P08CV06,BRG_036,2,1,59460.0
P08CV06,BRG_036,3,0,12276.0
P08CV06,BRG_037,0,1,41904.0
P08CV06,BRG_037,1,1,56820.0
P08CV06,BRG_037,2,1,32016.0
P08CV06,BRG_037,3,0,36444.0
P08CV06,BRG_038,0,1,22440.0
P08CV06,BRG_038,1,1,75660.0
P08CV06,BRG_038,2,0,69084.0
P08CV06,BRG_039,0,1,32820.0
P08CV06,BRG_039,1,1,16020.0
P08CV06,BRG_039,2,1,50256.0
P08CV06,BRG_039,3,1,31560.0
P08CV06,BRG_039,4,0,36528.0
P08CV06,BRG_040,0,1,47292.0
P08CV06,BRG_040,1,1,61128.0
P08CV06,BRG_040,2,1,40332.0
P08CV06,BRG_040,3,0,18432.0
P08CV07,BRG_001,0,1,32364.0
P08CV07,BRG_001,1,1,35568.0
P08CV07,BRG_001,2,1,33816.0
P08CV07,BRG_001,3,1,57360.0
P08CV07,BRG_001,4,0,8472.0
P08CV07,BRG_002,0,1,24168.0
P08CV07,BRG_002,1,1,44664.0
P08CV07,BRG_002,2,1,24192.0
P08CV07,BRG_002,3,1,33816.0
P08CV07,BRG_002,4,0,40740.0
P08CV07,BRG_003,0,1,60852.0
P08CV07,BRG_003,1,1,20256.0
P08CV07,BRG_003,2,1,53556.0
P08CV07,BRG_003,3,0,32916.0
P08CV07,BRG_004,0,1,60624.0
P08CV07,BRG_004,1,1,41424.0
P08CV07,BRG_004,2,1,31404.0
P08CV07,BRG_004,3,1,31740.0
P08CV07,BRG_004,4,0,2388.0
P08CV07,BRG_005,0,1,48468.0
P08CV07,BRG_005,1,1,35112.0
P08CV07,BRG_005,2,1,38544.0
P08CV07,BRG_005,3,0,45456.0
P08CV07,BRG_006,0,1,53052.0
P08CV07,BRG_006,1,1,63936.0
P08CV07,BRG_006,2,1,45132.0
P08CV07,BRG_006,3,0,5460.0
P08CV07,BRG_007,0,1,45684.0
P08CV07,BRG_007,1,1,84372.0
P08CV07,BRG_007,2,1,36924.0
P08CV07,BRG_007,3,0,600.0
P08CV07,BRG_008,0,1,32376.0
P08CV07,BRG_008,1,1,47100.0
P08CV07,BRG_008,2,1,40872.0
P08CV07,BRG_008,3,1,25608.0
P08CV07,BRG_008,4,0,21624.0
P08CV07,BRG_009,0,1,36300.0
P08CV07,BRG_009,1,1,42792.0
P08CV07,BRG_009,2,1,67644.0
P08CV07,BRG_009,3,0,20844.0
P08CV07,BRG_010,0,1,40524.0
P08CV07,BRG_010,1,1,32340.0
P08CV07,BRG_010,2,1,35460.0
P08CV07,BRG_010,3,1,24576.0
P08CV07,BRG_010,4,0,34680.0
P08CV07,BRG_011,0,1,49236.0
P08CV07,BRG_011,1,1,23148.0
P08CV07,BRG_011,2,1,61656.0
P08CV07,BRG_011,3,1,24876.0
P08CV07,BRG_011,4,0,8664.0
P08CV07,BRG_012,0,1,48552.0
P08CV07,BRG_012,1,1,32664.0
P08CV07,BRG_012,2,1,63744.0
P08CV07,BRG_012,3,0,22620.0
P08CV07,BRG_013,0,1,51372.0
P08CV07,BRG_013,1,1,25572.0
P08CV07,BRG_013,2,1,69072.0
P08CV07,BRG_013,3,0,21564.0
P08CV07,BRG_014,0,1,44664.0
P08CV07,BRG_014,1,1,50736.0
P08CV07,BRG_014,2,1,26112.0
P08CV07,BRG_014,3,0,46068.0
P08CV07,BRG_015,0,1,29940.0
P08CV07,BRG_015,1,1,54516.0
P08CV07,BRG_015,2,1,8100.0
P08CV07,BRG_015,3,1,53712.0
P08CV07,BRG_015,4,0,21312.0
P08CV07,BRG_016,0,1,51780.0
P08CV07,BRG_016,1,1,27468.0
P08CV07,BRG_016,2,1,32844.0
P08CV07,BRG_016,3,0,55488.0
P08CV07,BRG_017,0,1,20436.0
P08CV07,BRG_017,1,1,51708.0
P08CV07,BRG_017,2,1,14160.0
P08CV07,BRG_017,3,1,66612.0
P08CV07,BRG_017,4,0,14664.0
P08CV07,BRG_018,0,1,29556.0
P08CV07,BRG_018,1,1,42816.0
P08CV07,BRG_018,2,1,56628.0
P08CV07,BRG_018,3,0,38580.0
P08CV07,BRG_019,0,1,57384.0
P08CV07,BRG_019,1,1,60168.0
P08CV07,BRG_019,2,0,50028.0
P08CV07,BRG_020,0,1,24420.0
P08CV07,BRG_020,1,1,22416.0
P08CV07,BRG_020,2,1,78048.0
P08CV07,BRG_020,3,1,18156.0
P08CV07,BRG_020,4,0,24540.0
P08CV07,BRG_021,0,1,74724.0
P08CV07,BRG_021,1,1,58524.0
P08CV07,BRG_021,2,0,34332.0
P08CV07,BRG_022,0,1,54876.0
P08CV07,BRG_022,1,1,39444.0
P08CV07,BRG_022,2,1,41544.0
P08CV07,BRG_022,3,0,31716.0
P08CV07,BRG_023,0,1,44700.0
P08CV07,BRG_023,1,1,27888.0
P08CV07,BRG_023,2,1,31848.0
P08CV07,BRG_023,3,1,51300.0
P08CV07,BRG_023,4,0,11844.0
P08CV07,BRG_024,0,1,68016.0
P08CV07,BRG_024,1,1,27684.0
P08CV07,BRG_024,2,1,21936.0
P08CV07,BRG_024,3,0,49944.0
P08CV07,BRG_025,0,1,25332.0
P08CV07,BRG_025,1,1,52884.0
P08CV07,BRG_025,2,1,44472.0
P08CV07,BRG_025,3,1,35592.0
P08CV07,BRG_025,4,0,9300.0
P08CV07,BRG_026,0,1,30144.0
P08CV07,BRG_026,1,1,46572.0
P08CV07,BRG_026,2,1,18096.0
P08CV07,BRG_026,3,1,38520.0
P08CV07,BRG_026,4,0,34248.0
P08CV07,BRG_027,0,1,44928.0
P08CV07,BRG_027,1,1,54180.0
P08CV07,BRG_027,2,1,25452.0
P08CV07,BRG_027,3,0,43020.0
P08CV07,BRG_028,0,1,86820.0
P08CV07,BRG_028,1,1,49056.0
P08CV07,BRG_028,2,0,31704.0
P08CV07,BRG_029,0,1,41316.0
P08CV07,BRG_029,1,1,39984.0
P08CV07,BRG_029,2,1,42264.0
P08CV07,BRG_029,3,0,44016.0
P08CV07,BRG_030,0,1,55584.0
P08CV07,BRG_030,1,1,43632.0
P08CV07,BRG_030,2,1,27912.0
P08CV07,BRG_030,3,1,29964.0
P08CV07,BRG_030,4,0,10488.0
P08CV07,BRG_031,0,1,51360.0
P08CV07,BRG_031,1,1,29688.0
P08CV07,BRG_031,2,1,46068.0
P08CV07,BRG_031,3,0,40464.0
P08CV07,BRG_032,0,1,56724.0
P08CV07,BRG_032,1,1,48660.0
P08CV07,BRG_032,2,1,53688.0
P08CV07,BRG_032,3,0,8508.0
P08CV07,BRG_033,0,1,45720.0
P08CV07,BRG_033,1,1,29208.0
P08CV07,BRG_033,2,1,25140.0
P08CV07,BRG_033,3,1,31344.0
P08CV07,BRG_033,4,0,36168.0
P08CV07,BRG_034,0,1,33384.0
P08CV07,BRG_034,1,1,27924.0
P08CV07,BRG_034,2,1,44400.0
P08CV07,BRG_034,3,1,32376.0
P08CV07,BRG_034,4,0,29496.0
P08CV07,BRG_035,0,1,51456.0
P08CV07,BRG_035,1,1,26604.0
P08CV07,BRG_035,2,1,33396.0
P08CV07,BRG_035,3,1,51780.0
P08CV07,BRG_035,4,0,4344.0
P08CV07,BRG_036,0,1,44052.0
P08CV07,BRG_036,1,1,31272.0
P08CV07,BRG_036,2,1,38220.0
P08CV07,BRG_036,3,1,24360.0
P08CV07,BRG_036,4,0,29676.0
P08CV07,BRG_037,0,1,29880.0
P08CV07,BRG_037,1,1,56364.0
P08CV07,BRG_037,2,1,29796.0
P08CV07,BRG_037,3,1,45684.0
P08CV07,BRG_037,4,0,5856.0
P08CV07,BRG_038,0,1,25200.0
P08CV07,BRG_038,1,1,12264.0
P08CV07,BRG_038,2,1,62736.0
P08CV07,BRG_038,3,1,47868.0
P08CV07,BRG_038,4,0,19512.0
P08CV07,BRG_039,0,1,28776.0
P08CV07,BRG_039,1,1,39780.0
P08CV07,BRG_039,2,1,64836.0
P08CV07,BRG_039,3,0,34188.0
P08CV07,BRG_040,0,1,28932.0
P08CV07,BRG_040,1,1,67524.0
P08CV07,BRG_040,2,1,59580.0
P08CV07,BRG_040,3,0,11544.0
P08CV08,BRG_001,0,1,38928.0
P08CV08,BRG_001,1,1,43776.0
P08CV08,BRG_001,2,1,32160.0
P08CV08,BRG_001,3,1,19488.0
P08CV08,BRG_001,4,0,33372.0
P08CV08,BRG_002,0,1,33348.0
P08CV08,BRG_002,1,1,55584.0
P08CV08,BRG_002,2,1,34608.0
P08CV08,BRG_002,3,0,44184.0
P08CV08,BRG_003,0,1,34032.0
P08CV08,BRG_003,1,1,32400.0
P08CV08,BRG_003,2,1,33528.0
P08CV08,BRG_003,3,1,57360.0
P08CV08,BRG_003,4,0,10404.0
P08CV08,BRG_004,0,1,62280.0
P08CV08,BRG_004,1,1,40380.0
P08CV08,BRG_004,2,1,32652.0
P08CV08,BRG_004,3,1,30252.0
P08CV08,BRG_004,4,0,2160.0
P08CV08,BRG_005,0,1,32520.0
P08CV08,BRG_005,1,1,28500.0
P08CV08,BRG_005,2,1,15708.0
P08CV08,BRG_005,3,1,47328.0
P08CV08,BRG_005,4,0,43668.0
P08CV08,BRG_006,0,1,10704.0
P08CV08,BRG_006,1,1,76812.0
P08CV08,BRG_006,2,1,32820.0
P08CV08,BRG_006,3,1,23256.0
P08CV08,BRG_006,4,0,24132.0
P08CV08,BRG_007,0,1,50964.0
P08CV08,BRG_007,1,1,36180.0
P08CV08,BRG_007,2,1,35280.0
P08CV08,BRG_007,3,1,11868.0
P08CV08,BRG_007,4,0,33432.0
P08CV08,BRG_008,0,1,53508.0
P08CV08,BRG_008,1,1,60900.0
P08CV08,BRG_008,2,1,47472.0
P08CV08,BRG_008,3,0,5844.0
P08CV08,BRG_009,0,1,31260.0
P08CV08,BRG_009,1,1,48228.0
P08CV08,BRG_009,2,1,22092.0
P08CV08,BRG_009,3,1,50184.0
P08CV08,BRG_009,4,0,15960.0
P08CV08,BRG_010,0,1,18996.0
P08CV08,BRG_010,1,1,48336.0
P08CV08,BRG_010,2,1,58872.0
P08CV08,BRG_010,3,1,38988.0
P08CV08,BRG_010,4,0,2532.0
P08CV08,BRG_011,0,1,70272.0
P08CV08,BRG_011,1,1,42036.0
P08CV08,BRG_011,2,1,32832.0
P08CV08,BRG_011,3,0,22584.0
P08CV08,BRG_012,0,1,45060.0
P08CV08,BRG_012,1,1,54888.0
P08CV08,BRG_012,2,1,27324.0
P08CV08,BRG_012,3,0,40452.0
P08CV08,BRG_013,0,1,31800.0
P08CV08,BRG_013,1,1,52320.0
P08CV08,BRG_013,2,1,53832.0
P08CV08,BRG_013,3,0,29772.0
P08CV08,BRG_014,0,1,39156.0
P08CV08,BRG_014,1,1,37032.0
P08CV08,BRG_014,2,1,60192.0
P08CV08,BRG_014,3,0,31344.0
P08CV08,BRG_015,0,1,46692.0
P08CV08,BRG_015,1,1,53112.0
P08CV08,BRG_015,2,1,10596.0
P08CV08,BRG_015,3,1,45168.0
P08CV08,BRG_015,4,0,12156.0
P08CV08,BRG_016,0,1,37716.0
P08CV08,BRG_016,1,1,32280.0
P08CV08,BRG_016,2,1,49488.0
P08CV08,BRG_016,3,1,36408.0
P08CV08,BRG_016,4,0,11832.0
P08CV08,BRG_017,0,1,46632.0
P08CV08,BRG_017,1,1,60036.0
P08CV08,BRG_017,2,1,45132.0
P08CV08,BRG_017,3,0,15924.0
P08CV08,BRG_018,0,1,31980.0
P08CV08,BRG_018,1,1,42000.0
P08CV08,BRG_018,2,1,72900.0
P08CV08,BRG_018,3,0,20844.0
P08CV08,BRG_019,0,1,43032.0
P08CV08,BRG_019,1,1,56904.0
P08CV08,BRG_019,2,1,21648.0
P08CV08,BRG_019,3,1,23904.0
P08CV08,BRG_019,4,0,22236.0
P08CV08,BRG_020,0,1,16980.0
P08CV08,BRG_020,1,1,42780.0
P08CV08,BRG_020,2,1,41232.0
P08CV08,BRG_020,3,1,58332.0
P08CV08,BRG_020,4,0,8400.0
P08CV08,BRG_021,0,1,30408.0
P08CV08,BRG_021,1,1,41844.0
P08CV08,BRG_021,2,1,51720.0
P08CV08,BRG_021,3,1,15708.0
P08CV08,BRG_021,4,0,28044.0
P08CV08,BRG_022,0,1,54528.0
P08CV08,BRG_022,1,1,28584.0
P08CV08,BRG_022,2,1,52044.0
P08CV08,BRG_022,3,1,29952.0
P08CV08,BRG_022,4,0,2616.0
P08CV08,BRG_023,0,1,20448.0
P08CV08,BRG_023,1,1,38628.0
P08CV08,BRG_023,2,1,48504.0
P08CV08,BRG_023,3,1,29364.0
P08CV08,BRG_023,4,0,30780.0
P08CV08,BRG_024,0,1,61740.0
P08CV08,BRG_024,1,1,51372.0
P08CV08,BRG_024,2,1,51720.0
P08CV08,BRG_024,3,0,2892.0
P08CV08,BRG_025,0,1,59640.0
P08CV08,BRG_025,1,1,25440.0
P08CV08,BRG_025,2,1,29556.0
P08CV08,BRG_025,3,1,34716.0
P08CV08,BRG_025,4,0,18372.0
P08CV08,BRG_026,0,1,47400.0
P08CV08,BRG_026,1,1,26544.0
P08CV08,BRG_026,2,1,57516.0
P08CV08,BRG_026,3,0,36264.0
P08CV08,BRG_027,0,1,38004.0
P08CV08,BRG_027,1,1,68892.0
P08CV08,BRG_027,2,1,39876.0
P08CV08,BRG_027,3,1,20832.0
P08CV08,BRG_027,4,0,120.0
P08CV08,BRG_028,0,1,26100.0
P08CV08,BRG_028,1,1,27576.0
P08CV08,BRG_028,2,1,31176.0
P08CV08,BRG_028,3,1,52656.0
P08CV08,BRG_028,4,0,30216.0
P08CV08,BRG_029,0,1,35148.0
P08CV08,BRG_029,1,1,41028.0
P08CV08,BRG_029,2,1,44628.0
P08CV08,BRG_029,3,1,42600.0
P08CV08,BRG_029,4,0,4320.0
P08CV08,BRG_030,0,1,50304.0
P08CV08,BRG_030,1,1,51816.0
P08CV08,BRG_030,2,1,36372.0
P08CV08,BRG_030,3,0,29232.0
P08CV08,BRG_031,0,1,57792.0
P08CV08,BRG_031,1,1,55884.0
P08CV08,BRG_031,2,1,22308.0
P08CV08,BRG_031,3,0,31740.0
P08CV08,BRG_032,0,1,53004.0
P08CV08,BRG_032,1,1,42228.0
P08CV08,BRG_032,2,1,66300.0
P08CV08,BRG_032,3,0,6192.0
P08CV08,BRG_033,0,1,28380.0
P08CV08,BRG_033,1,1,31296.0
P08CV08,BRG_033,2,1,18768.0
P08CV08,BRG_033,3,1,37632.0
P08CV08,BRG_033,4,1,35340.0
P08CV08,BRG_033,5,0,16308.0
P08CV08,BRG_034,0,1,49632.0
P08CV08,BRG_034,1,1,38736.0
P08CV08,BRG_034,2,1,53196.0
P08CV08,BRG_034,3,0,26160.0
P08CV08,BRG_035,0,1,41052.0
P08CV08,BRG_035,1,1,54528.0
P08CV08,BRG_035,2,1,62784.0
P08CV08,BRG_035,3,0,9360.0
P08CV08,BRG_036,0,1,55428.0
P08CV08,BRG_036,1,1,36576.0
P08CV08,BRG_036,2,1,30360.0
P08CV08,BRG_036,3,1,26016.0
P08CV08,BRG_036,4,0,19344.0
P08CV08,BRG_037,0,1,52008.0
P08CV08,BRG_037,1,1,43920.0
P08CV08,BRG_037,2,1,55860.0
P08CV08,BRG_037,3,0,15936.0
P08CV08,BRG_038,0,1,23760.0
P08CV08,BRG_038,1,1,59772.0
P08CV08,BRG_038,2,1,49140.0
P08CV08,BRG_038,3,0,35052.0
P08CV08,BRG_039,0,1,37920.0
P08CV08,BRG_039,1,1,44844.0
P08CV08,BRG_039,2,1,69012.0
P08CV08,BRG_039,3,0,15948.0
P08CV08,BRG_040,0,1,39864.0
P08CV08,BRG_040,1,1,24156.0
P08CV08,BRG_040,2,1,32040.0
P08CV08,BRG_040,3,1,32112.0
P08CV08,BRG_040,4,1,33012.0
P08CV08,BRG_040,5,0,6540.0
P08CV09,BRG_001,0,1,31500.0
P08CV09,BRG_001,1,1,42600.0
P08CV09,BRG_001,2,1,45084.0
P08CV09,BRG_001,3,1,46656.0
P08CV09,BRG_001,4,0,1452.0
P08CV09,BRG_002,0,1,48492.0
P08CV09,BRG_002,1,1,24648.0
P08CV09,BRG_002,2,1,55776.0
P08CV09,BRG_002,3,0,38376.0
P08CV09,BRG_003,0,1,30132.0
P08CV09,BRG_003,1,1,58248.0
P08CV09,BRG_003,2,1,33816.0
P08CV09,BRG_003,3,1,25704.0
P08CV09,BRG_003,4,0,19392.0
P08CV09,BRG_004,0,1,36480.0
P08CV09,BRG_004,1,1,38772.0
P08CV09,BRG_004,2,1,49668.0
P08CV09,BRG_004,3,0,42372.0
P08CV09,BRG_005,0,1,53532.0
P08CV09,BRG_005,1,1,32412.0
P08CV09,BRG_005,2,1,69408.0
P08CV09,BRG_005,3,0,11940.0
P08CV09,BRG_006,0,1,15984.0
P08CV09,BRG_006,1,1,19224.0
P08CV09,BRG_006,2,1,13416.0
P08CV09,BRG_006,3,1,18324.0
P08CV09,BRG_006,4,1,72576.0
P08CV09,BRG_006,5,0,27768.0
P08CV09,BRG_007,0,1,69276.0
P08CV09,BRG_007,1,1,52548.0
P08CV09,BRG_007,2,0,45468.0
P08CV09,BRG_008,0,1,32988.0
P08CV09,BRG_008,1,1,46836.0
P08CV09,BRG_008,2,1,54540.0
P08CV09,BRG_008,3,0,32928.0
P08CV09,BRG_009,0,1,55512.0
P08CV09,BRG_009,1,1,62160.0
P08CV09,BRG_009,2,0,49620.0
P08CV09,BRG_010,0,1,38256.0
P08CV09,BRG_010,1,1,45432.0
P08CV09,BRG_010,2,1,35904.0
P08CV09,BRG_010,3,1,21828.0
P08CV09,BRG_010,4,0,25872.0
P08CV09,BRG_011,0,1,60084.0
P08CV09,BRG_011,1,1,24732.0
P08CV09,BRG_011,2,1,32184.0
P08CV09,BRG_011,3,1,22584.0
P08CV09,BRG_011,4,0,27708.0
P08CV09,BRG_012,0,1,36816.0
P08CV09,BRG_012,1,1,24144.0
P08CV09,BRG_012,2,1,38832.0
P08CV09,BRG_012,3,1,44676.0
P08CV09,BRG_012,4,0,22824.0
P08CV09,BRG_013,0,1,37428.0
P08CV09,BRG_013,1,1,51636.0
P08CV09,BRG_013,2,1,57888.0
P08CV09,BRG_013,3,0,20340.0
P08CV09,BRG_014,0,1,59472.0
P08CV09,BRG_014,1,1,25860.0
P08CV09,BRG_014,2,1,30696.0
P08CV09,BRG_014,3,1,34596.0
P08CV09,BRG_014,4,0,16668.0
P08CV09,BRG_015,0,1,25224.0
P08CV09,BRG_015,1,1,58572.0
P08CV09,BRG_015,2,1,42420.0
P08CV09,BRG_015,3,0,41076.0
P08CV09,BRG_016,0,1,24660.0
P08CV09,BRG_016,1,1,58848.0
P08CV09,BRG_016,2,1,7920.0
P08CV09,BRG_016,3,1,36684.0
P08CV09,BRG_016,4,1,31488.0
P08CV09,BRG_016,5,0,7692.0
P08CV09,BRG_017,0,1,16320.0
P08CV09,BRG_017,1,1,42672.0
P08CV09,BRG_017,2,1,58380.0
P08CV09,BRG_017,3,0,49920.0
P08CV09,BRG_018,0,1,48684.0
P08CV09,BRG_018,1,1,48372.0
P08CV09,BRG_018,2,1,35520.0
P08CV09,BRG_018,3,1,33552.0
P08CV09,BRG_018,4,0,1164.0
P08CV09,BRG_019,0,1,56640.0
P08CV09,BRG_019,1,1,63876.0
P08CV09,BRG_019,2,1,44436.0
P08CV09,BRG_019,3,0,2340.0
P08CV09,BRG_020,0,1,35940.0
P08CV09,BRG_020,1,1,63468.0
P08CV09,BRG_020,2,1,48672.0
P08CV09,BRG_020,3,0,19212.0
P08CV09,BRG_021,0,1,42600.0
P08CV09,BRG_021,1,1,23520.0
P08CV09,BRG_021,2,1,50592.0
P08CV09,BRG_021,3,1,49212.0
P08CV09,BRG_021,4,0,1368.0
P08CV09,BRG_022,0,1,32808.0
P08CV09,BRG_022,1,1,46740.0
P08CV09,BRG_022,2,1,37248.0
P08CV09,BRG_022,3,1,44688.0
P08CV09,BRG_022,4,0,5808.0
P08CV09,BRG_023,0,1,29424.0
P08CV09,BRG_023,1,1,50040.0
P08CV09,BRG_023,2,1,45444.0
P08CV09,BRG_023,3,0,42384.0
P08CV09,BRG_024,0,1,42948.0
P08CV09,BRG_024,1,1,14160.0
P08CV09,BRG_024,2,1,49008.0
P08CV09,BRG_024,3,1,51900.0
P08CV09,BRG_024,4,0,9276.0
P08CV09,BRG_025,0,1,27672.0
P08CV09,BRG_025,1,1,43164.0
P08CV09,BRG_025,2,1,54756.0
P08CV09,BRG_025,3,0,41700.0
P08CV09,BRG_026,0,1,34764.0
P08CV09,BRG_026,1,1,54636.0
P08CV09,BRG_026,2,1,43776.0
P08CV09,BRG_026,3,1,32388.0
P08CV09,BRG_026,4,0,1728.0
P08CV09,BRG_027,0,1,64212.0
P08CV09,BRG_027,1,1,59100.0
P08CV09,BRG_027,2,0,43980.0
P08CV09,BRG_028,0,1,42360.0
P08CV09,BRG_028,1,1,13308.0
P08CV09,BRG_028,2,1,69528.0
P08CV09,BRG_028,3,1,34992.0
P08CV09,BRG_028,4,0,7104.0
P08CV09,BRG_029,0,1,51012.0
P08CV09,BRG_029,1,1,12588.0
P08CV09,BRG_029,2,1,19176.0
P08CV09,BRG_029,3,1,27324.0
P08CV09,BRG_029,4,1,40584.0
P08CV09,BRG_029,5,0,16608.0
P08CV09,BRG_030,0,1,29148.0
P08CV09,BRG_030,1,1,33324.0
P08CV09,BRG_030,2,1,37164.0
P08CV09,BRG_030,3,1,31680.0
P08CV09,BRG_030,4,1,29268.0
P08CV09,BRG_030,5,0,6708.0
P08CV09,BRG_031,0,1,20412.0
P08CV09,BRG_031,1,1,45528.0
P08CV09,BRG_031,2,1,47832.0
P08CV09,BRG_031,3,1,25140.0
P08CV09,BRG_031,4,0,28380.0
P08CV09,BRG_032,0,1,16620.0
P08CV09,BRG_032,1,1,48156.0
P08CV09,BRG_032,2,1,39960.0
P08CV09,BRG_032,3,1,58356.0
P08CV09,BRG_032,4,0,4200.0
P08CV09,BRG_033,0,1,70872.0
P08CV09,BRG_033,1,1,56316.0
P08CV09,BRG_033,2,1,34860.0
P08CV09,BRG_033,3,0,5244.0
P08CV09,BRG_034,0,1,30312.0
P08CV09,BRG_034,1,1,25932.0
P08CV09,BRG_034,2,1,32952.0
P08CV09,BRG_034,3,1,37452.0
P08CV09,BRG_034,4,1,32676.0
P08CV09,BRG_034,5,0,7968.0
P08CV09,BRG_035,0,1,34296.0
P08CV09,BRG_035,1,1,17544.0
P08CV09,BRG_035,2,1,24336.0
P08CV09,BRG_035,3,1,50316.0
P08CV09,BRG_035,4,0,40800.0
P08CV09,BRG_036,0,1,48888.0
P08CV09,BRG_036,1,1,13044.0
P08CV09,BRG_036,2,1,41688.0
P08CV09,BRG_036,3,1,28812.0
P08CV09,BRG_036,4,0,34860.0
P08CV09,BRG_037,0,1,73344.0
P08CV09,BRG_037,1,1,38616.0
P08CV09,BRG_037,2,1,20604.0
P08CV09,BRG_037,3,0,34728.0
P08CV09,BRG_038,0,1,42444.0
P08CV09,BRG_038,1,1,37632.0
P08CV09,BRG_038,2,1,52848.0
P08CV09,BRG_038,3,0,34368.0
P08CV09,BRG_039,0,1,65316.0
P08CV09,BRG_039,1,1,64284.0
P08CV09,BRG_039,2,0,37692.0
P08CV09,BRG_040,0,1,17808.0
P08CV09,BRG_040,1,1,45420.0
P08CV09,BRG_040,2,1,35136.0
P08CV09,BRG_040,3,1,68136.0
P08CV09,BRG_040,4,0,792.0
P08CV10,BRG_001,0,1,47448.0
P08CV10,BRG_001,1,1,29112.0
P08CV10,BRG_001,2,1,34836.0
P08CV10,BRG_001,3,1,36024.0
P08CV10,BRG_001,4,0,19908.0
P08CV10,BRG_002,0,1,52140.0
P08CV10,BRG_002,1,1,42756.0
P08CV10,BRG_002,2,1,34080.0
P08CV10,BRG_002,3,0,38352.0
P08CV10,BRG_003,0,1,54456.0
P08CV10,BRG_003,1,1,60672.0
P08CV10,BRG_003,2,1,23844.0
P08CV10,BRG_003,3,0,28356.0
P08CV10,BRG_004,0,1,37068.0
P08CV10,BRG_004,1,1,7536.0
P08CV10,BRG_004,2,1,44076.0
P08CV10,BRG_004,3,1,38268.0
P08CV10,BRG_004,4,0,40380.0
P08CV10,BRG_005,0,1,47184.0
P08CV10,BRG_005,1,1,16680.0
P08CV10,BRG_005,2,1,9204.0
P08CV10,BRG_005,3,1,46956.0
P08CV10,BRG_005,4,1,36636.0
P08CV10,BRG_005,5,0,10668.0
P08CV10,BRG_006,0,1,63276.0
P08CV10,BRG_006,1,1,57624.0
P08CV10,BRG_006,2,1,37536.0
P08CV10,BRG_006,3,0,8892.0
P08CV10,BRG_007,0,1,40848.0
P08CV10,BRG_007,1,1,24048.0
P08CV10,BRG_007,2,1,52656.0
P08CV10,BRG_007,3,1,46044.0
P08CV10,BRG_007,4,0,3732.0
P08CV10,BRG_008,0,1,38268.0
P08CV10,BRG_008,1,1,40512.0
P08CV10,BRG_008,2,1,71352.0
P08CV10,BRG_008,3,0,17196.0
P08CV10,BRG_009,0,1,12300.0
P08CV10,BRG_009,1,1,30972.0
P08CV10,BRG_009,2,1,39384.0
P08CV10,BRG_009,3,1,69984.0
P08CV10,BRG_009,4,0,14688.0
P08CV10,BRG_010,0,1,35448.0
P08CV10,BRG_010,1,1,43344.0
P08CV10,BRG_010,2,1,40080.0
P08CV10,BRG_010,3,0,48456.0
P08CV10,BRG_011,0,1,29904.0
P08CV10,BRG_011,1,1,42528.0
P08CV10,BRG_011,2,1,46236.0
P08CV10,BRG_011,3,0,48660.0
P08CV10,BRG_012,0,1,41820.0
P08CV10,BRG_012,1,1,38424.0
P08CV10,BRG_012,2,1,48384.0
P08CV10,BRG_012,3,0,38700.0
P08CV10,BRG_013,0,1,38112.0
P08CV10,BRG_013,1,1,49044.0
P08CV10,BRG_013,2,1,29808.0
P08CV10,BRG_013,3,1,21732.0
P08CV10,BRG_013,4,0,28632.0
P08CV10,BRG_014,0,1,29436.0
P08CV10,BRG_014,1,1,61428.0
P08CV10,BRG_014,2,1,18456.0
P08CV10,BRG_014,3,1,41376.0
P08CV10,BRG_014,4,0,16632.0
P08CV10,BRG_015,0,1,32376.0
P08CV10,BRG_015,1,1,40992.0
P08CV10,BRG_015,2,1,22740.0
P08CV10,BRG_015,3,1,12720.0
P08CV10,BRG_015,4,0,58500.0
P08CV10,BRG_016,0,1,24372.0
P08CV10,BRG_016,1,1,63888.0
P08CV10,BRG_016,2,1,42720.0
P08CV10,BRG_016,3,1,33204.0
P08CV10,BRG_016,4,0,3144.0
P08CV10,BRG_017,0,1,25428.0
P08CV10,BRG_017,1,1,51708.0
P08CV10,BRG_017,2,1,50328.0
P08CV10,BRG_017,3,0,39864.0
P08CV10,BRG_018,0,1,47172.0
P08CV10,BRG_018,1,1,36456.0
P08CV10,BRG_018,2,1,29496.0
P08CV10,BRG_018,3,1,29736.0
P08CV10,BRG_018,4,0,24468.0
P08CV10,BRG_019,0,1,23184.0
P08CV10,BRG_019,1,1,39192.0
P08CV10,BRG_019,2,1,39108.0
P08CV10,BRG_019,3,1,62376.0
P08CV10,BRG_019,4,0,3468.0
P08CV10,BRG_020,0,1,58788.0
P08CV10,BRG_020,1,1,25536.0
P08CV10,BRG_020,2,1,44340.0
P08CV10,BRG_020,3,1,33564.0
P08CV10,BRG_020,4,0,5100.0
P08CV10,BRG_021,0,1,34908.0
P08CV10,BRG_021,1,1,36936.0
P08CV10,BRG_021,2,1,46188.0
P08CV10,BRG_021,3,1,19452.0
P08CV10,BRG_021,4,0,29844.0
P08CV10,BRG_022,0,1,49692.0
P08CV10,BRG_022,1,1,39672.0
P08CV10,BRG_022,2,1,15636.0
P08CV10,BRG_022,3,0,62328.0
P08CV10,BRG_023,0,1,28416.0
P08CV10,BRG_023,1,1,32868.0
P08CV10,BRG_023,2,1,20652.0
P08CV10,BRG_023,3,1,37956.0
P08CV10,BRG_023,4,1,36132.0
P08CV10,BRG_023,5,0,11304.0
P08CV10,BRG_024,0,1,34248.0
P08CV10,BRG_024,1,1,57924.0
P08CV10,BRG_024,2,1,59160.0
P08CV10,BRG_024,3,0,15996.0
P08CV10,BRG_025,0,1,30900.0
P08CV10,BRG_025,1,1,24960.0
P08CV10,BRG_025,2,1,49392.0
P08CV10,BRG_025,3,0,62076.0
P08CV10,BRG_026,0,1,42492.0
P08CV10,BRG_026,1,1,46644.0
P08CV10,BRG_026,2,1,41568.0
P08CV10,BRG_026,3,0,36624.0
P08CV10,BRG_027,0,1,47064.0
P08CV10,BRG_027,1,1,40392.0
P08CV10,BRG_027,2,1,57528.0
P08CV10,BRG_027,3,0,22344.0
P08CV10,BRG_028,0,1,42312.0
P08CV10,BRG_028,1,1,42744.0
P08CV10,BRG_028,2,1,12756.0
P08CV10,BRG_028,3,1,48720.0
P08CV10,BRG_028,4,0,20796.0
P08CV10,BRG_029,0,1,66300.0
P08CV10,BRG_029,1,1,47028.0
P08CV10,BRG_029,2,1,44352.0
P08CV10,BRG_029,3,0,9648.0
P08CV10,BRG_030,0,1,48708.0
P08CV10,BRG_030,1,1,47856.0
P08CV10,BRG_030,2,1,46356.0
P08CV10,BRG_030,3,0,24408.0
P08CV10,BRG_031,0,1,23664.0
P08CV10,BRG_031,1,1,24156.0
P08CV10,BRG_031,2,1,25896.0
P08CV10,BRG_031,3,1,26508.0
P08CV10,BRG_031,4,1,33384.0
P08CV10,BRG_031,5,0,33720.0
P08CV10,BRG_032,0,1,24576.0
P08CV10,BRG_032,1,1,57588.0
P08CV10,BRG_032,2,1,46800.0
P08CV10,BRG_032,3,1,31884.0
P08CV10,BRG_032,4,0,6480.0
P08CV10,BRG_033,0,1,49032.0
P08CV10,BRG_033,1,1,47088.0
P08CV10,BRG_033,2,1,39840.0
P08CV10,BRG_033,3,1,19104.0
P08CV10,BRG_033,4,0,12264.0
P08CV10,BRG_034,0,1,55896.0
P08CV10,BRG_034,1,1,52056.0
P08CV10,BRG_034,2,1,35868.0
P08CV10,BRG_034,3,0,23508.0
P08CV10,BRG_035,0,1,32760.0
P08CV10,BRG_035,1,1,66000.0
P08CV10,BRG_035,2,1,57036.0
P08CV10,BRG_035,3,0,11532.0
P08CV10,BRG_036,0,1,23100.0
P08CV10,BRG_036,1,1,28116.0
P08CV10,BRG_036,2,1,25404.0
P08CV10,BRG_036,3,1,20868.0
P08CV10,BRG_036,4,0,69840.0
P08CV10,BRG_037,0,1,47316.0
P08CV10,BRG_037,1,1,21360.0
P08CV10,BRG_037,2,1,36312.0
P08CV10,BRG_037,3,1,42228.0
P08CV10,BRG_037,4,0,20112.0
P08CV10,BRG_038,0,1,48144.0
P08CV10,BRG_038,1,1,31488.0
P08CV10,BRG_038,2,1,60672.0
P08CV10,BRG_038,3,0,27024.0
P08CV10,BRG_039,0,1,32844.0
P08CV10,BRG_039,1,1,44448.0
P08CV10,BRG_039,2,1,25380.0
P08CV10,BRG_039,3,1,50340.0
P08CV10,BRG_039,4,0,14316.0
P08CV10,BRG_040,0,1,69816.0
P08CV10,BRG_040,1,1,41952.0
P08CV10,BRG_040,2,1,50904.0
P08CV10,BRG_040,3,0,4656.0
P08CV11,BRG_001,0,1,34248.0
P08CV11,BRG_001,1,1,36720.0
P08CV11,BRG_001,2,1,48288.0
P08CV11,BRG_001,3,0,48216.0
P08CV11,BRG_002,0,1,29760.0
P08CV11,BRG_002,1,1,56676.0
P08CV11,BRG_002,2,1,34272.0
P08CV11,BRG_002,3,0,46764.0
P08CV11,BRG_003,0,1,11508.0
P08CV11,BRG_003,1,1,54204.0
P08CV11,BRG_003,2,1,26292.0
P08CV11,BRG_003,3,1,25632.0
P08CV11,BRG_003,4,1,34080.0
P08CV11,BRG_003,5,0,15756.0
P08CV11,BRG_004,0,1,31248.0
P08CV11,BRG_004,1,1,24096.0
P08CV11,BRG_004,2,1,45144.0
P08CV11,BRG_004,3,1,40032.0
P08CV11,BRG_004,4,0,26952.0
P08CV11,BRG_005,0,1,35400.0
P08CV11,BRG_005,1,1,51972.0
P08CV11,BRG_005,2,1,51420.0
P08CV11,BRG_005,3,0,28680.0
P08CV11,BRG_006,0,1,41016.0
P08CV11,BRG_006,1,1,58224.0
P08CV11,BRG_006,2,1,52056.0
P08CV11,BRG_006,3,0,16176.0
P08CV11,BRG_007,0,1,46692.0
P08CV11,BRG_007,1,1,33816.0
P08CV11,BRG_007,2,1,49956.0
P08CV11,BRG_007,3,0,37008.0
P08CV11,BRG_008,0,1,60924.0
P08CV11,BRG_008,1,1,34944.0
P08CV11,BRG_008,2,1,35508.0
P08CV11,BRG_008,3,1,28512.0
P08CV11,BRG_008,4,0,7584.0
P08CV11,BRG_009,0,1,17604.0
P08CV11,BRG_009,1,1,21264.0
P08CV11,BRG_009,2,1,30708.0
P08CV11,BRG_009,3,1,49092.0
P08CV11,BRG_009,4,0,48804.0
P08CV11,BRG_010,0,1,81684.0
P08CV11,BRG_010,1,1,31548.0
P08CV11,BRG_010,2,1,43188.0
P08CV11,BRG_010,3,0,11052.0
P08CV11,BRG_011,0,1,27336.0
P08CV11,BRG_011,1,1,54000.0
P08CV11,BRG_011,2,1,34812.0
P08CV11,BRG_011,3,0,51324.0
P08CV11,BRG_012,0,1,47376.0
P08CV11,BRG_012,1,1,63096.0
P08CV11,BRG_012,2,1,20028.0
P08CV11,BRG_012,3,1,35424.0
P08CV11,BRG_012,4,0,1548.0
P08CV11,BRG_013,0,1,72792.0
P08CV11,BRG_013,1,1,57912.0
P08CV11,BRG_013,2,1,35784.0
P08CV11,BRG_013,3,0,984.0
P08CV11,BRG_014,0,1,67488.0
P08CV11,BRG_014,1,1,31644.0
P08CV11,BRG_014,2,1,40416.0
P08CV11,BRG_014,3,0,27924.0
P08CV11,BRG_015,0,1,63276.0
P08CV11,BRG_015,1,1,8856.0
P08CV11,BRG_015,2,1,34920.0
P08CV11,BRG_015,3,0,60420.0
P08CV11,BRG_016,0,1,62160.0
P08CV11,BRG_016,1,1,56040.0
P08CV11,BRG_016,2,1,26316.0
P08CV11,BRG_016,3,0,22956.0
P08CV11,BRG_017,0,1,45672.0
P08CV11,BRG_017,1,1,22188.0
P08CV11,BRG_017,2,1,96564.0
P08CV11,BRG_017,3,0,3048.0
P08CV11,BRG_018,0,1,26988.0
P08CV11,BRG_018,1,1,26472.0
P08CV11,BRG_018,2,1,41184.0
P08CV11,BRG_018,3,1,29724.0
P08CV11,BRG_018,4,1,38952.0
P08CV11,BRG_018,5,0,4152.0
P08CV11,BRG_019,0,1,50196.0
P08CV11,BRG_019,1,1,42168.0
P08CV11,BRG_019,2,1,28716.0
P08CV11,BRG_019,3,0,46392.0
P08CV11,BRG_020,0,1,50088.0
P08CV11,BRG_020,1,1,49356.0
P08CV11,BRG_020,2,1,54516.0
P08CV11,BRG_020,3,0,13512.0
P08CV11,BRG_021,0,1,52200.0
P08CV11,BRG_021,1,1,6924.0
P08CV11,BRG_021,2,1,38940.0
P08CV11,BRG_021,3,1,36504.0
P08CV11,BRG_021,4,0,32904.0
P08CV11,BRG_022,0,1,9636.0
P08CV11,BRG_022,1,1,42096.0
P08CV11,BRG_022,2,1,35292.0
P08CV11,BRG_022,3,1,47220.0
P08CV11,BRG_022,4,1,20880.0
P08CV11,BRG_022,5,0,12348.0
P08CV11,BRG_023,0,1,48588.0
P08CV11,BRG_023,1,1,36000.0
P08CV11,BRG_023,2,1,33384.0
P08CV11,BRG_023,3,1,42804.0
P08CV11,BRG_023,4,0,6696.0
P08CV11,BRG_024,0,1,27348.0
P08CV11,BRG_024,1,1,46992.0
P08CV11,BRG_024,2,1,48156.0
P08CV11,BRG_024,3,1,37500.0
P08CV11,BRG_024,4,0,7476.0
P08CV11,BRG_025,0,1,77436.0
P08CV11,BRG_025,1,1,3204.0
P08CV11,BRG_025,2,1,22860.0
P08CV11,BRG_025,3,1,29592.0
P08CV11,BRG_025,4,0,34380.0
P08CV11,BRG_026,0,1,33612.0
P08CV11,BRG_026,1,1,52308.0
P08CV11,BRG_026,2,1,73476.0
P08CV11,BRG_026,3,0,8076.0
P08CV11,BRG_027,0,1,18552.0
P08CV11,BRG_027,1,1,10428.0
P08CV11,BRG_027,2,1,20940.0
P08CV11,BRG_027,3,1,34488.0
P08CV11,BRG_027,4,1,37260.0
P08CV11,BRG_027,5,0,45804.0
P08CV11,BRG_028,0,1,40248.0
P08CV11,BRG_028,1,1,41448.0
P08CV11,BRG_028,2,1,22560.0
P08CV11,BRG_028,3,1,34884.0
P08CV11,BRG_028,4,0,28332.0
P08CV11,BRG_029,0,1,29292.0
P08CV11,BRG_029,1,1,50580.0
P08CV11,BRG_029,2,1,14928.0
P08CV11,BRG_029,3,1,33720.0
P08CV11,BRG_029,4,0,38952.0
P08CV11,BRG_030,0,1,44640.0
P08CV11,BRG_030,1,1,49272.0
P08CV11,BRG_030,2,1,37116.0
P08CV11,BRG_030,3,0,36444.0
P08CV11,BRG_031,0,1,64908.0
P08CV11,BRG_031,1,1,38136.0
P08CV11,BRG_031,2,1,9132.0
P08CV11,BRG_031,3,1,24756.0
P08CV11,BRG_031,4,0,30540.0
P08CV11,BRG_032,0,1,28992.0
P08CV11,BRG_032,1,1,48600.0
P08CV11,BRG_032,2,1,60672.0
P08CV11,BRG_032,3,0,29208.0
P08CV11,BRG_033,0,1,44796.0
P08CV11,BRG_033,1,1,5532.0
P08CV11,BRG_033,2,1,27516.0
P08CV11,BRG_033,3,1,23400.0
P08CV11,BRG_033,4,1,22200.0
P08CV11,BRG_033,5,0,44028.0
P08CV11,BRG_034,0,1,28224.0
P08CV11,BRG_034,1,1,28128.0
P08CV11,BRG_034,2,1,66180.0
P08CV11,BRG_034,3,0,44940.0
P08CV11,BRG_035,0,1,55836.0
P08CV11,BRG_035,1,1,61932.0
P08CV11,BRG_035,2,1,39144.0
P08CV11,BRG_035,3,0,10560.0
P08CV11,BRG_036,0,1,26616.0
P08CV11,BRG_036,1,1,33672.0
P08CV11,BRG_036,2,1,51108.0
P08CV11,BRG_036,3,1,27756.0
P08CV11,BRG_036,4,0,28320.0
P08CV11,BRG_037,0,1,34716.0
P08CV11,BRG_037,1,1,29844.0
P08CV11,BRG_037,2,1,51672.0
P08CV11,BRG_037,3,0,51240.0
P08CV11,BRG_038,0,1,14340.0
P08CV11,BRG_038,1,1,38892.0
P08CV11,BRG_038,2,1,12900.0
P08CV11,BRG_038,3,1,37260.0
P08CV11,BRG_038,4,1,57996.0
P08CV11,BRG_038,5,0,6084.0
P08CV11,BRG_039,0,1,22704.0
P08CV11,BRG_039,1,1,67560.0
P08CV11,BRG_039,2,1,48156.0
P08CV11,BRG_039,3,1,25296.0
P08CV11,BRG_039,4,0,3756.0
P08CV11,BRG_040,0,1,18996.0
P08CV11,BRG_040,1,1,97140.0
P08CV11,BRG_040,2,1,31992.0
P08CV11,BRG_040,3,0,19344.0
P08CV12,BRG_001,0,1,42036.0
P08CV12,BRG_001,1,1,17976.0
P08CV12,BRG_001,2,1,48336.0
P08CV12,BRG_001,3,1,56208.0
P08CV12,BRG_001,4,0,3168.0
P08CV12,BRG_002,0,1,89028.0
P08CV12,BRG_002,1,1,67584.0
P08CV12,BRG_002,2,0,11112.0
P08CV12,BRG_003,0,1,22824.0
P08CV12,BRG_003,1,1,50424.0
P08CV12,BRG_003,2,1,61908.0
P08CV12,BRG_003,3,0,32568.0
P08CV12,BRG_004,0,1,30552.0
P08CV12,BRG_004,1,1,53280.0
P08CV12,BRG_004,2,1,47292.0
P08CV12,BRG_004,3,0,36600.0
P08CV12,BRG_005,0,1,32160.0
P08CV12,BRG_005,1,1,52740.0
P08CV12,BRG_005,2,1,31104.0
P08CV12,BRG_005,3,0,51720.0
P08CV12,BRG_006,0,1,58776.0
P08CV12,BRG_006,1,1,59364.0
P08CV12,BRG_006,2,1,12552.0
P08CV12,BRG_006,3,0,37032.0
P08CV12,BRG_007,0,1,45540.0
P08CV12,BRG_007,1,1,36456.0
P08CV12,BRG_007,2,1,23736.0
P08CV12,BRG_007,3,1,27540.0
P08CV12,BRG_007,4,0,34452.0
P08CV12,BRG_008,0,1,27924.0
P08CV12,BRG_008,1,1,14868.0
P08CV12,BRG_008,2,1,46968.0
P08CV12,BRG_008,3,1,39180.0
P08CV12,BRG_008,4,0,38784.0
P08CV12,BRG_009,0,1,25020.0
P08CV12,BRG_009,1,1,28668.0
P08CV12,BRG_009,2,1,34560.0
P08CV12,BRG_009,3,1,32736.0
P08CV12,BRG_009,4,0,46740.0
P08CV12,BRG_010,0,1,48024.0
P08CV12,BRG_010,1,1,48828.0
P08CV12,BRG_010,2,1,14388.0
P08CV12,BRG_010,3,1,54924.0
P08CV12,BRG_010,4,0,1560.0
P08CV12,BRG_011,0,1,63876.0
P08CV12,BRG_011,1,1,82236.0
P08CV12,BRG_011,2,0,21612.0
P08CV12,BRG_012,0,1,28056.0
P08CV12,BRG_012,1,1,54672.0
P08CV12,BRG_012,2,1,37812.0
P08CV12,BRG_012,3,0,47184.0
P08CV12,BRG_013,0,1,40632.0
P08CV12,BRG_013,1,1,30780.0
P08CV12,BRG_013,2,1,41760.0
P08CV12,BRG_013,3,1,45072.0
P08CV12,BRG_013,4,0,9480.0
P08CV12,BRG_014,0,1,61968.0
P08CV12,BRG_014,1,1,42924.0
P08CV12,BRG_014,2,1,61740.0
P08CV12,BRG_014,3,0,1092.0
P08CV12,BRG_015,0,1,18300.0
P08CV12,BRG_015,1,1,32208.0
P08CV12,BRG_015,2,1,71520.0
P08CV12,BRG_015,3,0,45696.0
P08CV12,BRG_016,0,1,32352.0
P08CV12,BRG_016,1,1,71676.0
P08CV12,BRG_016,2,1,42048.0
P08CV12,BRG_016,3,0,21648.0
P08CV12,BRG_017,0,1,51240.0
P08CV12,BRG_017,1,1,52440.0
P08CV12,BRG_017,2,1,23712.0
P08CV12,BRG_017,3,0,40332.0
P08CV12,BRG_018,0,1,44724.0
P08CV12,BRG_018,1,1,50952.0
P08CV12,BRG_018,2,1,59700.0
P08CV12,BRG_018,3,0,12348.0
P08CV12,BRG_019,0,1,26784.0
P08CV12,BRG_019,1,1,43392.0
P08CV12,BRG_019,2,1,58056.0
P08CV12,BRG_019,3,1,33600.0
P08CV12,BRG_019,4,0,5892.0
P08CV12,BRG_020,0,1,36060.0
P08CV12,BRG_020,1,1,46404.0
P08CV12,BRG_020,2,1,59964.0
P08CV12,BRG_020,3,0,25296.0
P08CV12,BRG_021,0,1,52308.0
P08CV12,BRG_021,1,1,62820.0
P08CV12,BRG_021,2,1,46980.0
P08CV12,BRG_021,3,0,5616.0
P08CV12,BRG_022,0,1,57948.0
P08CV12,BRG_022,1,1,49140.0
P08CV12,BRG_022,2,1,22512.0
P08CV12,BRG_022,3,0,38124.0
P08CV12,BRG_023,0,1,51732.0
P08CV12,BRG_023,1,1,35520.0
P08CV12,BRG_023,2,1,29700.0
P08CV12,BRG_023,3,1,46080.0
P08CV12,BRG_023,4,0,4692.0
P08CV12,BRG_024,0,1,22380.0
P08CV12,BRG_024,1,1,46620.0
P08CV12,BRG_024,2,1,52224.0
P08CV12,BRG_024,3,0,46500.0
P08CV12,BRG_025,0,1,15060.0
P08CV12,BRG_025,1,1,38928.0
P08CV12,BRG_025,2,1,28608.0
P08CV12,BRG_025,3,1,39132.0
P08CV12,BRG_025,4,0,45996.0
P08CV12,BRG_026,0,1,54096.0
P08CV12,BRG_026,1,1,40680.0
P08CV12,BRG_026,2,1,49464.0
P08CV12,BRG_026,3,0,23484.0
P08CV12,BRG_027,0,1,51600.0
P08CV12,BRG_027,1,1,58188.0
P08CV12,BRG_027,2,1,39780.0
P08CV12,BRG_027,3,0,18156.0
P08CV12,BRG_028,0,1,30396.0
P08CV12,BRG_028,1,1,50964.0
P08CV12,BRG_028,2,1,44916.0
P08CV12,BRG_028,3,1,31212.0
P08CV12,BRG_028,4,0,10236.0
P08CV12,BRG_029,0,1,71832.0
P08CV12,BRG_029,1,1,17784.0
P08CV12,BRG_029,2,1,57468.0
P08CV12,BRG_029,3,0,20640.0
P08CV12,BRG_030,0,1,18120.0
P08CV12,BRG_030,1,1,68268.0
P08CV12,BRG_030,2,1,35724.0
P08CV12,BRG_030,3,1,15972.0
P08CV12,BRG_030,4,0,29640.0
P08CV12,BRG_031,0,1,51840.0
P08CV12,BRG_031,1,1,17316.0
P08CV12,BRG_031,2,1,45108.0
P08CV12,BRG_031,3,0,53460.0
P08CV12,BRG_032,0,1,55224.0
P08CV12,BRG_032,1,1,56916.0
P08CV12,BRG_032,2,0,55584.0
P08CV12,BRG_033,0,1,51348.0
P08CV12,BRG_033,1,1,38376.0
P08CV12,BRG_033,2,1,31464.0
P08CV12,BRG_033,3,0,46536.0
P08CV12,BRG_034,0,1,36228.0
P08CV12,BRG_034,1,1,49980.0
P08CV12,BRG_034,2,1,33576.0
P08CV12,BRG_034,3,1,19152.0
P08CV12,BRG_034,4,0,28788.0
P08CV12,BRG_035,0,1,36096.0
P08CV12,BRG_035,1,1,50592.0
P08CV12,BRG_035,2,1,69984.0
P08CV12,BRG_035,3,0,11052.0
P08CV12,BRG_036,0,1,45576.0
P08CV12,BRG_036,1,1,51672.0
P08CV12,BRG_036,2,1,30636.0
P08CV12,BRG_036,3,0,39840.0
P08CV12,BRG_037,0,1,68892.0
P08CV12,BRG_037,1,1,34704.0
P08CV12,BRG_037,2,1,16152.0
P08CV12,BRG_037,3,1,25788.0
P08CV12,BRG_037,4,0,22188.0
P08CV12,BRG_038,0,1,17376.0
P08CV12,BRG_038,1,1,32640.0
P08CV12,BRG_038,2,1,51228.0
P08CV12,BRG_038,3,1,32880.0
P08CV12,BRG_038,4,0,33600.0
P08CV12,BRG_039,0,1,43224.0
P08CV12,BRG_039,1,1,40020.0
P08CV12,BRG_039,2,1,22356.0
P08CV12,BRG_039,3,0,62124.0
P08CV12,BRG_040,0,1,6444.0
P08CV12,BRG_040,1,1,61068.0
P08CV12,BRG_040,2,1,41280.0
P08CV12,BRG_040,3,1,55872.0
P08CV12,BRG_040,4,0,3060.0
P08CV13,BRG_001,0,1,32304.0
P08CV13,BRG_001,1,1,68856.0
P08CV13,BRG_001,2,1,37908.0
P08CV13,BRG_001,3,1,25800.0
P08CV13,BRG_001,4,0,2484.0
P08CV13,BRG_002,0,1,31620.0
P08CV13,BRG_002,1,1,68412.0
P08CV13,BRG_002,2,1,31248.0
P08CV13,BRG_002,3,0,36072.0
P08CV13,BRG_003,0,1,38172.0
P08CV13,BRG_003,1,1,40200.0
P08CV13,BRG_003,2,1,31776.0
P08CV13,BRG_003,3,1,48612.0
P08CV13,BRG_003,4,0,8592.0
P08CV13,BRG_004,0,1,24132.0
P08CV13,BRG_004,1,1,23844.0
P08CV13,BRG_004,2,1,86436.0
P08CV13,BRG_004,3,0,32940.0
P08CV13,BRG_005,0,1,38400.0
P08CV13,BRG_005,1,1,45024.0
P08CV13,BRG_005,2,1,23028.0
P08CV13,BRG_005,3,1,32232.0
P08CV13,BRG_005,4,1,25344.0
P08CV13,BRG_005,5,0,3324.0
P08CV13,BRG_006,0,1,16860.0
P08CV13,BRG_006,1,1,47952.0
P08CV13,BRG_006,2,1,53280.0
P08CV13,BRG_006,3,1,26196.0
P08CV13,BRG_006,4,0,23064.0
P08CV13,BRG_007,0,1,30972.0
P08CV13,BRG_007,1,1,46572.0
P08CV13,BRG_007,2,1,65328.0
P08CV13,BRG_007,3,0,24480.0
P08CV13,BRG_008,0,1,17688.0
P08CV13,BRG_008,1,1,36744.0
P08CV13,BRG_008,2,1,43788.0
P08CV13,BRG_008,3,1,50748.0
P08CV13,BRG_008,4,0,18384.0
P08CV13,BRG_009,0,1,37992.0
P08CV13,BRG_009,1,1,56892.0
P08CV13,BRG_009,2,1,52284.0
P08CV13,BRG_009,3,0,20184.0
P08CV13,BRG_010,0,1,21756.0
P08CV13,BRG_010,1,1,26184.0
P08CV13,BRG_010,2,1,45660.0
P08CV13,BRG_010,3,1,47112.0
P08CV13,BRG_010,4,0,26640.0
P08CV13,BRG_011,0,1,49608.0
P08CV13,BRG_011,1,1,26268.0
P08CV13,BRG_011,2,1,27192.0
P08CV13,BRG_011,3,1,51996.0
P08CV13,BRG_011,4,0,12288.0
P08CV13,BRG_012,0,1,43944.0
P08CV13,BRG_012,1,1,30828.0
P08CV13,BRG_012,2,1,29652.0
P08CV13,BRG_012,3,1,18120.0
P08CV13,BRG_012,4,0,44808.0
P08CV13,BRG_013,0,1,52080.0
P08CV13,BRG_013,1,1,33144.0
P08CV13,BRG_013,2,1,58188.0
P08CV13,BRG_013,3,0,23940.0
P08CV13,BRG_014,0,1,44796.0
P08CV13,BRG_014,1,1,26388.0
P08CV13,BRG_014,2,1,23856.0
P08CV13,BRG_014,3,1,26748.0
P08CV13,BRG_014,4,1,45564.0
P08CV13,BRG_014,5,0,0.0
P08CV13,BRG_015,0,1,56292.0
P08CV13,BRG_015,1,1,31416.0
P08CV13,BRG_015,2,1,26436.0
P08CV13,BRG_015,3,1,41568.0
P08CV13,BRG_015,4,0,11640.0
P08CV13,BRG_016,0,1,25728.0
P08CV13,BRG_016,1,1,52848.0
P08CV13,BRG_016,2,1,19896.0
P08CV13,BRG_016,3,1,31452.0
P08CV13,BRG_016,4,0,37428.0
P08CV13,BRG_017,0,1,38508.0
P08CV13,BRG_017,1,1,37428.0
P08CV13,BRG_017,2,1,51900.0
P08CV13,BRG_017,3,0,39516.0
P08CV13,BRG_018,0,1,37692.0
P08CV13,BRG_018,1,1,28128.0
P08CV13,BRG_018,2,1,67620.0
P08CV13,BRG_018,3,0,33912.0
P08CV13,BRG_019,0,1,35364.0
P08CV13,BRG_019,1,1,17208.0
P08CV13,BRG_019,2,1,46416.0
P08CV13,BRG_019,3,1,40548.0
P08CV13,BRG_019,4,0,27816.0
P08CV13,BRG_020,0,1,44412.0
P08CV13,BRG_020,1,1,34704.0
P08CV13,BRG_020,2,1,43800.0
P08CV13,BRG_020,3,1,28008.0
P08CV13,BRG_020,4,0,16428.0
P08CV13,BRG_021,0,1,47352.0
P08CV13,BRG_021,1,1,41460.0
P08CV13,BRG_021,2,1,75732.0
P08CV13,BRG_021,3,0,2808.0
P08CV13,BRG_022,0,1,40476.0
P08CV13,BRG_022,1,1,40908.0
P08CV13,BRG_022,2,1,30660.0
P08CV13,BRG_022,3,0,55308.0
P08CV13,BRG_023,0,1,37956.0
P08CV13,BRG_023,1,1,30708.0
P08CV13,BRG_023,2,1,30864.0
P08CV13,BRG_023,3,1,26928.0
P08CV13,BRG_023,4,1,25032.0
P08CV13,BRG_023,5,0,15864.0
P08CV13,BRG_024,0,1,32820.0
P08CV13,BRG_024,1,1,58788.0
P08CV13,BRG_024,2,1,36096.0
P08CV13,BRG_024,3,1,16344.0
P08CV13,BRG_024,4,0,23304.0
P08CV13,BRG_025,0,1,50160.0
P08CV13,BRG_025,1,1,26412.0
P08CV13,BRG_025,2,1,33444.0
P08CV13,BRG_025,3,0,57336.0
P08CV13,BRG_026,0,1,26148.0
P08CV13,BRG_026,1,1,70704.0
P08CV13,BRG_026,2,1,26508.0
P08CV13,BRG_026,3,0,43992.0
P08CV13,BRG_027,0,1,62688.0
P08CV13,BRG_027,1,1,41316.0
P08CV13,BRG_027,2,1,46164.0
P08CV13,BRG_027,3,0,17184.0
P08CV13,BRG_028,0,1,46560.0
P08CV13,BRG_028,1,1,57336.0
P08CV13,BRG_028,2,1,51804.0
P08CV13,BRG_028,3,0,11652.0
P08CV13,BRG_029,0,1,30408.0
P08CV13,BRG_029,1,1,55092.0
P08CV13,BRG_029,2,1,21516.0
P08CV13,BRG_029,3,1,55704.0
P08CV13,BRG_029,4,0,4632.0
P08CV13,BRG_030,0,1,44424.0
P08CV13,BRG_030,1,1,35760.0
P08CV13,BRG_030,2,1,56220.0
P08CV13,BRG_030,3,1,28932.0
P08CV13,BRG_030,4,0,2016.0
P08CV13,BRG_031,0,1,52656.0
P08CV13,BRG_031,1,1,36552.0
P08CV13,BRG_031,2,1,52380.0
P08CV13,BRG_031,3,0,25764.0
P08CV13,BRG_032,0,1,20952.0
P08CV13,BRG_032,1,1,37320.0
P08CV13,BRG_032,2,1,58164.0
P08CV13,BRG_032,3,1,27840.0
P08CV13,BRG_032,4,0,23076.0
P08CV13,BRG_033,0,1,38856.0
P08CV13,BRG_033,1,1,61884.0
P08CV13,BRG_033,2,1,55488.0
P08CV13,BRG_033,3,0,11124.0
P08CV13,BRG_034,0,1,53844.0
P08CV13,BRG_034,1,1,56700.0
P08CV13,BRG_034,2,0,56808.0
P08CV13,BRG_035,0,1,59532.0
P08CV13,BRG_035,1,1,58152.0
P08CV13,BRG_035,2,1,21252.0
P08CV13,BRG_035,3,1,24768.0
P08CV13,BRG_035,4,0,3648.0
P08CV13,BRG_036,0,1,31608.0
P08CV13,BRG_036,1,1,54864.0
P08CV13,BRG_036,2,1,40908.0
P08CV13,BRG_036,3,0,39972.0
P08CV13,BRG_037,0,1,43644.0
P08CV13,BRG_037,1,1,31332.0
P08CV13,BRG_037,2,1,16740.0
P08CV13,BRG_037,3,1,33000.0
P08CV13,BRG_037,4,0,42636.0
P08CV13,BRG_038,0,1,41088.0
P08CV13,BRG_038,1,1,39300.0
P08CV13,BRG_038,2,1,36492.0
P08CV13,BRG_038,3,1,46044.0
P08CV13,BRG_038,4,0,4428.0
P08CV13,BRG_039,0,1,41916.0
P08CV13,BRG_039,1,1,48048.0
P08CV13,BRG_039,2,1,46668.0
P08CV13,BRG_039,3,0,30720.0
P08CV13,BRG_040,0,1,37920.0
P08CV13,BRG_040,1,1,46356.0
P08CV13,BRG_040,2,1,47472.0
P08CV13,BRG_040,3,1,34248.0
P08CV13,BRG_040,4,0,1356.0
P10CV01,BRG_001,0,1,44892.0
P10CV01,BRG_001,1,1,57348.0
P10CV01,BRG_001,2,1,42024.0
P10CV01,BRG_001,3,1,17856.0
P10CV01,BRG_001,4,0,5424.0
P10CV01,BRG_002,0,1,40716.0
P10CV01,BRG_002,1,1,32604.0
P10CV01,BRG_002,2,1,46788.0
P10CV01,BRG_002,3,1,47004.0
P10CV01,BRG_002,4,0,432.0
P10CV01,BRG_003,0,1,29196.0
P10CV01,BRG_003,1,1,20796.0
P10CV01,BRG_003,2,1,43248.0
P10CV01,BRG_003,3,1,49704.0
P10CV01,BRG_003,4,1,23412.0
P10CV01,BRG_003,5,0,1188.0
P10CV01,BRG_004,0,1,44280.0
P10CV01,BRG_004,1,1,40716.0
P10CV01,BRG_004,2,1,41460.0
P10CV01,BRG_004,3,1,23400.0
P10CV01,BRG_004,4,0,17688.0
P10CV01,BRG_005,0,1,48948.0
P10CV01,BRG_005,1,1,35220.0
P10CV01,BRG_005,2,1,28896.0
P10CV01,BRG_005,3,1,33936.0
P10CV01,BRG_005,4,0,20544.0
P10CV01,BRG_006,0,1,41424.0
P10CV01,BRG_006,1,1,62736.0
P10CV01,BRG_006,2,1,36756.0
P10CV01,BRG_006,3,0,26628.0
P10CV01,BRG_007,0,1,46668.0
P10CV01,BRG_007,1,1,32004.0
P10CV01,BRG_007,2,1,63048.0
P10CV01,BRG_007,3,0,25824.0
P10CV01,BRG_008,0,1,28020.0
P10CV01,BRG_008,1,1,49392.0
P10CV01,BRG_008,2,1,45888.0
P10CV01,BRG_008,3,0,44244.0
P10CV01,BRG_009,0,1,40680.0
P10CV01,BRG_009,1,1,23844.0
P10CV01,BRG_009,2,1,59496.0
P10CV01,BRG_009,3,0,43524.0
P10CV01,BRG_010,0,1,47196.0
P10CV01,BRG_010,1,1,26352.0
P10CV01,BRG_010,2,1,24864.0
P10CV01,BRG_010,3,1,25308.0
P10CV01,BRG_010,4,0,43824.0
P10CV01,BRG_011,0,1,53868.0
P10CV01,BRG_011,1,1,32676.0
P10CV01,BRG_011,2,1,73056.0
P10CV01,BRG_011,3,0,7944.0
P10CV01,BRG_012,0,1,17112.0
P10CV01,BRG_012,1,1,36012.0
P10CV01,BRG_012,2,1,25512.0
P10CV01,BRG_012,3,1,43332.0
P10CV01,BRG_012,4,0,45576.0
P10CV01,BRG_013,0,1,51084.0
P10CV01,BRG_013,1,1,41856.0
P10CV01,BRG_013,2,1,25836.0
P10CV01,BRG_013,3,1,42204.0
P10CV01,BRG_013,4,0,6564.0
P10CV01,BRG_014,0,1,15900.0
P10CV01,BRG_014,1,1,38388.0
P10CV01,BRG_014,2,1,31908.0
P10CV01,BRG_014,3,1,46272.0
P10CV01,BRG_014,4,1,25200.0
P10CV01,BRG_014,5,0,9876.0
P10CV01,BRG_015,0,1,15480.0
P10CV01,BRG_015,1,1,33504.0
P10CV01,BRG_015,2,1,20040.0
P10CV01,BRG_015,3,1,20520.0
P10CV01,BRG_015,4,1,40572.0
P10CV01,BRG_015,5,0,37428.0
P10CV01,BRG_016,0,1,64368.0
P10CV01,BRG_016,1,1,31728.0
P10CV01,BRG_016,2,1,28104.0
P10CV01,BRG_016,3,1,22884.0
P10CV01,BRG_016,4,0,20460.0
P10CV01,BRG_017,0,1,38808.0
P10CV01,BRG_017,1,1,50484.0
P10CV01,BRG_017,2,1,18012.0
P10CV01,BRG_017,3,1,32280.0
P10CV01,BRG_017,4,0,27960.0
P10CV01,BRG_018,0,1,13248.0
P10CV01,BRG_018,1,1,70500.0
P10CV01,BRG_018,2,1,24840.0
P10CV01,BRG_018,3,1,39108.0
P10CV01,BRG_018,4,0,19848.0
P10CV01,BRG_019,0,1,34512.0
P10CV01,BRG_019,1,1,36996.0
P10CV01,BRG_019,2,1,38964.0
P10CV01,BRG_019,3,1,47352.0
P10CV01,BRG_019,4,0,9720.0
P10CV01,BRG_020,0,1,18228.0
P10CV01,BRG_020,1,1,32340.0
P10CV01,BRG_020,2,1,48312.0
P10CV01,BRG_020,3,1,45372.0
P10CV01,BRG_020,4,0,23292.0
P10CV01,BRG_021,0,1,34680.0
P10CV01,BRG_021,1,1,71892.0
P10CV01,BRG_021,2,1,58116.0
P10CV01,BRG_021,3,0,2856.0
P10CV01,BRG_022,0,1,61836.0
P10CV01,BRG_022,1,1,33816.0
P10CV01,BRG_022,2,1,46788.0
P10CV01,BRG_022,3,0,25104.0
P10CV01,BRG_023,0,1,42384.0
P10CV01,BRG_023,1,1,26088.0
P10CV01,BRG_023,2,1,16680.0
P10CV01,BRG_023,3,1,63540.0
P10CV01,BRG_023,4,0,18852.0
P10CV01,BRG_024,0,1,53328.0
P10CV01,BRG_024,1,1,50028.0
P10CV01,BRG_024,2,1,27468.0
P10CV01,BRG_024,3,0,36720.0
P10CV01,BRG_025,0,1,27432.0
P10CV01,BRG_025,1,1,55944.0
P10CV01,BRG_025,2,1,16236.0
P10CV01,BRG_025,3,1,36372.0
P10CV01,BRG_025,4,0,31560.0
P10CV01,BRG_026,0,1,26436.0
P10CV01,BRG_026,1,1,32940.0
P10CV01,BRG_026,2,1,40716.0
P10CV01,BRG_026,3,1,34176.0
P10CV01,BRG_026,4,0,33276.0
P10CV01,BRG_027,0,1,31092.0
P10CV01,BRG_027,1,1,76308.0
P10CV01,BRG_027,2,1,19236.0
P10CV01,BRG_027,3,0,40908.0
P10CV01,BRG_028,0,1,34908.0
P10CV01,BRG_028,1,1,19824.0
P10CV01,BRG_028,2,1,23892.0
P10CV01,BRG_028,3,1,35100.0
P10CV01,BRG_028,4,1,48192.0
P10CV01,BRG_028,5,0,5628.0
P10CV01,BRG_029,0,1,73848.0
P10CV01,BRG_029,1,1,51828.0
P10CV01,BRG_029,2,1,25116.0
P10CV01,BRG_029,3,0,16752.0
P10CV01,BRG_030,0,1,49212.0
P10CV01,BRG_030,1,1,40896.0
P10CV01,BRG_030,2,1,52656.0
P10CV01,BRG_030,3,0,24780.0
P10CV01,BRG_031,0,1,58884.0
P10CV01,BRG_031,1,1,51936.0
P10CV01,BRG_031,2,1,43740.0
P10CV01,BRG_031,3,1,7080.0
P10CV01,BRG_031,4,0,5904.0
P10CV01,BRG_032,0,1,61080.0
P10CV01,BRG_032,1,1,13908.0
P10CV01,BRG_032,2,1,42360.0
P10CV01,BRG_032,3,0,50196.0
P10CV01,BRG_033,0,1,39132.0
P10CV01,BRG_033,1,1,31740.0
P10CV01,BRG_033,2,1,43368.0
P10CV01,BRG_033,3,1,27996.0
P10CV01,BRG_033,4,1,13644.0
P10CV01,BRG_033,5,0,11664.0
P10CV01,BRG_034,0,1,40668.0
P10CV01,BRG_034,1,1,27936.0
P10CV01,BRG_034,2,1,27552.0
P10CV01,BRG_034,3,1,25824.0
P10CV01,BRG_034,4,1,22776.0
P10CV01,BRG_034,5,0,22788.0
P10CV02,BRG_001,0,1,25308.0
P10CV02,BRG_001,1,1,36864.0
P10CV02,BRG_001,2,1,50856.0
P10CV02,BRG_001,3,1,29664.0
P10CV02,BRG_001,4,0,24852.0
P10CV02,BRG_002,0,1,15996.0
P10CV02,BRG_002,1,1,10728.0
P10CV02,BRG_002,2,1,58044.0
P10CV02,BRG_002,3,1,45876.0
P10CV02,BRG_002,4,1,27912.0
P10CV02,BRG_002,5,0,8988.0
P10CV02,BRG_003,0,1,27192.0
P10CV02,BRG_003,1,1,51024.0
P10CV02,BRG_003,2,1,16116.0
P10CV02,BRG_003,3,1,13536.0
P10CV02,BRG_003,4,1,54264.0
P10CV02,BRG_003,5,0,5412.0
P10CV02,BRG_004,0,1,42612.0
P10CV02,BRG_004,1,1,43116.0
P10CV02,BRG_004,2,1,21696.0
P10CV02,BRG_004,3,1,23400.0
P10CV02,BRG_004,4,0,36720.0
P10CV02,BRG_005,0,1,27828.0
P10CV02,BRG_005,1,1,46368.0
P10CV02,BRG_005,2,1,40884.0
P10CV02,BRG_005,3,1,44544.0
P10CV02,BRG_005,4,0,7920.0
P10CV02,BRG_006,0,1,43728.0
P10CV02,BRG_006,1,1,54180.0
P10CV02,BRG_006,2,1,55920.0
P10CV02,BRG_006,3,0,13716.0
P10CV02,BRG_007,0,1,38892.0
P10CV02,BRG_007,1,1,28944.0
P10CV02,BRG_007,2,1,36420.0
P10CV02,BRG_007,3,1,46356.0
P10CV02,BRG_007,4,0,16932.0
P10CV02,BRG_008,0,1,28200.0
P10CV02,BRG_008,1,1,21852.0
P10CV02,BRG_008,2,1,43044.0
P10CV02,BRG_008,3,1,47364.0
P10CV02,BRG_008,4,1,22332.0
P10CV02,BRG_008,5,0,4752.0
P10CV02,BRG_009,0,1,71664.0
P10CV02,BRG_009,1,1,89928.0
P10CV02,BRG_009,2,0,5952.0
P10CV02,BRG_010,0,1,52284.0
P10CV02,BRG_010,1,1,38940.0
P10CV02,BRG_010,2,1,22788.0
P10CV02,BRG_010,3,1,49848.0
P10CV02,BRG_010,4,0,3684.0
P10CV02,BRG_011,0,1,33120.0
P10CV02,BRG_011,1,1,25056.0
P10CV02,BRG_011,2,1,27636.0
P10CV02,BRG_011,3,1,54084.0
P10CV02,BRG_011,4,0,27648.0
P10CV02,BRG_012,0,1,42672.0
P10CV02,BRG_012,1,1,29364.0
P10CV02,BRG_012,2,1,40020.0
P10CV02,BRG_012,3,1,54828.0
P10CV02,BRG_012,4,0,660.0
P10CV02,BRG_013,0,1,14568.0
P10CV02,BRG_013,1,1,57984.0
P10CV02,BRG_013,2,1,36192.0
P10CV02,BRG_013,3,1,47244.0
P10CV02,BRG_013,4,0,11556.0
P10CV02,BRG_014,0,1,50652.0
P10CV02,BRG_014,1,1,12600.0
P10CV02,BRG_014,2,1,24852.0
P10CV02,BRG_014,3,1,40800.0
P10CV02,BRG_014,4,1,38568.0
P10CV02,BRG_014,5,0,72.0
P10CV02,BRG_015,0,1,33324.0
P10CV02,BRG_015,1,1,46152.0
P10CV02,BRG_015,2,1,39852.0
P10CV02,BRG_015,3,0,48216.0
P10CV02,BRG_016,0,1,54216.0
P10CV02,BRG_016,1,1,60288.0
P10CV02,BRG_016,2,1,42336.0
P10CV02,BRG_016,3,0,10704.0
P10CV02,BRG_017,0,1,76068.0
P10CV02,BRG_017,1,1,38496.0
P10CV02,BRG_017,2,1,36480.0
P10CV02,BRG_017,3,0,16500.0
P10CV02,BRG_018,0,1,64536.0
P10CV02,BRG_018,1,1,30552.0
P10CV02,BRG_018,2,1,34236.0
P10CV02,BRG_018,3,0,38220.0
P10CV02,BRG_019,0,1,6972.0
P10CV02,BRG_019,1,1,36096.0
P10CV02,BRG_019,2,1,15456.0
P10CV02,BRG_019,3,1,57732.0
P10CV02,BRG_019,4,1,39048.0
P10CV02,BRG_019,5,0,12240.0
P10CV02,BRG_020,0,1,8388.0
P10CV02,BRG_020,1,1,39348.0
P10CV02,BRG_020,2,1,57552.0
P10CV02,BRG_020,3,1,42924.0
P10CV02,BRG_020,4,0,19332.0
P10CV02,BRG_021,0,1,44004.0
P10CV02,BRG_021,1,1,39636.0
P10CV02,BRG_021,2,1,44232.0
P10CV02,BRG_021,3,1,21132.0
P10CV02,BRG_021,4,0,18540.0
P10CV02,BRG_022,0,1,49296.0
P10CV02,BRG_022,1,1,47064.0
P10CV02,BRG_022,2,1,44904.0
P10CV02,BRG_022,3,1,21324.0
P10CV02,BRG_022,4,0,4956.0
P10CV02,BRG_023,0,1,24936.0
P10CV02,BRG_023,1,1,35340.0
P10CV02,BRG_023,2,1,24696.0
P10CV02,BRG_023,3,1,39996.0
P10CV02,BRG_023,4,1,8436.0
P10CV02,BRG_023,5,0,34140.0
P10CV02,BRG_024,0,1,21156.0
P10CV02,BRG_024,1,1,53964.0
P10CV02,BRG_024,2,1,47256.0
P10CV02,BRG_024,3,1,26160.0
P10CV02,BRG_024,4,0,19008.0
P10CV02,BRG_025,0,1,15276.0
P10CV02,BRG_025,1,1,26880.0
P10CV02,BRG_025,2,1,64896.0
P10CV02,BRG_025,3,1,32448.0
P10CV02,BRG_025,4,0,28044.0
P10CV02,BRG_026,0,1,26232.0
P10CV02,BRG_026,1,1,34128.0
P10CV02,BRG_026,2,1,40824.0
P10CV02,BRG_026,3,1,48072.0
P10CV02,BRG_026,4,0,18288.0
P10CV02,BRG_027,0,1,19236.0
P10CV02,BRG_027,1,1,49548.0
P10CV02,BRG_027,2,1,26868.0
P10CV02,BRG_027,3,0,71892.0
P10CV02,BRG_028,0,1,70212.0
P10CV02,BRG_028,1,1,60396.0
P10CV02,BRG_028,2,1,26628.0
P10CV02,BRG_028,3,0,10308.0
P10CV02,BRG_029,0,1,42312.0
P10CV02,BRG_029,1,1,37152.0
P10CV02,BRG_029,2,1,45348.0
P10CV02,BRG_029,3,1,33708.0
P10CV02,BRG_029,4,0,9024.0
P10CV02,BRG_030,0,1,60828.0
P10CV02,BRG_030,1,1,39348.0
P10CV02,BRG_030,2,1,34320.0
P10CV02,BRG_030,3,0,33048.0
P10CV02,BRG_031,0,1,15792.0
P10CV02,BRG_031,1,1,14436.0
P10CV02,BRG_031,2,1,31500.0
P10CV02,BRG_031,3,1,53364.0
P10CV02,BRG_031,4,1,31788.0
P10CV02,BRG_031,5,0,20664.0
P10CV02,BRG_032,0,1,28596.0
P10CV02,BRG_032,1,1,21024.0
P10CV02,BRG_032,2,1,54972.0
P10CV02,BRG_032,3,1,18852.0
P10CV02,BRG_032,4,0,44100.0
P10CV02,BRG_033,0,1,29424.0
P10CV02,BRG_033,1,1,33048.0
P10CV02,BRG_033,2,1,25596.0
P10CV02,BRG_033,3,1,16248.0
P10CV02,BRG_033,4,1,47964.0
P10CV02,BRG_033,5,0,15264.0
P10CV02,BRG_034,0,1,40680.0
P10CV02,BRG_034,1,1,43332.0
P10CV02,BRG_034,2,1,19512.0
P10CV02,BRG_034,3,1,24456.0
P10CV02,BRG_034,4,0,39564.0
P10CV03,BRG_001,0,1,37692.0
P10CV03,BRG_001,1,1,41040.0
P10CV03,BRG_001,2,1,14172.0
P10CV03,BRG_001,3,1,33384.0
P10CV03,BRG_001,4,1,40524.0
P10CV03,BRG_001,5,0,1128.0
P10CV03,BRG_002,0,1,41628.0
P10CV03,BRG_002,1,1,33468.0
P10CV03,BRG_002,2,1,33060.0
P10CV03,BRG_002,3,1,37716.0
P10CV03,BRG_002,4,0,22068.0
P10CV03,BRG_003,0,1,13080.0
P10CV03,BRG_003,1,1,42240.0
P10CV03,BRG_003,2,1,32400.0
P10CV03,BRG_003,3,1,50124.0
P10CV03,BRG_003,4,0,30096.0
P10CV03,BRG_004,0,1,63972.0
P10CV03,BRG_004,1,1,46860.0
P10CV03,BRG_004,2,1,31128.0
P10CV03,BRG_004,3,0,25980.0
P10CV03,BRG_005,0,1,49032.0
P10CV03,BRG_005,1,1,21672.0
P10CV03,BRG_005,2,1,46104.0
P10CV03,BRG_005,3,1,38100.0
P10CV03,BRG_005,4,0,13032.0
P10CV03,BRG_006,0,1,49944.0
P10CV03,BRG_006,1,1,55320.0
P10CV03,BRG_006,2,1,21372.0
P10CV03,BRG_006,3,1,37764.0
P10CV03,BRG_006,4,0,3540.0
P10CV03,BRG_007,0,1,13188.0
P10CV03,BRG_007,1,1,32592.0
P10CV03,BRG_007,2,1,32940.0
P10CV03,BRG_007,3,1,43836.0
P10CV03,BRG_007,4,1,27348.0
P10CV03,BRG_007,5,0,18036.0
P10CV03,BRG_008,0,1,21120.0
P10CV03,BRG_008,1,1,33432.0
P10CV03,BRG_008,2,1,40500.0
P10CV03,BRG_008,3,1,57924.0
P10CV03,BRG_008,4,0,14964.0
P10CV03,BRG_009,0,1,27240.0
P10CV03,BRG_009,1,1,46044.0
P10CV03,BRG_009,2,1,18396.0
P10CV03,BRG_009,3,1,73164.0
P10CV03,BRG_009,4,0,3096.0
P10CV03,BRG_010,0,1,24288.0
P10CV03,BRG_010,1,1,50460.0
P10CV03,BRG_010,2,1,36780.0
P10CV03,BRG_010,3,1,51180.0
P10CV03,BRG_010,4,0,5232.0
P10CV03,BRG_011,0,1,17196.0
P10CV03,BRG_011,1,1,21840.0
P10CV03,BRG_011,2,1,40740.0
P10CV03,BRG_011,3,1,44196.0
P10CV03,BRG_011,4,0,43968.0
P10CV03,BRG_012,0,1,47076.0
P10CV03,BRG_012,1,1,39252.0
P10CV03,BRG_012,2,1,48156.0
P10CV03,BRG_012,3,0,33456.0
P10CV03,BRG_013,0,1,66000.0
P10CV03,BRG_013,1,1,39828.0
P10CV03,BRG_013,2,1,60540.0
P10CV03,BRG_013,3,0,1572.0
P10CV03,BRG_014,0,1,10260.0
P10CV03,BRG_014,1,1,73848.0
P10CV03,BRG_014,2,1,52176.0
P10CV03,BRG_014,3,0,31656.0
P10CV03,BRG_015,0,1,2292.0
P10CV03,BRG_015,1,1,54732.0
P10CV03,BRG_015,2,1,40464.0
P10CV03,BRG_015,3,1,44124.0
P10CV03,BRG_015,4,0,26328.0
P10CV03,BRG_016,0,1,26916.0
P10CV03,BRG_016,1,1,37476.0
P10CV03,BRG_016,2,1,45816.0
P10CV03,BRG_016,3,1,32124.0
P10CV03,BRG_016,4,0,25608.0
P10CV03,BRG_017,0,1,28392.0
P10CV03,BRG_017,1,1,27888.0
P10CV03,BRG_017,2,1,37620.0
P10CV03,BRG_017,3,1,52248.0
P10CV03,BRG_017,4,0,21792.0
P10CV03,BRG_018,0,1,44856.0
P10CV03,BRG_018,1,1,31164.0
P10CV03,BRG_018,2,1,34296.0
P10CV03,BRG_018,3,0,57624.0
P10CV03,BRG_019,0,1,49548.0
P10CV03,BRG_019,1,1,40080.0
P10CV03,BRG_019,2,1,34908.0
P10CV03,BRG_019,3,0,43404.0
P10CV03,BRG_020,0,1,23700.0
P10CV03,BRG_020,1,1,45864.0
P10CV03,BRG_020,2,1,29784.0
P10CV03,BRG_020,3,1,52572.0
P10CV03,BRG_020,4,0,16020.0
P10CV03,BRG_021,0,1,19464.0
P10CV03,BRG_021,1,1,33480.0
P10CV03,BRG_021,2,1,25716.0
P10CV03,BRG_021,3,1,52128.0
P10CV03,BRG_021,4,0,37152.0
P10CV03,BRG_022,0,1,38136.0
P10CV03,BRG_022,1,1,30324.0
P10CV03,BRG_022,2,1,40308.0
P10CV03,BRG_022,3,0,59172.0
P10CV03,BRG_023,0,1,48012.0
P10CV03,BRG_023,1,1,36036.0
P10CV03,BRG_023,2,1,27732.0
P10CV03,BRG_023,3,0,56160.0
P10CV03,BRG_024,0,1,44436.0
P10CV03,BRG_024,1,1,12192.0
P10CV03,BRG_024,2,1,30384.0
P10CV03,BRG_024,3,1,49116.0
P10CV03,BRG_024,4,1,21984.0
P10CV03,BRG_024,5,0,9828.0
P10CV03,BRG_025,0,1,17640.0
P10CV03,BRG_025,1,1,28416.0
P10CV03,BRG_025,2,1,38088.0
P10CV03,BRG_025,3,1,43752.0
P10CV03,BRG_025,4,1,28872.0
P10CV03,BRG_025,5,0,11172.0
P10CV03,BRG_026,0,1,28620.0
P10CV03,BRG_026,1,1,66204.0
P10CV03,BRG_026,2,1,49284.0
P10CV03,BRG_026,3,0,23832.0
P10CV03,BRG_027,0,1,57468.0
P10CV03,BRG_027,1,1,49272.0
P10CV03,BRG_027,2,1,59568.0
P10CV03,BRG_027,3,0,1632.0
P10CV03,BRG_028,0,1,27684.0
P10CV03,BRG_028,1,1,8496.0
P10CV03,BRG_028,2,1,21924.0
P10CV03,BRG_028,3,1,40104.0
P10CV03,BRG_028,4,1,36528.0
P10CV03,BRG_028,5,0,33204.0
P10CV03,BRG_029,0,1,52644.0
P10CV03,BRG_029,1,1,19056.0
P10CV03,BRG_029,2,1,46956.0
P10CV03,BRG_029,3,0,49284.0
P10CV03,BRG_030,0,1,62112.0
P10CV03,BRG_030,1,1,35676.0
P10CV03,BRG_030,2,1,39612.0
P10CV03,BRG_030,3,0,30540.0
P10CV03,BRG_031,0,1,37248.0
P10CV03,BRG_031,1,1,25800.0
P10CV03,BRG_031,2,1,46020.0
P10CV03,BRG_031,3,1,53148.0
P10CV03,BRG_031,4,0,5724.0
P10CV03,BRG_032,0,1,51048.0
P10CV03,BRG_032,1,1,21696.0
P10CV03,BRG_032,2,1,63036.0
P10CV03,BRG_032,3,0,32160.0
P10CV03,BRG_033,0,1,42648.0
P10CV03,BRG_033,1,1,46272.0
P10CV03,BRG_033,2,1,18192.0
P10CV03,BRG_033,3,1,31008.0
P10CV03,BRG_033,4,0,29820.0
P10CV03,BRG_034,0,1,74736.0
P10CV03,BRG_034,1,1,47952.0
P10CV03,BRG_034,2,1,36276.0
P10CV03,BRG_034,3,0,8976.0
P10CV04,BRG_001,0,1,40872.0
P10CV04,BRG_001,1,1,34572.0
P10CV04,BRG_001,2,1,34392.0
P10CV04,BRG_001,3,1,21432.0
P10CV04,BRG_001,4,1,25404.0
P10CV04,BRG_001,5,0,11052.0
P10CV04,BRG_002,0,1,50340.0
P10CV04,BRG_002,1,1,30060.0
P10CV04,BRG_002,2,1,26748.0
P10CV04,BRG_002,3,1,38628.0
P10CV04,BRG_002,4,0,21948.0
P10CV04,BRG_003,0,1,31320.0
P10CV04,BRG_003,1,1,27096.0
P10CV04,BRG_003,2,1,38460.0
P10CV04,BRG_003,3,1,41988.0
P10CV04,BRG_003,4,0,28860.0
P10CV04,BRG_004,0,1,44196.0
P10CV04,BRG_004,1,1,46992.0
P10CV04,BRG_004,2,1,52044.0
P10CV04,BRG_004,3,1,11412.0
P10CV04,BRG_004,4,0,13080.0
P10CV04,BRG_005,0,1,52860.0
P10CV04,BRG_005,1,1,43728.0
P10CV04,BRG_005,2,1,66384.0
P10CV04,BRG_005,3,0,4752.0
P10CV04,BRG_006,0,1,30372.0
P10CV04,BRG_006,1,1,45972.0
P10CV04,BRG_006,2,1,61764.0
P10CV04,BRG_006,3,0,29616.0
P10CV04,BRG_007,0,1,48588.0
P10CV04,BRG_007,1,1,35556.0
P10CV04,BRG_007,2,1,46164.0
P10CV04,BRG_007,3,1,19800.0
P10CV04,BRG_007,4,0,17616.0
P10CV04,BRG_008,0,1,45024.0
P10CV04,BRG_008,1,1,66384.0
P10CV04,BRG_008,2,1,37176.0
P10CV04,BRG_008,3,0,19140.0
P10CV04,BRG_009,0,1,50520.0
P10CV04,BRG_009,1,1,42432.0
P10CV04,BRG_009,2,1,51036.0
P10CV04,BRG_009,3,0,23736.0
P10CV04,BRG_010,0,1,57048.0
P10CV04,BRG_010,1,1,29160.0
P10CV04,BRG_010,2,1,51696.0
P10CV04,BRG_010,3,0,29820.0
P10CV04,BRG_011,0,1,37728.0
P10CV04,BRG_011,1,1,46944.0
P10CV04,BRG_011,2,1,33696.0
P10CV04,BRG_011,3,1,36072.0
P10CV04,BRG_011,4,0,13284.0
P10CV04,BRG_012,0,1,47364.0
P10CV04,BRG_012,1,1,18732.0
P10CV04,BRG_012,2,1,48864.0
P10CV04,BRG_012,3,1,39228.0
P10CV04,BRG_012,4,0,13536.0
P10CV04,BRG_013,0,1,9036.0
P10CV04,BRG_013,1,1,38700.0
P10CV04,BRG_013,2,1,33612.0
P10CV04,BRG_013,3,1,53592.0
P10CV04,BRG_013,4,1,31764.0
P10CV04,BRG_013,5,0,1020.0
P10CV04,BRG_014,0,1,40956.0
P10CV04,BRG_014,1,1,40404.0
P10CV04,BRG_014,2,1,49236.0
P10CV04,BRG_014,3,0,37128.0
P10CV04,BRG_015,0,1,64884.0
P10CV04,BRG_015,1,1,36252.0
P10CV04,BRG_015,2,1,33240.0
P10CV04,BRG_015,3,0,33348.0
P10CV04,BRG_016,0,1,26988.0
P10CV04,BRG_016,1,1,46092.0
P10CV04,BRG_016,2,1,22848.0
P10CV04,BRG_016,3,1,34560.0
P10CV04,BRG_016,4,1,36636.0
P10CV04,BRG_016,5,0,600.0
P10CV04,BRG_017,0,1,37740.0
P10CV04,BRG_017,1,1,22080.0
P10CV04,BRG_017,2,1,34536.0
P10CV04,BRG_017,3,1,22884.0
P10CV04,BRG_017,4,1,47196.0
P10CV04,BRG_017,5,0,3288.0
P10CV04,BRG_018,0,1,24372.0
P10CV04,BRG_018,1,1,68040.0
P10CV04,BRG_018,2,1,33888.0
P10CV04,BRG_018,3,1,35160.0
P10CV04,BRG_018,4,0,6264.0
P10CV04,BRG_019,0,1,37524.0
P10CV04,BRG_019,1,1,35268.0
P10CV04,BRG_019,2,1,36060.0
P10CV04,BRG_019,3,1,22116.0
P10CV04,BRG_019,4,1,25356.0
P10CV04,BRG_019,5,0,11400.0
P10CV04,BRG_020,0,1,35508.0
P10CV04,BRG_020,1,1,37104.0
P10CV04,BRG_020,2,1,29532.0
P10CV04,BRG_020,3,1,50016.0
P10CV04,BRG_020,4,0,15564.0
P10CV04,BRG_021,0,1,32748.0
P10CV04,BRG_021,1,1,53808.0
P10CV04,BRG_021,2,1,25968.0
P10CV04,BRG_021,3,1,29988.0
P10CV04,BRG_021,4,0,25212.0
P10CV04,BRG_022,0,1,41724.0
P10CV04,BRG_022,1,1,54876.0
P10CV04,BRG_022,2,1,23964.0
P10CV04,BRG_022,3,1,29136.0
P10CV04,BRG_022,4,0,18024.0
P10CV04,BRG_023,0,1,62820.0
P10CV04,BRG_023,1,1,48456.0
P10CV04,BRG_023,2,1,42804.0
P10CV04,BRG_023,3,0,13644.0
P10CV04,BRG_024,0,1,31260.0
P10CV04,BRG_024,1,1,36672.0
P10CV04,BRG_024,2,1,60288.0
P10CV04,BRG_024,3,0,39504.0
P10CV04,BRG_025,0,1,62928.0
P10CV04,BRG_025,1,1,21612.0
P10CV04,BRG_025,2,1,73668.0
P10CV04,BRG_025,3,0,9516.0
P10CV04,BRG_026,0,1,48696.0
P10CV04,BRG_026,1,1,63936.0
P10CV04,BRG_026,2,1,49824.0
P10CV04,BRG_026,3,0,5268.0
P10CV04,BRG_027,0,1,47652.0
P10CV04,BRG_027,1,1,19152.0
P10CV04,BRG_027,2,1,33384.0
P10CV04,BRG_027,3,1,34224.0
P10CV04,BRG_027,4,0,33312.0
P10CV04,BRG_028,0,1,54204.0
P10CV04,BRG_028,1,1,18792.0
P10CV04,BRG_028,2,1,55068.0
P10CV04,BRG_028,3,0,39660.0
P10CV04,BRG_029,0,1,27168.0
P10CV04,BRG_029,1,1,58932.0
P10CV04,BRG_029,2,1,61716.0
P10CV04,BRG_029,3,0,19908.0
P10CV04,BRG_030,0,1,26184.0
P10CV04,BRG_030,1,1,53820.0
P10CV04,BRG_030,2,1,78504.0
P10CV04,BRG_030,3,0,9216.0
P10CV04,BRG_031,0,1,36168.0
P10CV04,BRG_031,1,1,20412.0
P10CV04,BRG_031,2,1,51012.0
P10CV04,BRG_031,3,1,39780.0
P10CV04,BRG_031,4,0,20352.0
P10CV04,BRG_032,0,1,22356.0
P10CV04,BRG_032,1,1,35808.0
P10CV04,BRG_032,2,1,33396.0
P10CV04,BRG_032,3,1,36816.0
P10CV04,BRG_032,4,1,31920.0
P10CV04,BRG_032,5,0,7428.0
P10CV04,BRG_033,0,1,30552.0
P10CV04,BRG_033,1,1,49272.0
P10CV04,BRG_033,2,1,61524.0
P10CV04,BRG_033,3,0,26376.0
P10CV04,BRG_034,0,1,40188.0
P10CV04,BRG_034,1,1,24756.0
P10CV04,BRG_034,2,1,39420.0
P10CV04,BRG_034,3,1,26520.0
P10CV04,BRG_034,4,1,34992.0
P10CV04,BRG_034,5,0,1848.0
P10CV05,BRG_001,0,1,24012.0
P10CV05,BRG_001,1,1,52380.0
P10CV05,BRG_001,2,1,38496.0
P10CV05,BRG_001,3,1,42876.0
P10CV05,BRG_001,4,0,9852.0
P10CV05,BRG_002,0,1,19236.0
P10CV05,BRG_002,1,1,37452.0
P10CV05,BRG_002,2,1,21108.0
P10CV05,BRG_002,3,1,17232.0
P10CV05,BRG_002,4,1,52704.0
P10CV05,BRG_002,5,0,19884.0
P10CV05,BRG_003,0,1,32304.0
P10CV05,BRG_003,1,1,55512.0
P10CV05,BRG_003,2,1,33228.0
P10CV05,BRG_003,3,1,46332.0
P10CV05,BRG_003,4,0,240.0
P10CV05,BRG_004,0,1,22416.0
P10CV05,BRG_004,1,1,34404.0
P10CV05,BRG_004,2,1,30276.0
P10CV05,BRG_004,3,1,35328.0
P10CV05,BRG_004,4,1,37704.0
P10CV05,BRG_004,5,0,7488.0
P10CV05,BRG_005,0,1,28872.0
P10CV05,BRG_005,1,1,31440.0
P10CV05,BRG_005,2,1,27324.0
P10CV05,BRG_005,3,1,63852.0
P10CV05,BRG_005,4,0,16128.0
P10CV05,BRG_006,0,1,67488.0
P10CV05,BRG_006,1,1,35232.0
P10CV05,BRG_006,2,1,49524.0
P10CV05,BRG_006,3,1,10380.0
P10CV05,BRG_006,4,0,4992.0
P10CV05,BRG_007,0,1,26316.0
P10CV05,BRG_007,1,1,21420.0
P10CV05,BRG_007,2,1,41016.0
P10CV05,BRG_007,3,1,34152.0
P10CV05,BRG_007,4,1,26352.0
P10CV05,BRG_007,5,0,18360.0
P10CV05,BRG_008,0,1,37368.0
P10CV05,BRG_008,1,1,26412.0
P10CV05,BRG_008,2,1,41880.0
P10CV05,BRG_008,3,1,56832.0
P10CV05,BRG_008,4,0,5124.0
P10CV05,BRG_009,0,1,51060.0
P10CV05,BRG_009,1,1,45060.0
P10CV05,BRG_009,2,1,14700.0
P10CV05,BRG_009,3,1,27240.0
P10CV05,BRG_009,4,0,29556.0
P10CV05,BRG_010,0,1,8916.0
P10CV05,BRG_010,1,1,39780.0
P10CV05,BRG_010,2,1,29136.0
P10CV05,BRG_010,3,1,12768.0
P10CV05,BRG_010,4,1,53004.0
P10CV05,BRG_010,5,0,24012.0
P10CV05,BRG_011,0,1,31560.0
P10CV05,BRG_011,1,1,37524.0
P10CV05,BRG_011,2,1,18192.0
P10CV05,BRG_011,3,1,44256.0
P10CV05,BRG_011,4,0,36084.0
P10CV05,BRG_012,0,1,36084.0
P10CV05,BRG_012,1,1,34068.0
P10CV05,BRG_012,2,1,47328.0
P10CV05,BRG_012,3,1,35136.0
P10CV05,BRG_012,4,0,15000.0
P10CV05,BRG_013,0,1,26424.0
P10CV05,BRG_013,1,1,27828.0
P10CV05,BRG_013,2,1,23004.0
P10CV05,BRG_013,3,1,43560.0
P10CV05,BRG_013,4,1,44304.0
P10CV05,BRG_013,5,0,2496.0
P10CV05,BRG_014,0,1,55548.0
P10CV05,BRG_014,1,1,75756.0
P10CV05,BRG_014,2,0,36312.0
P10CV05,BRG_015,0,1,36120.0
P10CV05,BRG_015,1,1,26004.0
P10CV05,BRG_015,2,1,54984.0
P10CV05,BRG_015,3,1,24180.0
P10CV05,BRG_015,4,0,26328.0
P10CV05,BRG_016,0,1,54264.0
P10CV05,BRG_016,1,1,35772.0
P10CV05,BRG_016,2,1,39828.0
P10CV05,BRG_016,3,0,37752.0
P10CV05,BRG_017,0,1,60804.0
P10CV05,BRG_017,1,1,42000.0
P10CV05,BRG_017,2,1,63648.0
P10CV05,BRG_017,3,0,1164.0
P10CV05,BRG_018,0,1,66420.0
P10CV05,BRG_018,1,1,19860.0
P10CV05,BRG_018,2,1,51060.0
P10CV05,BRG_018,3,0,30276.0
P10CV05,BRG_019,0,1,53304.0
P10CV05,BRG_019,1,1,29460.0
P10CV05,BRG_019,2,1,56820.0
P10CV05,BRG_019,3,0,28032.0
P10CV05,BRG_020,0,1,51384.0
P10CV05,BRG_020,1,1,27876.0
P10CV05,BRG_020,2,1,49116.0
P10CV05,BRG_020,3,0,39240.0
P10CV05,BRG_021,0,1,35040.0
P10CV05,BRG_021,1,1,52344.0
P10CV05,BRG_021,2,1,55800.0
P10CV05,BRG_021,3,1,22896.0
P10CV05,BRG_021,4,0,1536.0
P10CV05,BRG_022,0,1,15192.0
P10CV05,BRG_022,1,1,44832.0
P10CV05,BRG_022,2,1,40788.0
P10CV05,BRG_022,3,1,43260.0
P10CV05,BRG_022,4,1,21576.0
P10CV05,BRG_022,5,0,1968.0
P10CV05,BRG_023,0,1,47988.0
P10CV05,BRG_023,1,1,60780.0
P10CV05,BRG_023,2,1,45804.0
P10CV05,BRG_023,3,0,13044.0
P10CV05,BRG_024,0,1,33732.0
P10CV05,BRG_024,1,1,51264.0
P10CV05,BRG_024,2,1,46812.0
P10CV05,BRG_024,3,1,32664.0
P10CV05,BRG_024,4,0,3144.0
P10CV05,BRG_025,0,1,28860.0
P10CV05,BRG_025,1,1,33084.0
P10CV05,BRG_025,2,1,28764.0
P10CV05,BRG_025,3,1,58488.0
P10CV05,BRG_025,4,1,16728.0
P10CV05,BRG_025,5,0,1692.0
P10CV05,BRG_026,0,1,26580.0
P10CV05,BRG_026,1,1,30276.0
P10CV05,BRG_026,2,1,31740.0
P10CV05,BRG_026,3,1,34080.0
P10CV05,BRG_026,4,0,44940.0
P10CV05,BRG_027,0,1,62736.0
P10CV05,BRG_027,1,1,48876.0
P10CV05,BRG_027,2,1,49800.0
P10CV05,BRG_027,3,0,6204.0
P10CV05,BRG_028,0,1,25440.0
P10CV05,BRG_028,1,1,59232.0
P10CV05,BRG_028,2,1,41268.0
P10CV05,BRG_028,3,0,41676.0
P10CV05,BRG_029,0,1,36396.0
P10CV05,BRG_029,1,1,28416.0
P10CV05,BRG_029,2,1,52140.0
P10CV05,BRG_029,3,1,17412.0
P10CV05,BRG_029,4,1,31248.0
P10CV05,BRG_029,5,0,2004.0
P10CV05,BRG_030,0,1,27600.0
P10CV05,BRG_030,1,1,19368.0
P10CV05,BRG_030,2,1,45840.0
P10CV05,BRG_030,3,1,47076.0
P10CV05,BRG_030,4,0,27732.0
P10CV05,BRG_031,0,1,54300.0
P10CV05,BRG_031,1,1,50100.0
P10CV05,BRG_031,2,1,12444.0
P10CV05,BRG_031,3,1,17628.0
P10CV05,BRG_031,4,1,13392.0
P10CV05,BRG_031,5,0,19752.0
P10CV05,BRG_032,0,1,45144.0
P10CV05,BRG_032,1,1,20424.0
P10CV05,BRG_032,2,1,33396.0
P10CV05,BRG_032,3,1,58368.0
P10CV05,BRG_032,4,0,10284.0
P10CV05,BRG_033,0,1,57060.0
P10CV05,BRG_033,1,1,49044.0
P10CV05,BRG_033,2,1,31824.0
P10CV05,BRG_033,3,1,19512.0
P10CV05,BRG_033,4,0,10176.0
P10CV05,BRG_034,0,1,39900.0
P10CV05,BRG_034,1,1,40452.0
P10CV05,BRG_034,2,1,26556.0
P10CV05,BRG_034,3,0,60708.0
P10CV06,BRG_001,0,1,48312.0
P10CV06,BRG_001,1,1,50232.0
P10CV06,BRG_001,2,1,11436.0
P10CV06,BRG_001,3,0,57420.0
P10CV06,BRG_002,0,1,46428.0
P10CV06,BRG_002,1,1,20112.0
P10CV06,BRG_002,2,1,53940.0
P10CV06,BRG_002,3,1,36660.0
P10CV06,BRG_002,4,0,10260.0
P10CV06,BRG_003,0,1,59892.0
P10CV06,BRG_003,1,1,64092.0
P10CV06,BRG_003,2,0,43416.0
P10CV06,BRG_004,0,1,61140.0
P10CV06,BRG_004,1,1,36816.0
P10CV06,BRG_004,2,1,63384.0
P10CV06,BRG_004,3,0,6060.0
P10CV06,BRG_005,0,1,62760.0
P10CV06,BRG_005,1,1,60996.0
P10CV06,BRG_005,2,1,39048.0
P10CV06,BRG_005,3,0,4596.0
P10CV06,BRG_006,0,1,17880.0
P10CV06,BRG_006,1,1,35664.0
P10CV06,BRG_006,2,1,25140.0
P10CV06,BRG_006,3,1,52836.0
P10CV06,BRG_006,4,1,21816.0
P10CV06,BRG_006,5,0,14064.0
P10CV06,BRG_007,0,1,17976.0
P10CV06,BRG_007,1,1,11592.0
P10CV06,BRG_007,2,1,35028.0
P10CV06,BRG_007,3,1,58524.0
P10CV06,BRG_007,4,1,36648.0
P10CV06,BRG_007,5,0,7632.0
P10CV06,BRG_008,0,1,32892.0
P10CV06,BRG_008,1,1,37152.0
P10CV06,BRG_008,2,1,58068.0
P10CV06,BRG_008,3,1,8244.0
P10CV06,BRG_008,4,0,31044.0
P10CV06,BRG_009,0,1,36420.0
P10CV06,BRG_009,1,1,36588.0
P10CV06,BRG_009,2,1,29352.0
P10CV06,BRG_009,3,1,29952.0
P10CV06,BRG_009,4,0,35088.0
P10CV06,BRG_010,0,1,31248.0
P10CV06,BRG_010,1,1,40440.0
P10CV06,BRG_010,2,1,39804.0
P10CV06,BRG_010,3,1,30012.0
P10CV06,BRG_010,4,0,25896.0
P10CV06,BRG_011,0,1,15888.0
P10CV06,BRG_011,1,1,50376.0
P10CV06,BRG_011,2,1,46872.0
P10CV06,BRG_011,3,1,26244.0
P10CV06,BRG_011,4,0,28020.0
P10CV06,BRG_012,0,1,74640.0
P10CV06,BRG_012,1,1,36624.0
P10CV06,BRG_012,2,1,30060.0
P10CV06,BRG_012,3,0,26076.0
P10CV06,BRG_013,0,1,62952.0
P10CV06,BRG_013,1,1,45264.0
P10CV06,BRG_013,2,1,33096.0
P10CV06,BRG_013,3,0,26088.0
P10CV06,BRG_014,0,1,44076.0
P10CV06,BRG_014,1,1,41004.0
P10CV06,BRG_014,2,1,51504.0
P10CV06,BRG_014,3,0,30816.0
P10CV06,BRG_015,0,1,36672.0
P10CV06,BRG_015,1,1,26220.0
P10CV06,BRG_015,2,1,64152.0
P10CV06,BRG_015,3,0,40356.0
P10CV06,BRG_016,0,1,35016.0
P10CV06,BRG_016,1,1,19548.0
P10CV06,BRG_016,2,1,20484.0
P10CV06,BRG_016,3,1,15816.0
P10CV06,BRG_016,4,1,49980.0
P10CV06,BRG_016,5,1,15444.0
P10CV06,BRG_016,6,0,11112.0
P10CV06,BRG_017,0,1,30900.0
P10CV06,BRG_017,1,1,28164.0
P10CV06,BRG_017,2,1,45096.0
P10CV06,BRG_017,3,1,29388.0
P10CV06,BRG_017,4,1,31212.0
P10CV06,BRG_017,5,0,2640.0
P10CV06,BRG_018,0,1,23268.0
P10CV06,BRG_018,1,1,51696.0
P10CV06,BRG_018,2,1,31560.0
P10CV06,BRG_018,3,1,44844.0
P10CV06,BRG_018,4,0,16032.0
P10CV06,BRG_019,0,1,39504.0
P10CV06,BRG_019,1,1,24240.0
P10CV06,BRG_019,2,1,35340.0
P10CV06,BRG_019,3,0,68316.0
P10CV06,BRG_020,0,1,17796.0
P10CV06,BRG_020,1,1,38460.0
P10CV06,BRG_020,2,1,61764.0
P10CV06,BRG_020,3,1,21372.0
P10CV06,BRG_020,4,0,28008.0
P10CV06,BRG_021,0,1,40644.0
P10CV06,BRG_021,1,1,38736.0
P10CV06,BRG_021,2,1,32220.0
P10CV06,BRG_021,3,1,18852.0
P10CV06,BRG_021,4,1,27960.0
P10CV06,BRG_021,5,0,8988.0
P10CV06,BRG_022,0,1,44304.0
P10CV06,BRG_022,1,1,41100.0
P10CV06,BRG_022,2,1,29700.0
P10CV06,BRG_022,3,1,23208.0
P10CV06,BRG_022,4,0,29088.0
P10CV06,BRG_023,0,1,47376.0
P10CV06,BRG_023,1,1,35352.0
P10CV06,BRG_023,2,1,20808.0
P10CV06,BRG_023,3,1,39564.0
P10CV06,BRG_023,4,0,24300.0
P10CV06,BRG_024,0,1,65700.0
P10CV06,BRG_024,1,1,38160.0
P10CV06,BRG_024,2,1,23952.0
P10CV06,BRG_024,3,0,39588.0
P10CV06,BRG_025,0,1,15084.0
P10CV06,BRG_025,1,1,38400.0
P10CV06,BRG_025,2,1,35316.0
P10CV06,BRG_025,3,1,21768.0
P10CV06,BRG_025,4,1,32016.0
P10CV06,BRG_025,5,0,24816.0
P10CV06,BRG_026,0,1,36780.0
P10CV06,BRG_026,1,1,48072.0
P10CV06,BRG_026,2,1,52224.0
P10CV06,BRG_026,3,0,30324.0
P10CV06,BRG_027,0,1,29148.0
P10CV06,BRG_027,1,1,53952.0
P10CV06,BRG_027,2,1,47412.0
P10CV06,BRG_027,3,0,36888.0
P10CV06,BRG_028,0,1,48996.0
P10CV06,BRG_028,1,1,42972.0
P10CV06,BRG_028,2,1,28884.0
P10CV06,BRG_028,3,1,34116.0
P10CV06,BRG_028,4,0,12432.0
P10CV06,BRG_029,0,1,21792.0
P10CV06,BRG_029,1,1,12120.0
P10CV06,BRG_029,2,1,11328.0
P10CV06,BRG_029,3,1,39456.0
P10CV06,BRG_029,4,1,43728.0
P10CV06,BRG_029,5,0,38976.0
P10CV06,BRG_030,0,1,13320.0
P10CV06,BRG_030,1,1,39744.0
P10CV06,BRG_030,2,1,40164.0
P10CV06,BRG_030,3,1,17760.0
P10CV06,BRG_030,4,1,35820.0
P10CV06,BRG_030,5,0,20592.0
P10CV06,BRG_031,0,1,37920.0
P10CV06,BRG_031,1,1,34332.0
P10CV06,BRG_031,2,1,48072.0
P10CV06,BRG_031,3,1,34512.0
P10CV06,BRG_031,4,0,12564.0
P10CV06,BRG_032,0,1,40704.0
P10CV06,BRG_032,1,1,60540.0
P10CV06,BRG_032,2,1,31308.0
P10CV06,BRG_032,3,1,18204.0
P10CV06,BRG_032,4,1,7500.0
P10CV06,BRG_032,5,0,9144.0
P10CV06,BRG_033,0,1,44460.0
P10CV06,BRG_033,1,1,22740.0
P10CV06,BRG_033,2,1,38160.0
P10CV06,BRG_033,3,1,7092.0
P10CV06,BRG_033,4,1,13956.0
P10CV06,BRG_033,5,0,40992.0
P10CV06,BRG_034,0,1,45648.0
P10CV06,BRG_034,1,1,46644.0
P10CV06,BRG_034,2,1,38928.0
P10CV06,BRG_034,3,1,11064.0
P10CV06,BRG_034,4,0,25116.0
P10CV07,BRG_001,0,1,36564.0
P10CV07,BRG_001,1,1,38916.0
P10CV07,BRG_001,2,1,50712.0
P10CV07,BRG_001,3,0,41460.0
P10CV07,BRG_002,0,1,47592.0
P10CV07,BRG_002,1,1,36144.0
P10CV07,BRG_002,2,1,29160.0
P10CV07,BRG_002,3,0,54756.0
P10CV07,BRG_003,0,1,18708.0
P10CV07,BRG_003,1,1,58260.0
P10CV07,BRG_003,2,1,23268.0
P10CV07,BRG_003,3,1,57300.0
P10CV07,BRG_003,4,0,10116.0
P10CV07,BRG_004,0,1,40152.0
P10CV07,BRG_004,1,1,29628.0
P10CV07,BRG_004,2,1,50328.0
P10CV07,BRG_004,3,1,41580.0
P10CV07,BRG_004,4,0,5964.0
P10CV07,BRG_005,0,1,13584.0
P10CV07,BRG_005,1,1,27120.0
P10CV07,BRG_005,2,1,69612.0
P10CV07,BRG_005,3,1,49500.0
P10CV07,BRG_005,4,0,7836.0
P10CV07,BRG_006,0,1,27732.0
P10CV07,BRG_006,1,1,67212.0
P10CV07,BRG_006,2,1,38616.0
P10CV07,BRG_006,3,1,19344.0
P10CV07,BRG_006,4,0,14748.0
P10CV07,BRG_007,0,1,34524.0
P10CV07,BRG_007,1,1,36336.0
P10CV07,BRG_007,2,1,39192.0
P10CV07,BRG_007,3,1,12888.0
P10CV07,BRG_007,4,1,40188.0
P10CV07,BRG_007,5,0,4524.0
P10CV07,BRG_008,0,1,54780.0
P10CV07,BRG_008,1,1,8364.0
P10CV07,BRG_008,2,1,49668.0
P10CV07,BRG_008,3,1,47064.0
P10CV07,BRG_008,4,0,7776.0
P10CV07,BRG_009,0,1,33504.0
P10CV07,BRG_009,1,1,71556.0
P10CV07,BRG_009,2,1,25392.0
P10CV07,BRG_009,3,0,37200.0
P10CV07,BRG_010,0,1,40644.0
P10CV07,BRG_010,1,1,67668.0
P10CV07,BRG_010,2,1,25524.0
P10CV07,BRG_010,3,1,30612.0
P10CV07,BRG_010,4,0,3204.0
P10CV07,BRG_011,0,1,17244.0
P10CV07,BRG_011,1,1,31728.0
P10CV07,BRG_011,2,1,51324.0
P10CV07,BRG_011,3,1,14172.0
P10CV07,BRG_011,4,0,53184.0
P10CV07,BRG_012,0,1,53472.0
P10CV07,BRG_012,1,1,37044.0
P10CV07,BRG_012,2,1,44688.0
P10CV07,BRG_012,3,0,32448.0
P10CV07,BRG_013,0,1,21024.0
P10CV07,BRG_013,1,1,51492.0
P10CV07,BRG_013,2,1,42204.0
P10CV07,BRG_013,3,1,31992.0
P10CV07,BRG_013,4,0,20940.0
P10CV07,BRG_014,0,1,47316.0
P10CV07,BRG_014,1,1,62532.0
P10CV07,BRG_014,2,1,22140.0
P10CV07,BRG_014,3,1,31608.0
P10CV07,BRG_014,4,0,4056.0
P10CV07,BRG_015,0,1,28680.0
P10CV07,BRG_015,1,1,54756.0
P10CV07,BRG_015,2,1,21852.0
P10CV07,BRG_015,3,1,10896.0
P10CV07,BRG_015,4,1,33588.0
P10CV07,BRG_015,5,0,17880.0
P10CV07,BRG_016,0,1,26616.0
P10CV07,BRG_016,1,1,36612.0
P10CV07,BRG_016,2,1,46980.0
P10CV07,BRG_016,3,1,46692.0
P10CV07,BRG_016,4,0,10752.0
P10CV07,BRG_017,0,1,38016.0
P10CV07,BRG_017,1,1,37092.0
P10CV07,BRG_017,2,1,49944.0
P10CV07,BRG_017,3,1,16356.0
P10CV07,BRG_017,4,0,26244.0
P10CV07,BRG_018,0,1,34728.0
P10CV07,BRG_018,1,1,37560.0
P10CV07,BRG_018,2,1,38760.0
P10CV07,BRG_018,3,1,37464.0
P10CV07,BRG_018,4,1,14532.0
P10CV07,BRG_018,5,0,4608.0
P10CV07,BRG_019,0,1,65616.0
P10CV07,BRG_019,1,1,66072.0
P10CV07,BRG_019,2,1,25860.0
P10CV07,BRG_019,3,0,10104.0
P10CV07,BRG_020,0,1,40980.0
P10CV07,BRG_020,1,1,34752.0
P10CV07,BRG_020,2,1,49236.0
P10CV07,BRG_020,3,1,12324.0
P10CV07,BRG_020,4,0,30360.0
P10CV07,BRG_021,0,1,30060.0
P10CV07,BRG_021,1,1,47328.0
P10CV07,BRG_021,2,1,28560.0
P10CV07,BRG_021,3,1,45168.0
P10CV07,BRG_021,4,0,16536.0
P10CV07,BRG_022,0,1,39432.0
P10CV07,BRG_022,1,1,41580.0
P10CV07,BRG_022,2,1,45024.0
P10CV07,BRG_022,3,1,19344.0
P10CV07,BRG_022,4,0,22272.0
P10CV07,BRG_023,0,1,53076.0
P10CV07,BRG_023,1,1,32016.0
P10CV07,BRG_023,2,1,51072.0
P10CV07,BRG_023,3,0,31488.0
P10CV07,BRG_024,0,1,47820.0
P10CV07,BRG_024,1,1,42048.0
P10CV07,BRG_024,2,1,45852.0
P10CV07,BRG_024,3,0,31932.0
P10CV07,BRG_025,0,1,64704.0
P10CV07,BRG_025,1,1,31344.0
P10CV07,BRG_025,2,1,14604.0
P10CV07,BRG_025,3,1,12144.0
P10CV07,BRG_025,4,1,21960.0
P10CV07,BRG_025,5,0,22896.0
P10CV07,BRG_026,0,1,70728.0
P10CV07,BRG_026,1,1,39600.0
P10CV07,BRG_026,2,1,49956.0
P10CV07,BRG_026,3,0,7368.0
P10CV07,BRG_027,0,1,20868.0
P10CV07,BRG_027,1,1,57456.0
P10CV07,BRG_027,2,1,30456.0
P10CV07,BRG_027,3,1,29808.0
P10CV07,BRG_027,4,0,29064.0
P10CV07,BRG_028,0,1,30504.0
P10CV07,BRG_028,1,1,34692.0
P10CV07,BRG_028,2,1,32088.0
P10CV07,BRG_028,3,1,42096.0
P10CV07,BRG_028,4,0,28272.0
P10CV07,BRG_029,0,1,18768.0
P10CV07,BRG_029,1,1,29232.0
P10CV07,BRG_029,2,1,34488.0
P10CV07,BRG_029,3,1,33468.0
P10CV07,BRG_029,4,1,38640.0
P10CV07,BRG_029,5,0,13056.0
P10CV07,BRG_030,0,1,39396.0
P10CV07,BRG_030,1,1,47556.0
P10CV07,BRG_030,2,1,21756.0
P10CV07,BRG_030,3,1,46260.0
P10CV07,BRG_030,4,0,12684.0
P10CV07,BRG_031,0,1,84468.0
P10CV07,BRG_031,1,1,24252.0
P10CV07,BRG_031,2,0,58932.0
P10CV07,BRG_032,0,1,10308.0
P10CV07,BRG_032,1,1,34500.0
P10CV07,BRG_032,2,1,27156.0
P10CV07,BRG_032,3,1,46620.0
P10CV07,BRG_032,4,1,40032.0
P10CV07,BRG_032,5,0,9036.0
P10CV07,BRG_033,0,1,41856.0
P10CV07,BRG_033,1,1,39900.0
P10CV07,BRG_033,2,1,20880.0
P10CV07,BRG_033,3,1,64416.0
P10CV07,BRG_033,4,0,600.0
P10CV07,BRG_034,0,1,16524.0
P10CV07,BRG_034,1,1,57540.0
P10CV07,BRG_034,2,1,10728.0
P10CV07,BRG_034,3,1,38088.0
P10CV07,BRG_034,4,0,44772.0
P10CV08,BRG_001,0,1,63564.0
P10CV08,BRG_001,1,1,28560.0
P10CV08,BRG_001,2,1,15840.0
P10CV08,BRG_001,3,1,23016.0
P10CV08,BRG_001,4,1,21984.0
P10CV08,BRG_001,5,0,14472.0
P10CV08,BRG_002,0,1,7368.0
P10CV08,BRG_002,1,1,49788.0
P10CV08,BRG_002,2,1,29268.0
P10CV08,BRG_002,3,1,28488.0
P10CV08,BRG_002,4,1,16344.0
P10CV08,BRG_002,5,0,36180.0
P10CV08,BRG_003,0,1,34152.0
P10CV08,BRG_003,1,1,47700.0
P10CV08,BRG_003,2,1,33924.0
P10CV08,BRG_003,3,1,10272.0
P10CV08,BRG_003,4,1,22620.0
P10CV08,BRG_003,5,0,18768.0
P10CV08,BRG_004,0,1,46716.0
P10CV08,BRG_004,1,1,46536.0
P10CV08,BRG_004,2,1,24840.0
P10CV08,BRG_004,3,1,24888.0
P10CV08,BRG_004,4,0,24456.0
P10CV08,BRG_005,0,1,40056.0
P10CV08,BRG_005,1,1,35604.0
P10CV08,BRG_005,2,1,27192.0
P10CV08,BRG_005,3,1,42396.0
P10CV08,BRG_005,4,0,22188.0
P10CV08,BRG_006,0,1,24828.0
P10CV08,BRG_006,1,1,56316.0
P10CV08,BRG_006,2,1,21744.0
P10CV08,BRG_006,3,0,64548.0
P10CV08,BRG_007,0,1,22992.0
P10CV08,BRG_007,1,1,36324.0
P10CV08,BRG_007,2,1,38088.0
P10CV08,BRG_007,3,1,20748.0
P10CV08,BRG_007,4,1,40968.0
P10CV08,BRG_007,5,0,8316.0
P10CV08,BRG_008,0,1,40284.0
P10CV08,BRG_008,1,1,63432.0
P10CV08,BRG_008,2,1,46572.0
P10CV08,BRG_008,3,0,17148.0
P10CV08,BRG_009,0,1,46968.0
P10CV08,BRG_009,1,1,24384.0
P10CV08,BRG_009,2,1,42432.0
P10CV08,BRG_009,3,1,51744.0
P10CV08,BRG_009,4,0,1908.0
P10CV08,BRG_010,0,1,17076.0
P10CV08,BRG_010,1,1,50832.0
P10CV08,BRG_010,2,1,46392.0
P10CV08,BRG_010,3,1,38988.0
P10CV08,BRG_010,4,0,14148.0
P10CV08,BRG_011,0,1,53928.0
P10CV08,BRG_011,1,1,35904.0
P10CV08,BRG_011,2,1,33456.0
P10CV08,BRG_011,3,1,32304.0
P10CV08,BRG_011,4,0,11844.0
P10CV08,BRG_012,0,1,72204.0
P10CV08,BRG_012,1,1,29760.0
P10CV08,BRG_012,2,1,25392.0
P10CV08,BRG_012,3,0,40080.0
P10CV08,BRG_013,0,1,54036.0
P10CV08,BRG_013,1,1,33708.0
P10CV08,BRG_013,2,1,14184.0
P10CV08,BRG_013,3,1,23364.0
P10CV08,BRG_013,4,0,42144.0
P10CV08,BRG_014,0,1,55752.0
P10CV08,BRG_014,1,1,33300.0
P10CV08,BRG_014,2,1,43404.0
P10CV08,BRG_014,3,0,34980.0
P10CV08,BRG_015,0,1,63864.0
P10CV08,BRG_015,1,1,37224.0
P10CV08,BRG_015,2,1,43056.0
P10CV08,BRG_015,3,0,23292.0
P10CV08,BRG_016,0,1,44268.0
P10CV08,BRG_016,1,1,27972.0
P10CV08,BRG_016,2,1,32280.0
P10CV08,BRG_016,3,1,42984.0
P10CV08,BRG_016,4,1,17988.0
P10CV08,BRG_016,5,0,1944.0
P10CV08,BRG_017,0,1,22068.0
P10CV08,BRG_017,1,1,41460.0
P10CV08,BRG_017,2,1,29184.0
P10CV08,BRG_017,3,1,26232.0
P10CV08,BRG_017,4,0,48492.0
P10CV08,BRG_018,0,1,35532.0
P10CV08,BRG_018,1,1,38196.0
P10CV08,BRG_018,2,1,36780.0
P10CV08,BRG_018,3,1,48552.0
P10CV08,BRG_018,4,0,8376.0
P10CV08,BRG_019,0,1,37560.0
P10CV08,BRG_019,1,1,15060.0
P10CV08,BRG_019,2,1,39348.0
P10CV08,BRG_019,3,1,47196.0
P10CV08,BRG_019,4,0,28272.0
P10CV08,BRG_020,0,1,36084.0
P10CV08,BRG_020,1,1,59580.0
P10CV08,BRG_020,2,1,50124.0
P10CV08,BRG_020,3,0,21648.0
P10CV08,BRG_021,0,1,47172.0
P10CV08,BRG_021,1,1,42600.0
P10CV08,BRG_021,2,1,39240.0
P10CV08,BRG_021,3,0,38424.0
P10CV08,BRG_022,0,1,33264.0
P10CV08,BRG_022,1,1,24960.0
P10CV08,BRG_022,2,1,82200.0
P10CV08,BRG_022,3,0,27012.0
P10CV08,BRG_023,0,1,34260.0
P10CV08,BRG_023,1,1,54804.0
P10CV08,BRG_023,2,1,32052.0
P10CV08,BRG_023,3,1,27540.0
P10CV08,BRG_023,4,0,18780.0
P10CV08,BRG_024,0,1,41940.0
P10CV08,BRG_024,1,1,49188.0
P10CV08,BRG_024,2,1,16440.0
P10CV08,BRG_024,3,1,16848.0
P10CV08,BRG_024,4,0,43020.0
P10CV08,BRG_025,0,1,21336.0
P10CV08,BRG_025,1,1,52212.0
P10CV08,BRG_025,2,1,27624.0
P10CV08,BRG_025,3,1,30648.0
P10CV08,BRG_025,4,1,34392.0
P10CV08,BRG_025,5,0,1224.0
P10CV08,BRG_026,0,1,31800.0
P10CV08,BRG_026,1,1,22368.0
P10CV08,BRG_026,2,1,33516.0
P10CV08,BRG_026,3,1,47220.0
P10CV08,BRG_026,4,0,32532.0
P10CV08,BRG_027,0,1,33468.0
P10CV08,BRG_027,1,1,31152.0
P10CV08,BRG_027,2,1,48384.0
P10CV08,BRG_027,3,1,40812.0
P10CV08,BRG_027,4,0,13620.0
P10CV08,BRG_028,0,1,26316.0
P10CV08,BRG_028,1,1,71676.0
P10CV08,BRG_028,2,1,26556.0
P10CV08,BRG_028,3,1,39492.0
P10CV08,BRG_028,4,0,3396.0
P10CV08,BRG_029,0,1,20964.0
P10CV08,BRG_029,1,1,31236.0
P10CV08,BRG_029,2,1,27300.0
P10CV08,BRG_029,3,1,47964.0
P10CV08,BRG_029,4,1,35196.0
P10CV08,BRG_029,5,0,4776.0
P10CV08,BRG_030,0,1,43992.0
P10CV08,BRG_030,1,1,63420.0
P10CV08,BRG_030,2,1,43080.0
P10CV08,BRG_030,3,0,16944.0
P10CV08,BRG_031,0,1,38292.0
P10CV08,BRG_031,1,1,53448.0
P10CV08,BRG_031,2,1,31896.0
P10CV08,BRG_031,3,1,37224.0
P10CV08,BRG_031,4,0,6576.0
P10CV08,BRG_032,0,1,13584.0
P10CV08,BRG_032,1,1,33840.0
P10CV08,BRG_032,2,1,7044.0
P10CV08,BRG_032,3,1,60720.0
P10CV08,BRG_032,4,1,40008.0
P10CV08,BRG_032,5,0,12240.0
P10CV08,BRG_033,0,1,40944.0
P10CV08,BRG_033,1,1,81636.0
P10CV08,BRG_033,2,0,44856.0
P10CV08,BRG_034,0,1,34824.0
P10CV08,BRG_034,1,1,55260.0
P10CV08,BRG_034,2,1,40476.0
P10CV08,BRG_034,3,1,31992.0
P10CV08,BRG_034,4,0,4884.0
P10CV09,BRG_001,0,1,44472.0
P10CV09,BRG_001,1,1,24480.0
P10CV09,BRG_001,2,1,23196.0
P10CV09,BRG_001,3,1,46740.0
P10CV09,BRG_001,4,0,28836.0
P10CV09,BRG_002,0,1,42312.0
P10CV09,BRG_002,1,1,35112.0
P10CV09,BRG_002,2,1,13044.0
P10CV09,BRG_002,3,1,42204.0
P10CV09,BRG_002,4,1,33240.0
P10CV09,BRG_002,5,0,1812.0
P10CV09,BRG_003,0,1,56064.0
P10CV09,BRG_003,1,1,68652.0
P10CV09,BRG_003,2,0,43008.0
P10CV09,BRG_004,0,1,36252.0
P10CV09,BRG_004,1,1,43344.0
P10CV09,BRG_004,2,1,22980.0
P10CV09,BRG_004,3,1,54756.0
P10CV09,BRG_004,4,0,10392.0
P10CV09,BRG_005,0,1,30708.0
P10CV09,BRG_005,1,1,37320.0
P10CV09,BRG_005,2,1,32880.0
P10CV09,BRG_005,3,1,46080.0
P10CV09,BRG_005,4,0,20736.0
P10CV09,BRG_006,0,1,49452.0
P10CV09,BRG_006,1,1,35136.0
P10CV09,BRG_006,2,1,35520.0
P10CV09,BRG_006,3,1,36000.0
P10CV09,BRG_006,4,0,11616.0
P10CV09,BRG_007,0,1,34200.0
P10CV09,BRG_007,1,1,27432.0
P10CV09,BRG_007,2,1,43560.0
P10CV09,BRG_007,3,1,39876.0
P10CV09,BRG_007,4,1,20124.0
P10CV09,BRG_007,5,0,2532.0
P10CV09,BRG_008,0,1,42732.0
P10CV09,BRG_008,1,1,25188.0
P10CV09,BRG_008,2,1,46992.0
P10CV09,BRG_008,3,1,49644.0
P10CV09,BRG_008,4,0,3168.0
P10CV09,BRG_009,0,1,34596.0
P10CV09,BRG_009,1,1,9912.0
P10CV09,BRG_009,2,1,18144.0
P10CV09,BRG_009,3,1,40320.0
P10CV09,BRG_009,4,0,64752.0
P10CV09,BRG_010,0,1,13872.0
P10CV09,BRG_010,1,1,27060.0
P10CV09,BRG_010,2,1,34872.0
P10CV09,BRG_010,3,1,22848.0
P10CV09,BRG_010,4,1,60300.0
P10CV09,BRG_010,5,0,8772.0
P10CV09,BRG_011,0,1,41184.0
P10CV09,BRG_011,1,1,40704.0
P10CV09,BRG_011,2,1,40212.0
P10CV09,BRG_011,3,1,43368.0
P10CV09,BRG_011,4,0,2256.0
P10CV09,BRG_012,0,1,28704.0
P10CV09,BRG_012,1,1,21360.0
P10CV09,BRG_012,2,1,44940.0
P10CV09,BRG_012,3,1,58644.0
P10CV09,BRG_012,4,0,14076.0
P10CV09,BRG_013,0,1,46080.0
P10CV09,BRG_013,1,1,56172.0
P10CV09,BRG_013,2,1,52860.0
P10CV09,BRG_013,3,0,12612.0
P10CV09,BRG_014,0,1,32484.0
P10CV09,BRG_014,1,1,43716.0
P10CV09,BRG_014,2,1,33708.0
P10CV09,BRG_014,3,1,43992.0
P10CV09,BRG_014,4,0,13824.0
P10CV09,BRG_015,0,1,41412.0
P10CV09,BRG_015,1,1,49656.0
P10CV09,BRG_015,2,1,59928.0
P10CV09,BRG_015,3,0,16728.0
P10CV09,BRG_016,0,1,38328.0
P10CV09,BRG_016,1,1,45960.0
P10CV09,BRG_016,2,1,24456.0
P10CV09,BRG_016,3,1,26340.0
P10CV09,BRG_016,4,0,32640.0
P10CV09,BRG_017,0,1,25824.0
P10CV09,BRG_017,1,1,62556.0
P10CV09,BRG_017,2,1,27240.0
P10CV09,BRG_017,3,1,8484.0
P10CV09,BRG_017,4,1,37872.0
P10CV09,BRG_017,5,0,5748.0
P10CV09,BRG_018,0,1,32832.0
P10CV09,BRG_018,1,1,49452.0
P10CV09,BRG_018,2,1,10812.0
P10CV09,BRG_018,3,1,31140.0
P10CV09,BRG_018,4,0,43488.0
P10CV09,BRG_019,0,1,51240.0
P10CV09,BRG_019,1,1,49656.0
P10CV09,BRG_019,2,1,38052.0
P10CV09,BRG_019,3,0,28776.0
P10CV09,BRG_020,0,1,48588.0
P10CV09,BRG_020,1,1,41220.0
P10CV09,BRG_020,2,1,51624.0
P10CV09,BRG_020,3,0,26292.0
P10CV09,BRG_021,0,1,22572.0
P10CV09,BRG_021,1,1,45936.0
P10CV09,BRG_021,2,1,48840.0
P10CV09,BRG_021,3,1,34392.0
P10CV09,BRG_021,4,0,15984.0
P10CV09,BRG_022,0,1,45576.0
P10CV09,BRG_022,1,1,22632.0
P10CV09,BRG_022,2,1,30336.0
P10CV09,BRG_022,3,1,60084.0
P10CV09,BRG_022,4,1,3600.0
P10CV09,BRG_022,5,0,5496.0
P10CV09,BRG_023,0,1,34932.0
P10CV09,BRG_023,1,1,40176.0
P10CV09,BRG_023,2,1,54036.0
P10CV09,BRG_023,3,0,38580.0
P10CV09,BRG_024,0,1,12612.0
P10CV09,BRG_024,1,1,26928.0
P10CV09,BRG_024,2,1,22008.0
P10CV09,BRG_024,3,1,58740.0
P10CV09,BRG_024,4,1,3420.0
P10CV09,BRG_024,5,0,44016.0
P10CV09,BRG_025,0,1,24684.0
P10CV09,BRG_025,1,1,38124.0
P10CV09,BRG_025,2,1,57000.0
P10CV09,BRG_025,3,1,39420.0
P10CV09,BRG_025,4,0,8496.0
P10CV09,BRG_026,0,1,26436.0
P10CV09,BRG_026,1,1,64320.0
P10CV09,BRG_026,2,1,46992.0
P10CV09,BRG_026,3,0,29976.0
P10CV09,BRG_027,0,1,46824.0
P10CV09,BRG_027,1,1,44784.0
P10CV09,BRG_027,2,1,30936.0
P10CV09,BRG_027,3,1,29064.0
P10CV09,BRG_027,4,0,16116.0
P10CV09,BRG_028,0,1,12048.0
P10CV09,BRG_028,1,1,21012.0
P10CV09,BRG_028,2,1,24000.0
P10CV09,BRG_028,3,1,14928.0
P10CV09,BRG_028,4,1,28800.0
P10CV09,BRG_028,5,1,40416.0
P10CV09,BRG_028,6,0,26520.0
P10CV09,BRG_029,0,1,49800.0
P10CV09,BRG_029,1,1,27516.0
P10CV09,BRG_029,2,1,7476.0
P10CV09,BRG_029,3,1,33660.0
P10CV09,BRG_029,4,1,36756.0
P10CV09,BRG_029,5,0,12516.0
P10CV09,BRG_030,0,1,32424.0
P10CV09,BRG_030,1,1,52884.0
P10CV09,BRG_030,2,1,32580.0
P10CV09,BRG_030,3,1,39240.0
P10CV09,BRG_030,4,0,10596.0
P10CV09,BRG_031,0,1,40896.0
P10CV09,BRG_031,1,1,39924.0
P10CV09,BRG_031,2,1,59364.0
P10CV09,BRG_031,3,0,27540.0
P10CV09,BRG_032,0,1,56028.0
P10CV09,BRG_032,1,1,41100.0
P10CV09,BRG_032,2,1,27456.0
P10CV09,BRG_032,3,1,30612.0
P10CV09,BRG_032,4,0,12528.0
P10CV09,BRG_033,0,1,48672.0
P10CV09,BRG_033,1,1,57804.0
P10CV09,BRG_033,2,1,30744.0
P10CV09,BRG_033,3,1,20340.0
P10CV09,BRG_033,4,0,10164.0
P10CV09,BRG_034,0,1,9348.0
P10CV09,BRG_034,1,1,41544.0
P10CV09,BRG_034,2,1,47496.0
P10CV09,BRG_034,3,1,36972.0
P10CV09,BRG_034,4,0,32364.0
P10CV10,BRG_001,0,1,42192.0
P10CV10,BRG_001,1,1,37512.0
P10CV10,BRG_001,2,1,19848.0
P10CV10,BRG_001,3,1,31236.0
P10CV10,BRG_001,4,1,33648.0
P10CV10,BRG_001,5,0,3360.0
P10CV10,BRG_002,0,1,29280.0
P10CV10,BRG_002,1,1,42996.0
P10CV10,BRG_002,2,1,39312.0
P10CV10,BRG_002,3,1,44940.0
P10CV10,BRG_002,4,0,11268.0
P10CV10,BRG_003,0,1,51924.0
P10CV10,BRG_003,1,1,36840.0
P10CV10,BRG_003,2,1,37428.0
P10CV10,BRG_003,3,1,27036.0
P10CV10,BRG_003,4,0,14568.0
P10CV10,BRG_004,0,1,37392.0
P10CV10,BRG_004,1,1,13248.0
P10CV10,BRG_004,2,1,45432.0
P10CV10,BRG_004,3,1,29868.0
P10CV10,BRG_004,4,0,41856.0
P10CV10,BRG_005,0,1,37620.0
P10CV10,BRG_005,1,1,52596.0
P10CV10,BRG_005,2,1,25728.0
P10CV10,BRG_005,3,0,51852.0
P10CV10,BRG_006,0,1,41304.0
P10CV10,BRG_006,1,1,57732.0
P10CV10,BRG_006,2,1,35088.0
P10CV10,BRG_006,3,0,33672.0
P10CV10,BRG_007,0,1,38748.0
P10CV10,BRG_007,1,1,30372.0
P10CV10,BRG_007,2,1,40356.0
P10CV10,BRG_007,3,0,58320.0
P10CV10,BRG_008,0,1,23388.0
P10CV10,BRG_008,1,1,37392.0
P10CV10,BRG_008,2,1,32448.0
P10CV10,BRG_008,3,1,53304.0
P10CV10,BRG_008,4,0,21264.0
P10CV10,BRG_009,0,1,37824.0
P10CV10,BRG_009,1,1,41184.0
P10CV10,BRG_009,2,1,39852.0
P10CV10,BRG_009,3,1,35688.0
P10CV10,BRG_009,4,0,13248.0
P10CV10,BRG_010,0,1,27744.0
P10CV10,BRG_010,1,1,41076.0
P10CV10,BRG_010,2,1,56340.0
P10CV10,BRG_010,3,0,42636.0
P10CV10,BRG_011,0,1,42768.0
P10CV10,BRG_011,1,1,43764.0
P10CV10,BRG_011,2,1,34512.0
P10CV10,BRG_011,3,1,18384.0
P10CV10,BRG_011,4,0,28368.0
P10CV10,BRG_012,0,1,51744.0
P10CV10,BRG_012,1,1,39600.0
P10CV10,BRG_012,2,1,64008.0
P10CV10,BRG_012,3,0,12444.0
P10CV10,BRG_013,0,1,54684.0
P10CV10,BRG_013,1,1,61536.0
P10CV10,BRG_013,2,1,50976.0
P10CV10,BRG_013,3,0,600.0
P10CV10,BRG_014,0,1,41124.0
P10CV10,BRG_014,1,1,71952.0
P10CV10,BRG_014,2,1,32340.0
P10CV10,BRG_014,3,0,22380.0
P10CV10,BRG_015,0,1,63864.0
P10CV10,BRG_015,1,1,29856.0
P10CV10,BRG_015,2,1,45744.0
P10CV10,BRG_015,3,0,28332.0
P10CV10,BRG_016,0,1,42684.0
P10CV10,BRG_016,1,1,29940.0
P10CV10,BRG_016,2,1,21084.0
P10CV10,BRG_016,3,1,44484.0
P10CV10,BRG_016,4,0,29604.0
P10CV10,BRG_017,0,1,54360.0
P10CV10,BRG_017,1,1,25932.0
P10CV10,BRG_017,2,1,23688.0
P10CV10,BRG_017,3,1,54900.0
P10CV10,BRG_017,4,0,8916.0
P10CV10,BRG_018,0,1,44076.0
P10CV10,BRG_018,1,1,50016.0
P10CV10,BRG_018,2,1,43440.0
P10CV10,BRG_018,3,0,30264.0
P10CV10,BRG_019,0,1,34260.0
P10CV10,BRG_019,1,1,50076.0
P10CV10,BRG_019,2,1,40056.0
P10CV10,BRG_019,3,1,25944.0
P10CV10,BRG_019,4,0,17460.0
P10CV10,BRG_020,0,1,45288.0
P10CV10,BRG_020,1,1,43248.0
P10CV10,BRG_020,2,1,17568.0
P10CV10,BRG_020,3,1,28524.0
P10CV10,BRG_020,4,1,29124.0
P10CV10,BRG_020,5,0,4044.0
P10CV10,BRG_021,0,1,21132.0
P10CV10,BRG_021,1,1,48984.0
P10CV10,BRG_021,2,1,30636.0
P10CV10,BRG_021,3,1,33456.0
P10CV10,BRG_021,4,1,17868.0
P10CV10,BRG_021,5,0,15720.0
P10CV10,BRG_022,0,1,26580.0
P10CV10,BRG_022,1,1,62064.0
P10CV10,BRG_022,2,1,26760.0
P10CV10,BRG_022,3,0,52392.0
P10CV10,BRG_023,0,1,12672.0
P10CV10,BRG_023,1,1,35928.0
P10CV10,BRG_023,2,1,19848.0
P10CV10,BRG_023,3,1,10908.0
P10CV10,BRG_023,4,1,39156.0
P10CV10,BRG_023,5,1,43836.0
P10CV10,BRG_023,6,0,5448.0
P10CV10,BRG_024,0,1,40164.0
P10CV10,BRG_024,1,1,35280.0
P10CV10,BRG_024,2,1,37740.0
P10CV10,BRG_024,3,1,39504.0
P10CV10,BRG_024,4,0,15108.0
P10CV10,BRG_025,0,1,41676.0
P10CV10,BRG_025,1,1,19956.0
P10CV10,BRG_025,2,1,15516.0
P10CV10,BRG_025,3,1,42804.0
P10CV10,BRG_025,4,0,47844.0
P10CV10,BRG_026,0,1,28908.0
P10CV10,BRG_026,1,1,23796.0
P10CV10,BRG_026,2,1,42012.0
P10CV10,BRG_026,3,1,12672.0
P10CV10,BRG_026,4,0,60408.0
P10CV10,BRG_027,0,1,24336.0
P10CV10,BRG_027,1,1,61776.0
P10CV10,BRG_027,2,1,33468.0
P10CV10,BRG_027,3,0,48216.0
P10CV10,BRG_028,0,1,44232.0
P10CV10,BRG_028,1,1,40824.0
P10CV10,BRG_028,2,1,34080.0
P10CV10,BRG_028,3,0,48660.0
P10CV10,BRG_029,0,1,74868.0
P10CV10,BRG_029,1,1,48612.0
P10CV10,BRG_029,2,0,44316.0
P10CV10,BRG_030,0,1,45012.0
P10CV10,BRG_030,1,1,40128.0
P10CV10,BRG_030,2,1,23556.0
P10CV10,BRG_030,3,1,32892.0
P10CV10,BRG_030,4,0,26208.0
P10CV10,BRG_031,0,1,43140.0
P10CV10,BRG_031,1,1,31452.0
P10CV10,BRG_031,2,1,38892.0
P10CV10,BRG_031,3,1,51924.0
P10CV10,BRG_031,4,0,2388.0
P10CV10,BRG_032,0,1,50652.0
P10CV10,BRG_032,1,1,42612.0
P10CV10,BRG_032,2,1,39240.0
P10CV10,BRG_032,3,1,28260.0
P10CV10,BRG_032,4,0,7032.0
P10CV10,BRG_033,0,1,40824.0
P10CV10,BRG_033,1,1,43980.0
P10CV10,BRG_033,2,1,39360.0
P10CV10,BRG_033,3,0,43632.0
P10CV10,BRG_034,0,1,31260.0
P10CV10,BRG_034,1,1,36336.0
P10CV10,BRG_034,2,1,44628.0
P10CV10,BRG_034,3,1,45132.0
P10CV10,BRG_034,4,0,10440.0
P10CV11,BRG_001,0,1,30576.0
P10CV11,BRG_001,1,1,44700.0
P10CV11,BRG_001,2,1,30984.0
P10CV11,BRG_001,3,1,38976.0
P10CV11,BRG_001,4,0,22236.0
P10CV11,BRG_002,0,1,19248.0
P10CV11,BRG_002,1,1,32856.0
P10CV11,BRG_002,2,1,27504.0
P10CV11,BRG_002,3,1,17064.0
P10CV11,BRG_002,4,1,50772.0
P10CV11,BRG_002,5,0,20028.0
P10CV11,BRG_003,0,1,52308.0
P10CV11,BRG_003,1,1,52632.0
P10CV11,BRG_003,2,1,39252.0
P10CV11,BRG_003,3,0,23280.0
P10CV11,BRG_004,0,1,57876.0
P10CV11,BRG_004,1,1,54384.0
P10CV11,BRG_004,2,1,53124.0
P10CV11,BRG_004,3,0,2088.0
P10CV11,BRG_005,0,1,29496.0
P10CV11,BRG_005,1,1,24684.0
P10CV11,BRG_005,2,1,8616.0
P10CV11,BRG_005,3,1,40860.0
P10CV11,BRG_005,4,1,50892.0
P10CV11,BRG_005,5,0,12924.0
P10CV11,BRG_006,0,1,2700.0
P10CV11,BRG_006,1,1,55356.0
P10CV11,BRG_006,2,1,31332.0
P10CV11,BRG_006,3,1,43596.0
P10CV11,BRG_006,4,0,34488.0
P10CV11,BRG_007,0,1,27096.0
P10CV11,BRG_007,1,1,64500.0
P10CV11,BRG_007,2,1,38088.0
P10CV11,BRG_007,3,0,37788.0
P10CV11,BRG_008,0,1,65040.0
P10CV11,BRG_008,1,1,48120.0
P10CV11,BRG_008,2,1,24600.0
P10CV11,BRG_008,3,0,29712.0
P10CV11,BRG_009,0,1,55956.0
P10CV11,BRG_009,1,1,57936.0
P10CV11,BRG_009,2,1,33120.0
P10CV11,BRG_009,3,0,20460.0
P10CV11,BRG_010,0,1,30108.0
P10CV11,BRG_010,1,1,48816.0
P10CV11,BRG_010,2,1,55476.0
P10CV11,BRG_010,3,0,33072.0
P10CV11,BRG_011,0,1,24912.0
P10CV11,BRG_011,1,1,46980.0
P10CV11,BRG_011,2,1,51156.0
P10CV11,BRG_011,3,1,37620.0
P10CV11,BRG_011,4,0,6804.0
P10CV11,BRG_012,0,1,49740.0
P10CV11,BRG_012,1,1,29148.0
P10CV11,BRG_012,2,1,59076.0
P10CV11,BRG_012,3,1,23892.0
P10CV11,BRG_012,4,0,5616.0
P10CV11,BRG_013,0,1,45204.0
P10CV11,BRG_013,1,1,22476.0
P10CV11,BRG_013,2,1,44928.0
P10CV11,BRG_013,3,1,52116.0
P10CV11,BRG_013,4,0,2748.0
P10CV11,BRG_014,0,1,45936.0
P10CV11,BRG_014,1,1,45600.0
P10CV11,BRG_014,2,1,26136.0
P10CV11,BRG_014,3,0,49800.0
P10CV11,BRG_015,0,1,31668.0
P10CV11,BRG_015,1,1,34752.0
P10CV11,BRG_015,2,1,58032.0
P10CV11,BRG_015,3,0,43020.0
P10CV11,BRG_016,0,1,20196.0
P10CV11,BRG_016,1,1,34452.0
P10CV11,BRG_016,2,1,14268.0
P10CV11,BRG_016,3,1,25716.0
P10CV11,BRG_016,4,1,45156.0
P10CV11,BRG_016,5,0,27684.0
P10CV11,BRG_017,0,1,36048.0
P10CV11,BRG_017,1,1,31176.0
P10CV11,BRG_017,2,1,38016.0
P10CV11,BRG_017,3,1,52056.0
P10CV11,BRG_017,4,1,10008.0
P10CV11,BRG_017,5,0,168.0
P10CV11,BRG_018,0,1,53904.0
P10CV11,BRG_018,1,1,22260.0
P10CV11,BRG_018,2,1,48372.0
P10CV11,BRG_018,3,0,42936.0
P10CV11,BRG_019,0,1,41820.0
P10CV11,BRG_019,1,1,10080.0
P10CV11,BRG_019,2,1,21876.0
P10CV11,BRG_019,3,1,47556.0
P10CV11,BRG_019,4,1,37872.0
P10CV11,BRG_019,5,0,8268.0
P10CV11,BRG_020,0,1,28236.0
P10CV11,BRG_020,1,1,29364.0
P10CV11,BRG_020,2,1,24564.0
P10CV11,BRG_020,3,1,52932.0
P10CV11,BRG_020,4,0,32376.0
P10CV11,BRG_021,0,1,38640.0
P10CV11,BRG_021,1,1,41292.0
P10CV11,BRG_021,2,1,28236.0
P10CV11,BRG_021,3,1,49572.0
P10CV11,BRG_021,4,0,9732.0
P10CV11,BRG_022,0,1,41664.0
P10CV11,BRG_022,1,1,36096.0
P10CV11,BRG_022,2,1,24624.0
P10CV11,BRG_022,3,1,16308.0
P10CV11,BRG_022,4,1,47064.0
P10CV11,BRG_022,5,0,1716.0
P10CV11,BRG_023,0,1,31944.0
P10CV11,BRG_023,1,1,31464.0
P10CV11,BRG_023,2,1,50592.0
P10CV11,BRG_023,3,1,12684.0
P10CV11,BRG_023,4,0,40788.0
P10CV11,BRG_024,0,1,49944.0
P10CV11,BRG_024,1,1,54504.0
P10CV11,BRG_024,2,1,54564.0
P10CV11,BRG_024,3,0,8460.0
P10CV11,BRG_025,0,1,42060.0
P10CV11,BRG_025,1,1,43716.0
P10CV11,BRG_025,2,1,29784.0
P10CV11,BRG_025,3,1,37392.0
P10CV11,BRG_025,4,0,14520.0
P10CV11,BRG_026,0,1,44664.0
P10CV11,BRG_026,1,1,64404.0
P10CV11,BRG_026,2,1,36948.0
P10CV11,BRG_026,3,0,21456.0
P10CV11,BRG_027,0,1,59604.0
P10CV11,BRG_027,1,1,66636.0
P10CV11,BRG_027,2,0,41232.0
P10CV11,BRG_028,0,1,32556.0
P10CV11,BRG_028,1,1,23700.0
P10CV11,BRG_028,2,1,41724.0
P10CV11,BRG_028,3,1,50844.0
P10CV11,BRG_028,4,0,18648.0
P10CV11,BRG_029,0,1,39300.0
P10CV11,BRG_029,1,1,37980.0
P10CV11,BRG_029,2,1,32880.0
P10CV11,BRG_029,3,1,24276.0
P10CV11,BRG_029,4,0,33036.0
P10CV11,BRG_030,0,1,45996.0
P10CV11,BRG_030,1,1,17880.0
P10CV11,BRG_030,2,1,22776.0
P10CV11,BRG_030,3,1,17568.0
P10CV11,BRG_030,4,1,18120.0
P10CV11,BRG_030,5,0,45132.0
P10CV11,BRG_031,0,1,38124.0
P10CV11,BRG_031,1,1,40488.0
P10CV11,BRG_031,2,1,32544.0
P10CV11,BRG_031,3,1,15828.0
P10CV11,BRG_031,4,1,30684.0
P10CV11,BRG_031,5,0,9804.0
P10CV11,BRG_032,0,1,24684.0
P10CV11,BRG_032,1,1,42552.0
P10CV11,BRG_032,2,1,44844.0
P10CV11,BRG_032,3,1,24180.0
P10CV11,BRG_032,4,1,21444.0
P10CV11,BRG_032,5,0,9768.0
P10CV11,BRG_033,0,1,34332.0
P10CV11,BRG_033,1,1,61152.0
P10CV11,BRG_033,2,1,26532.0
P10CV11,BRG_033,3,1,25176.0
P10CV11,BRG_033,4,0,20280.0
P10CV11,BRG_034,0,1,32784.0
P10CV11,BRG_034,1,1,35952.0
P10CV11,BRG_034,2,1,33468.0
P10CV11,BRG_034,3,1,30984.0
P10CV11,BRG_034,4,1,14736.0
P10CV11,BRG_034,5,0,19548.0
P10CV12,BRG_001,0,1,27060.0
P10CV12,BRG_001,1,1,54924.0
P10CV12,BRG_001,2,1,25548.0
P10CV12,BRG_001,3,0,60228.0
P10CV12,BRG_002,0,1,19068.0
P10CV12,BRG_002,1,1,19752.0
P10CV12,BRG_002,2,1,57492.0
P10CV12,BRG_002,3,1,35220.0
P10CV12,BRG_002,4,0,36228.0
P10CV12,BRG_003,0,1,33336.0
P10CV12,BRG_003,1,1,34740.0
P10CV12,BRG_003,2,1,30324.0
P10CV12,BRG_003,3,1,48372.0
P10CV12,BRG_003,4,0,20988.0
P10CV12,BRG_004,0,1,45960.0
P10CV12,BRG_004,1,1,60912.0
P10CV12,BRG_004,2,0,60888.0
P10CV12,BRG_005,0,1,27192.0
P10CV12,BRG_005,1,1,55872.0
P10CV12,BRG_005,2,1,24132.0
P10CV12,BRG_005,3,1,53556.0
P10CV12,BRG_005,4,0,7008.0
P10CV12,BRG_006,0,1,44940.0
P10CV12,BRG_006,1,1,29064.0
P10CV12,BRG_006,2,1,20520.0
P10CV12,BRG_006,3,1,45108.0
P10CV12,BRG_006,4,0,28128.0
P10CV12,BRG_007,0,1,34224.0
P10CV12,BRG_007,1,1,22380.0
P10CV12,BRG_007,2,1,45900.0
P10CV12,BRG_007,3,1,5400.0
P10CV12,BRG_007,4,1,31836.0
P10CV12,BRG_007,5,1,15276.0
P10CV12,BRG_007,6,0,12744.0
P10CV12,BRG_008,0,1,48252.0
P10CV12,BRG_008,1,1,20448.0
P10CV12,BRG_008,2,1,37008.0
P10CV12,BRG_008,3,1,59148.0
P10CV12,BRG_008,4,0,2904.0
P10CV12,BRG_009,0,1,56820.0
P10CV12,BRG_009,1,1,36708.0
P10CV12,BRG_009,2,1,33168.0
P10CV12,BRG_009,3,0,41064.0
P10CV12,BRG_010,0,1,73680.0
P10CV12,BRG_010,1,1,48600.0
P10CV12,BRG_010,2,1,42828.0
P10CV12,BRG_010,3,0,2652.0
P10CV12,BRG_011,0,1,64872.0
P10CV12,BRG_011,1,1,62592.0
P10CV12,BRG_011,2,0,40296.0
P10CV12,BRG_012,0,1,62724.0
P10CV12,BRG_012,1,1,42084.0
P10CV12,BRG_012,2,1,30936.0
P10CV12,BRG_012,3,1,25044.0
P10CV12,BRG_012,4,0,6972.0
P10CV12,BRG_013,0,1,66000.0
P10CV12,BRG_013,1,1,27312.0
P10CV12,BRG_013,2,1,26004.0
P10CV12,BRG_013,3,1,14700.0
P10CV12,BRG_013,4,0,33744.0
P10CV12,BRG_014,0,1,41892.0
P10CV12,BRG_014,1,1,14868.0
P10CV12,BRG_014,2,1,25524.0
P10CV12,BRG_014,3,1,35796.0
P10CV12,BRG_014,4,1,33828.0
P10CV12,BRG_014,5,0,15852.0
P10CV12,BRG_015,0,1,44016.0
P10CV12,BRG_015,1,1,47100.0
P10CV12,BRG_015,2,1,34956.0
P10CV12,BRG_015,3,1,31668.0
P10CV12,BRG_015,4,0,10020.0
P10CV12,BRG_016,0,1,56436.0
P10CV12,BRG_016,1,1,52932.0
P10CV12,BRG_016,2,1,29124.0
P10CV12,BRG_016,3,1,28848.0
P10CV12,BRG_016,4,0,420.0
P10CV12,BRG_017,0,1,42648.0
P10CV12,BRG_017,1,1,37428.0
P10CV12,BRG_017,2,1,22920.0
P10CV12,BRG_017,3,1,37560.0
P10CV12,BRG_017,4,0,27204.0
P10CV12,BRG_018,0,1,40848.0
P10CV12,BRG_018,1,1,26076.0
P10CV12,BRG_018,2,1,49008.0
P10CV12,BRG_018,3,1,32532.0
P10CV12,BRG_018,4,0,19296.0
P10CV12,BRG_019,0,1,42732.0
P10CV12,BRG_019,1,1,25548.0
P10CV12,BRG_019,2,1,29196.0
P10CV12,BRG_019,3,1,18396.0
P10CV12,BRG_019,4,0,51888.0
P10CV12,BRG_020,0,1,23028.0
P10CV12,BRG_020,1,1,25164.0
P10CV12,BRG_020,2,1,44388.0
P10CV12,BRG_020,3,1,45228.0
P10CV12,BRG_020,4,0,29952.0
P10CV12,BRG_021,0,1,40260.0
P10CV12,BRG_021,1,1,47832.0
P10CV12,BRG_021,2,1,16536.0
P10CV12,BRG_021,3,1,52044.0
P10CV12,BRG_021,4,0,11088.0
P10CV12,BRG_022,0,1,52512.0
P10CV12,BRG_022,1,1,49308.0
P10CV12,BRG_022,2,1,23760.0
P10CV12,BRG_022,3,1,27012.0
P10CV12,BRG_022,4,0,15168.0
P10CV12,BRG_023,0,1,54792.0
P10CV12,BRG_023,1,1,37224.0
P10CV12,BRG_023,2,1,51540.0
P10CV12,BRG_023,3,0,24204.0
P10CV12,BRG_024,0,1,38052.0
P10CV12,BRG_024,1,1,20244.0
P10CV12,BRG_024,2,1,56592.0
P10CV12,BRG_024,3,1,33876.0
P10CV12,BRG_024,4,0,18996.0
P10CV12,BRG_025,0,1,27048.0
P10CV12,BRG_025,1,1,26292.0
P10CV12,BRG_025,2,1,79512.0
P10CV12,BRG_025,3,0,34908.0
P10CV12,BRG_026,0,1,26964.0
P10CV12,BRG_026,1,1,77556.0
P10CV12,BRG_026,2,1,17964.0
P10CV12,BRG_026,3,1,37116.0
P10CV12,BRG_026,4,0,8160.0
P10CV12,BRG_027,0,1,27612.0
P10CV12,BRG_027,1,1,51072.0
P10CV12,BRG_027,2,1,31056.0
P10CV12,BRG_027,3,1,12456.0
P10CV12,BRG_027,4,1,21348.0
P10CV12,BRG_027,5,0,24216.0
P10CV12,BRG_028,0,1,42420.0
P10CV12,BRG_028,1,1,59148.0
P10CV12,BRG_028,2,1,43392.0
P10CV12,BRG_028,3,0,22800.0
P10CV12,BRG_029,0,1,58620.0
P10CV12,BRG_029,1,1,48708.0
P10CV12,BRG_029,2,1,34896.0
P10CV12,BRG_029,3,0,25536.0
P10CV12,BRG_030,0,1,37104.0
P10CV12,BRG_030,1,1,37440.0
P10CV12,BRG_030,2,1,34668.0
P10CV12,BRG_030,3,1,49944.0
P10CV12,BRG_030,4,0,8604.0
P10CV12,BRG_031,0,1,23952.0
P10CV12,BRG_031,1,1,46200.0
P10CV12,BRG_031,2,1,48924.0
P10CV12,BRG_031,3,0,48684.0
P10CV12,BRG_032,0,1,15984.0
P10CV12,BRG_032,1,1,40584.0
P10CV12,BRG_032,2,1,16944.0
P10CV12,BRG_032,3,1,61908.0
P10CV12,BRG_032,4,0,32340.0
P10CV12,BRG_033,0,1,41952.0
P10CV12,BRG_033,1,1,46416.0
P10CV12,BRG_033,2,1,38076.0
P10CV12,BRG_033,3,1,30048.0
P10CV12,BRG_033,4,0,11268.0
P10CV12,BRG_034,0,1,53988.0
P10CV12,BRG_034,1,1,33228.0
P10CV12,BRG_034,2,1,32088.0
P10CV12,BRG_034,3,0,48456.0
P10CV13,BRG_001,0,1,31500.0
P10CV13,BRG_001,1,1,35832.0
P10CV13,BRG_001,2,1,14652.0
P10CV13,BRG_001,3,1,32652.0
P10CV13,BRG_001,4,1,35868.0
P10CV13,BRG_001,5,0,17148.0
P10CV13,BRG_002,0,1,43884.0
P10CV13,BRG_002,1,1,51096.0
P10CV13,BRG_002,2,0,72672.0
P10CV13,BRG_003,0,1,41916.0
P10CV13,BRG_003,1,1,41496.0
P10CV13,BRG_003,2,1,46500.0
P10CV13,BRG_003,3,0,37740.0
P10CV13,BRG_004,0,1,21288.0
P10CV13,BRG_004,1,1,36024.0
P10CV13,BRG_004,2,1,24948.0
P10CV13,BRG_004,3,1,31656.0
P10CV13,BRG_004,4,1,18636.0
P10CV13,BRG_004,5,0,35100.0
P10CV13,BRG_005,0,1,21324.0
P10CV13,BRG_005,1,1,29724.0
P10CV13,BRG_005,2,1,23076.0
P10CV13,BRG_005,3,1,33756.0
P10CV13,BRG_005,4,1,27864.0
P10CV13,BRG_005,5,0,31908.0
P10CV13,BRG_006,0,1,60228.0
P10CV13,BRG_006,1,1,20472.0
P10CV13,BRG_006,2,1,40116.0
P10CV13,BRG_006,3,1,34404.0
P10CV13,BRG_006,4,0,12432.0
P10CV13,BRG_007,0,1,41904.0
P10CV13,BRG_007,1,1,33384.0
P10CV13,BRG_007,2,1,46488.0
P10CV13,BRG_007,3,1,30780.0
P10CV13,BRG_007,4,0,15096.0
P10CV13,BRG_008,0,1,48588.0
P10CV13,BRG_008,1,1,49668.0
P10CV13,BRG_008,2,0,69396.0
P10CV13,BRG_009,0,1,53724.0
P10CV13,BRG_009,1,1,53784.0
P10CV13,BRG_009,2,1,6108.0
P10CV13,BRG_009,3,1,28644.0
P10CV13,BRG_009,4,0,25392.0
P10CV13,BRG_010,0,1,50988.0
P10CV13,BRG_010,1,1,33324.0
P10CV13,BRG_010,2,1,46044.0
P10CV13,BRG_010,3,0,37296.0
P10CV13,BRG_011,0,1,49164.0
P10CV13,BRG_011,1,1,47880.0
P10CV13,BRG_011,2,1,23664.0
P10CV13,BRG_011,3,1,39624.0
P10CV13,BRG_011,4,0,7320.0
P10CV13,BRG_012,0,1,15060.0
P10CV13,BRG_012,1,1,37152.0
P10CV13,BRG_012,2,1,54420.0
P10CV13,BRG_012,3,1,29880.0
P10CV13,BRG_012,4,0,31140.0
P10CV13,BRG_013,0,1,44352.0
P10CV13,BRG_013,1,1,37944.0
P10CV13,BRG_013,2,1,70032.0
P10CV13,BRG_013,3,0,15324.0
P10CV13,BRG_014,0,1,39048.0
P10CV13,BRG_014,1,1,58296.0
P10CV13,BRG_014,2,1,26112.0
P10CV13,BRG_014,3,0,44196.0
P10CV13,BRG_015,0,1,27588.0
P10CV13,BRG_015,1,1,42624.0
P10CV13,BRG_015,2,1,38904.0
P10CV13,BRG_015,3,1,22800.0
P10CV13,BRG_015,4,0,35736.0
P10CV13,BRG_016,0,1,40860.0
P10CV13,BRG_016,1,1,27036.0
P10CV13,BRG_016,2,1,17160.0
P10CV13,BRG_016,3,1,45552.0
P10CV13,BRG_016,4,1,29952.0
P10CV13,BRG_016,5,0,7092.0
P10CV13,BRG_017,0,1,53376.0
P10CV13,BRG_017,1,1,61224.0
P10CV13,BRG_017,2,1,41280.0
P10CV13,BRG_017,3,0,11772.0
P10CV13,BRG_018,0,1,45564.0
P10CV13,BRG_018,1,1,17832.0
P10CV13,BRG_018,2,1,52740.0
P10CV13,BRG_018,3,1,29100.0
P10CV13,BRG_018,4,0,22416.0
P10CV13,BRG_019,0,1,29184.0
P10CV13,BRG_019,1,1,52104.0
P10CV13,BRG_019,2,1,43116.0
P10CV13,BRG_019,3,1,24252.0
P10CV13,BRG_019,4,0,18996.0
P10CV13,BRG_020,0,1,49104.0
P10CV13,BRG_020,1,1,26364.0
P10CV13,BRG_020,2,1,20820.0
P10CV13,BRG_020,3,1,30876.0
P10CV13,BRG_020,4,0,40488.0
P10CV13,BRG_021,0,1,46380.0
P10CV13,BRG_021,1,1,29388.0
P10CV13,BRG_021,2,1,37644.0
P10CV13,BRG_021,3,1,37128.0
P10CV13,BRG_021,4,0,17112.0
P10CV13,BRG_022,0,1,44712.0
P10CV13,BRG_022,1,1,36732.0
P10CV13,BRG_022,2,1,58548.0
P10CV13,BRG_022,3,0,27660.0
P10CV13,BRG_023,0,1,31008.0
P10CV13,BRG_023,1,1,33828.0
P10CV13,BRG_023,2,1,44772.0
P10CV13,BRG_023,3,1,32268.0
P10CV13,BRG_023,4,1,24216.0
P10CV13,BRG_023,5,0,1560.0
P10CV13,BRG_024,0,1,35016.0
P10CV13,BRG_024,1,1,37416.0
P10CV13,BRG_024,2,1,63900.0
P10CV13,BRG_024,3,0,31320.0
P10CV13,BRG_025,0,1,24372.0
P10CV13,BRG_025,1,1,30792.0
P10CV13,BRG_025,2,1,31728.0
P10CV13,BRG_025,3,1,54348.0
P10CV13,BRG_025,4,0,26412.0
P10CV13,BRG_026,0,1,46464.0
P10CV13,BRG_026,1,1,38628.0
P10CV13,BRG_026,2,1,53808.0
P10CV13,BRG_026,3,0,28752.0
P10CV13,BRG_027,0,1,59856.0
P10CV13,BRG_027,1,1,24972.0
P10CV13,BRG_027,2,1,42492.0
P10CV13,BRG_027,3,0,40332.0
P10CV13,BRG_028,0,1,30024.0
P10CV13,BRG_028,1,1,19896.0
P10CV13,BRG_028,2,1,19272.0
P10CV13,BRG_028,3,1,50352.0
P10CV13,BRG_028,4,1,39912.0
P10CV13,BRG_028,5,0,8196.0
P10CV13,BRG_029,0,1,15864.0
P10CV13,BRG_029,1,1,48648.0
P10CV13,BRG_029,2,1,39288.0
P10CV13,BRG_029,3,1,18108.0
P10CV13,BRG_029,4,1,40848.0
P10CV13,BRG_029,5,0,4896.0
P10CV13,BRG_030,0,1,46320.0
P10CV13,BRG_030,1,1,38784.0
P10CV13,BRG_030,2,1,56100.0
P10CV13,BRG_030,3,1,16416.0
P10CV13,BRG_030,4,0,10032.0
P10CV13,BRG_031,0,1,35916.0
P10CV13,BRG_031,1,1,30156.0
P10CV13,BRG_031,2,1,38676.0
P10CV13,BRG_031,3,1,37572.0
P10CV13,BRG_031,4,0,25332.0
P10CV13,BRG_032,0,1,44388.0
P10CV13,BRG_032,1,1,57336.0
P10CV13,BRG_032,2,1,16968.0
P10CV13,BRG_032,3,0,48960.0
P10CV13,BRG_033,0,1,27024.0
P10CV13,BRG_033,1,1,31044.0
P10CV13,BRG_033,2,1,49848.0
P10CV13,BRG_033,3,1,20352.0
P10CV13,BRG_033,4,1,34548.0
P10CV13,BRG_033,5,0,4836.0
P10CV13,BRG_034,0,1,53856.0
P10CV13,BRG_034,1,1,34416.0
P10CV13,BRG_034,2,1,26616.0
P10CV13,BRG_034,3,1,44268.0
P10CV13,BRG_034,4,0,8496.0
P10CV14,BRG_001,0,1,57768.0
P10CV14,BRG_001,1,1,60180.0
P10CV14,BRG_001,2,1,46788.0
P10CV14,BRG_001,3,0,2808.0
P10CV14,BRG_002,0,1,63648.0
P10CV14,BRG_002,1,1,40380.0
P10CV14,BRG_002,2,1,13908.0
P10CV14,BRG_002,3,1,40668.0
P10CV14,BRG_002,4,0,8940.0
P10CV14,BRG_003,0,1,15732.0
P10CV14,BRG_003,1,1,41424.0
P10CV14,BRG_003,2,1,30768.0
P10CV14,BRG_003,3,1,46344.0
P10CV14,BRG_003,4,1,4740.0
P10CV14,BRG_003,5,0,28536.0
P10CV14,BRG_004,0,1,53064.0
P10CV14,BRG_004,1,1,55920.0
P10CV14,BRG_004,2,1,28032.0
P10CV14,BRG_004,3,0,30528.0
P10CV14,BRG_005,0,1,50724.0
P10CV14,BRG_005,1,1,34932.0
P10CV14,BRG_005,2,1,43644.0
P10CV14,BRG_005,3,0,38244.0
P10CV14,BRG_006,0,1,55980.0
P10CV14,BRG_006,1,1,50004.0
P10CV14,BRG_006,2,1,26196.0
P10CV14,BRG_006,3,0,35364.0
P10CV14,BRG_007,0,1,43884.0
P10CV14,BRG_007,1,1,41016.0
P10CV14,BRG_007,2,1,49692.0
P10CV14,BRG_007,3,0,32952.0
P10CV14,BRG_008,0,1,56928.0
P10CV14,BRG_008,1,1,36600.0
P10CV14,BRG_008,2,1,34344.0
P10CV14,BRG_008,3,1,27420.0
P10CV14,BRG_008,4,0,12252.0
P10CV14,BRG_009,0,1,23940.0
P10CV14,BRG_009,1,1,44592.0
P10CV14,BRG_009,2,1,29040.0
P10CV14,BRG_009,3,1,36276.0
P10CV14,BRG_009,4,1,22440.0
P10CV14,BRG_009,5,0,11256.0
P10CV14,BRG_010,0,1,59760.0
P10CV14,BRG_010,1,1,42444.0
P10CV14,BRG_010,2,1,37692.0
P10CV14,BRG_010,3,0,27648.0
P10CV14,BRG_011,0,1,32040.0
P10CV14,BRG_011,1,1,37500.0
P10CV14,BRG_011,2,1,19548.0
P10CV14,BRG_011,3,1,40584.0
P10CV14,BRG_011,4,1,37080.0
P10CV14,BRG_011,5,0,792.0
P10CV14,BRG_012,0,1,62436.0
P10CV14,BRG_012,1,1,23928.0
P10CV14,BRG_012,2,1,22380.0
P10CV14,BRG_012,3,1,39600.0
P10CV14,BRG_012,4,1,14520.0
P10CV14,BRG_012,5,0,4680.0
P10CV14,BRG_013,0,1,41940.0
P10CV14,BRG_013,1,1,48012.0
P10CV14,BRG_013,2,1,49452.0
P10CV14,BRG_013,3,0,28140.0
P10CV14,BRG_014,0,1,32004.0
P10CV14,BRG_014,1,1,73236.0
P10CV14,BRG_014,2,1,24636.0
P10CV14,BRG_014,3,1,31692.0
P10CV14,BRG_014,4,0,5976.0
P10CV14,BRG_015,0,1,32856.0
P10CV14,BRG_015,1,1,43704.0
P10CV14,BRG_015,2,1,18492.0
P10CV14,BRG_015,3,1,34860.0
P10CV14,BRG_015,4,1,17700.0
P10CV14,BRG_015,5,0,19932.0
P10CV14,BRG_016,0,1,39228.0
P10CV14,BRG_016,1,1,38520.0
P10CV14,BRG_016,2,1,31200.0
P10CV14,BRG_016,3,1,22212.0
P10CV14,BRG_016,4,1,29904.0
P10CV14,BRG_016,5,0,6480.0
P10CV14,BRG_017,0,1,49704.0
P10CV14,BRG_017,1,1,54312.0
P10CV14,BRG_017,2,1,27684.0
P10CV14,BRG_017,3,0,35844.0
P10CV14,BRG_018,0,1,63732.0
P10CV14,BRG_018,1,1,42624.0
P10CV14,BRG_018,2,0,61188.0
P10CV14,BRG_019,0,1,39288.0
P10CV14,BRG_019,1,1,57360.0
P10CV14,BRG_019,2,1,46200.0
P10CV14,BRG_019,3,0,24696.0
P10CV14,BRG_020,0,1,40212.0
P10CV14,BRG_020,1,1,31212.0
P10CV14,BRG_020,2,1,29712.0
P10CV14,BRG_020,3,1,19272.0
P10CV14,BRG_020,4,0,47136.0
P10CV14,BRG_021,0,1,21876.0
P10CV14,BRG_021,1,1,27936.0
P10CV14,BRG_021,2,1,22536.0
P10CV14,BRG_021,3,1,58320.0
P10CV14,BRG_021,4,0,36876.0
P10CV14,BRG_022,0,1,65016.0
P10CV14,BRG_022,1,1,36228.0
P10CV14,BRG_022,2,1,7776.0
P10CV14,BRG_022,3,1,37716.0
P10CV14,BRG_022,4,0,20808.0
P10CV14,BRG_023,0,1,25332.0
P10CV14,BRG_023,1,1,11940.0
P10CV14,BRG_023,2,1,13272.0
P10CV14,BRG_023,3,1,56820.0
P10CV14,BRG_023,4,0,60180.0
P10CV14,BRG_024,0,1,44460.0
P10CV14,BRG_024,1,1,21696.0
P10CV14,BRG_024,2,1,29964.0
P10CV14,BRG_024,3,1,37428.0
P10CV14,BRG_024,4,0,33996.0
P10CV14,BRG_025,0,1,46272.0
P10CV14,BRG_025,1,1,22704.0
P10CV14,BRG_025,2,1,57948.0
P10CV14,BRG_025,3,0,40620.0
P10CV14,BRG_026,0,1,57948.0
P10CV14,BRG_026,1,1,44100.0
P10CV14,BRG_026,2,1,34572.0
P10CV14,BRG_026,3,0,30924.0
P10CV14,BRG_027,0,1,17520.0
P10CV14,BRG_027,1,1,28188.0
P10CV14,BRG_027,2,1,43440.0
P10CV14,BRG_027,3,1,32328.0
P10CV14,BRG_027,4,0,46068.0
P10CV14,BRG_028,0,1,42528.0
P10CV14,BRG_028,1,1,25968.0
P10CV14,BRG_028,2,1,48372.0
P10CV14,BRG_028,3,1,46512.0
P10CV14,BRG_028,4,0,4164.0
P10CV14,BRG_029,0,1,49848.0
P10CV14,BRG_029,1,1,34128.0
P10CV14,BRG_029,2,1,42180.0
P10CV14,BRG_029,3,1,28404.0
P10CV14,BRG_029,4,0,12984.0
P10CV14,BRG_030,0,1,27228.0
P10CV14,BRG_030,1,1,54060.0
P10CV14,BRG_030,2,1,35424.0
P10CV14,BRG_030,3,1,33060.0
P10CV14,BRG_030,4,0,17772.0
P10CV14,BRG_031,0,1,52584.0
P10CV14,BRG_031,1,1,25992.0
P10CV14,BRG_031,2,1,47808.0
P10CV14,BRG_031,3,1,18360.0
P10CV14,BRG_031,4,0,22800.0
P10CV14,BRG_032,0,1,61680.0
P10CV14,BRG_032,1,1,34692.0
P10CV14,BRG_032,2,1,55284.0
P10CV14,BRG_032,3,1,14844.0
P10CV14,BRG_032,4,0,1044.0
P10CV14,BRG_033,0,1,27624.0
P10CV14,BRG_033,1,1,32436.0
P10CV14,BRG_033,2,1,32124.0
P10CV14,BRG_033,3,1,50268.0
P10CV14,BRG_033,4,0,25092.0
P10CV14,BRG_034,0,1,44136.0
P10CV14,BRG_034,1,1,39084.0
P10CV14,BRG_034,2,1,52476.0
P10CV14,BRG_034,3,0,31848.0
P10CV15,BRG_001,0,1,41460.0
P10CV15,BRG_001,1,1,68040.0
P10CV15,BRG_001,2,1,43512.0
P10CV15,BRG_001,3,0,15216.0
P10CV15,BRG_002,0,1,56820.0
P10CV15,BRG_002,1,1,10116.0
P10CV15,BRG_002,2,1,71220.0
P10CV15,BRG_002,3,1,11724.0
P10CV15,BRG_002,4,0,18348.0
P10CV15,BRG_003,0,1,49488.0
P10CV15,BRG_003,1,1,40428.0
P10CV15,BRG_003,2,1,47940.0
P10CV15,BRG_003,3,1,28008.0
P10CV15,BRG_003,4,0,2364.0
P10CV15,BRG_004,0,1,57516.0
P10CV15,BRG_004,1,1,35856.0
P10CV15,BRG_004,2,1,42948.0
P10CV15,BRG_004,3,1,14904.0
P10CV15,BRG_004,4,1,6168.0
P10CV15,BRG_004,5,0,10836.0
P10CV15,BRG_005,0,1,40152.0
P10CV15,BRG_005,1,1,40764.0
P10CV15,BRG_005,2,1,46308.0
P10CV15,BRG_005,3,1,32028.0
P10CV15,BRG_005,4,0,8976.0
P10CV15,BRG_006,0,1,62904.0
P10CV15,BRG_006,1,1,42600.0
P10CV15,BRG_006,2,1,9132.0
P10CV15,BRG_006,3,1,29640.0
P10CV15,BRG_006,4,0,23952.0
P10CV15,BRG_007,0,1,31236.0
P10CV15,BRG_007,1,1,66000.0
P10CV15,BRG_007,2,1,14952.0
P10CV15,BRG_007,3,0,56040.0
P10CV15,BRG_008,0,1,29016.0
P10CV15,BRG_008,1,1,47700.0
P10CV15,BRG_008,2,1,37908.0
P10CV15,BRG_008,3,1,23568.0
P10CV15,BRG_008,4,0,30036.0
P10CV15,BRG_009,0,1,42672.0
P10CV15,BRG_009,1,1,19740.0
P10CV15,BRG_009,2,1,39684.0
P10CV15,BRG_009,3,1,35916.0
P10CV15,BRG_009,4,0,30216.0
P10CV15,BRG_010,0,1,11640.0
P10CV15,BRG_010,1,1,53892.0
P10CV15,BRG_010,2,1,20568.0
P10CV15,BRG_010,3,1,47376.0
P10CV15,BRG_010,4,1,34560.0
P10CV15,BRG_010,5,0,192.0
P10CV15,BRG_011,0,1,34152.0
P10CV15,BRG_011,1,1,42624.0
P10CV15,BRG_011,2,1,29220.0
P10CV15,BRG_011,3,0,62232.0
P10CV15,BRG_012,0,1,61176.0
P10CV15,BRG_012,1,1,16776.0
P10CV15,BRG_012,2,1,43644.0
P10CV15,BRG_012,3,0,46632.0
P10CV15,BRG_013,0,1,41352.0
P10CV15,BRG_013,1,1,45840.0
P10CV15,BRG_013,2,1,50880.0
P10CV15,BRG_013,3,0,30156.0
P10CV15,BRG_014,0,1,33948.0
P10CV15,BRG_014,1,1,42468.0
P10CV15,BRG_014,2,1,58092.0
P10CV15,BRG_014,3,0,33720.0
P10CV15,BRG_015,0,1,49476.0
P10CV15,BRG_015,1,1,37800.0
P10CV15,BRG_015,2,1,40032.0
P10CV15,BRG_015,3,0,40920.0
P10CV15,BRG_016,0,1,40044.0
P10CV15,BRG_016,1,1,41916.0
P10CV15,BRG_016,2,1,43512.0
P10CV15,BRG_016,3,0,42756.0
P10CV15,BRG_017,0,1,36264.0
P10CV15,BRG_017,1,1,70056.0
P10CV15,BRG_017,2,0,61908.0
P10CV15,BRG_018,0,1,27444.0
P10CV15,BRG_018,1,1,47196.0
P10CV15,BRG_018,2,1,52260.0
P10CV15,BRG_018,3,0,41328.0
P10CV15,BRG_019,0,1,67476.0
P10CV15,BRG_019,1,1,56460.0
P10CV15,BRG_019,2,0,44292.0
P10CV15,BRG_020,0,1,38148.0
P10CV15,BRG_020,1,1,39072.0
P10CV15,BRG_020,2,1,64728.0
P10CV15,BRG_020,3,0,26280.0
P10CV15,BRG_021,0,1,37512.0
P10CV15,BRG_021,1,1,53736.0
P10CV15,BRG_021,2,1,18432.0
P10CV15,BRG_021,3,1,4428.0
P10CV15,BRG_021,4,1,13236.0
P10CV15,BRG_021,5,1,34260.0
P10CV15,BRG_021,6,0,6624.0
P10CV15,BRG_022,0,1,18336.0
P10CV15,BRG_022,1,1,58872.0
P10CV15,BRG_022,2,1,60108.0
P10CV15,BRG_022,3,0,30912.0
P10CV15,BRG_023,0,1,24900.0
P10CV15,BRG_023,1,1,53664.0
P10CV15,BRG_023,2,1,43356.0
P10CV15,BRG_023,3,0,46308.0
P10CV15,BRG_024,0,1,33816.0
P10CV15,BRG_024,1,1,47412.0
P10CV15,BRG_024,2,1,28044.0
P10CV15,BRG_024,3,1,37440.0
P10CV15,BRG_024,4,0,21516.0
P10CV15,BRG_025,0,1,60036.0
P10CV15,BRG_025,1,1,51396.0
P10CV15,BRG_025,2,0,56796.0
P10CV15,BRG_026,0,1,57000.0
P10CV15,BRG_026,1,1,42084.0
P10CV15,BRG_026,2,1,20868.0
P10CV15,BRG_026,3,1,43884.0
P10CV15,BRG_026,4,0,4392.0
P10CV15,BRG_027,0,1,45552.0
P10CV15,BRG_027,1,1,35568.0
P10CV15,BRG_027,2,1,21732.0
P10CV15,BRG_027,3,1,30924.0
P10CV15,BRG_027,4,0,34452.0
P10CV15,BRG_028,0,1,52716.0
P10CV15,BRG_028,1,1,27996.0
P10CV15,BRG_028,2,1,19008.0
P10CV15,BRG_028,3,1,22596.0
P10CV15,BRG_028,4,0,45912.0
P10CV15,BRG_029,0,1,39192.0
P10CV15,BRG_029,1,1,22884.0
P10CV15,BRG_029,2,1,55872.0
P10CV15,BRG_029,3,0,50280.0
P10CV15,BRG_030,0,1,68376.0
P10CV15,BRG_030,1,1,70956.0
P10CV15,BRG_030,2,1,28776.0
P10CV15,BRG_030,3,0,120.0
P10CV15,BRG_031,0,1,75708.0
P10CV15,BRG_031,1,1,70776.0
P10CV15,BRG_031,2,0,21744.0
P10CV15,BRG_032,0,1,23496.0
P10CV15,BRG_032,1,1,47868.0
P10CV15,BRG_032,2,1,42684.0
P10CV15,BRG_032,3,1,46512.0
P10CV15,BRG_032,4,0,7668.0
P10CV15,BRG_033,0,1,20460.0
P10CV15,BRG_033,1,1,38916.0
P10CV15,BRG_033,2,1,56736.0
P10CV15,BRG_033,3,1,27624.0
P10CV15,BRG_033,4,0,24492.0
P10CV15,BRG_034,0,1,43716.0
P10CV15,BRG_034,1,1,30864.0
P10CV15,BRG_034,2,1,32352.0
P10CV15,BRG_034,3,1,46620.0
P10CV15,BRG_034,4,0,14676.0
P10CV16,BRG_001,0,1,47772.0
P10CV16,BRG_001,1,1,16536.0
P10CV16,BRG_001,2,1,38472.0
P10CV16,BRG_001,3,1,50076.0
P10CV16,BRG_001,4,0,14436.0
P10CV16,BRG_002,0,1,21036.0
P10CV16,BRG_002,1,1,21996.0
P10CV16,BRG_002,2,1,51540.0
P10CV16,BRG_002,3,1,51360.0
P10CV16,BRG_002,4,0,21360.0
P10CV16,BRG_003,0,1,42924.0
P10CV16,BRG_003,1,1,41148.0
P10CV16,BRG_003,2,1,32376.0
P10CV16,BRG_003,3,0,50844.0
P10CV16,BRG_004,0,1,36960.0
P10CV16,BRG_004,1,1,32652.0
P10CV16,BRG_004,2,1,57120.0
P10CV16,BRG_004,3,0,40560.0
P10CV16,BRG_005,0,1,37944.0
P10CV16,BRG_005,1,1,34740.0
P10CV16,BRG_005,2,1,42492.0
P10CV16,BRG_005,3,1,14628.0
P10CV16,BRG_005,4,0,37488.0
P10CV16,BRG_006,0,1,29040.0
P10CV16,BRG_006,1,1,39156.0
P10CV16,BRG_006,2,1,32436.0
P10CV16,BRG_006,3,1,26112.0
P10CV16,BRG_006,4,1,22032.0
P10CV16,BRG_006,5,0,18516.0
P10CV16,BRG_007,0,1,62676.0
P10CV16,BRG_007,1,1,27168.0
P10CV16,BRG_007,2,1,61212.0
P10CV16,BRG_007,3,0,16236.0
P10CV16,BRG_008,0,1,69036.0
P10CV16,BRG_008,1,1,10260.0
P10CV16,BRG_008,2,1,61836.0
P10CV16,BRG_008,3,0,26160.0
P10CV16,BRG_009,0,1,56040.0
P10CV16,BRG_009,1,1,33216.0
P10CV16,BRG_009,2,1,30720.0
P10CV16,BRG_009,3,1,46020.0
P10CV16,BRG_009,4,0,1296.0
P10CV16,BRG_010,0,1,42456.0
P10CV16,BRG_010,1,1,57144.0
P10CV16,BRG_010,2,1,44736.0
P10CV16,BRG_010,3,1,21240.0
P10CV16,BRG_010,4,0,1716.0
P10CV16,BRG_011,0,1,16812.0
P10CV16,BRG_011,1,1,47052.0
P10CV16,BRG_011,2,1,45372.0
P10CV16,BRG_011,3,1,33588.0
P10CV16,BRG_011,4,0,24468.0
P10CV16,BRG_012,0,1,24000.0
P10CV16,BRG_012,1,1,20700.0
P10CV16,BRG_012,2,1,23196.0
P10CV16,BRG_012,3,1,46236.0
P10CV16,BRG_012,4,1,50928.0
P10CV16,BRG_012,5,0,2232.0
P10CV16,BRG_013,0,1,52740.0
P10CV16,BRG_013,1,1,23808.0
P10CV16,BRG_013,2,1,19644.0
P10CV16,BRG_013,3,1,31284.0
P10CV16,BRG_013,4,0,39816.0
P10CV16,BRG_014,0,1,33228.0
P10CV16,BRG_014,1,1,65040.0
P10CV16,BRG_014,2,1,65028.0
P10CV16,BRG_014,3,0,3996.0
P10CV16,BRG_015,0,1,48096.0
P10CV16,BRG_015,1,1,36276.0
P10CV16,BRG_015,2,1,26868.0
P10CV16,BRG_015,3,1,16956.0
P10CV16,BRG_015,4,1,20532.0
P10CV16,BRG_015,5,0,18564.0
P10CV16,BRG_016,0,1,24012.0
P10CV16,BRG_016,1,1,32664.0
P10CV16,BRG_016,2,1,38604.0
P10CV16,BRG_016,3,1,36048.0
P10CV16,BRG_016,4,0,35964.0
P10CV16,BRG_017,0,1,41748.0
P10CV16,BRG_017,1,1,56364.0
P10CV16,BRG_017,2,1,30744.0
P10CV16,BRG_017,3,1,35952.0
P10CV16,BRG_017,4,0,2484.0
P10CV16,BRG_018,0,1,45468.0
P10CV16,BRG_018,1,1,39156.0
P10CV16,BRG_018,2,1,48072.0
P10CV16,BRG_018,3,0,34596.0
P10CV16,BRG_019,0,1,24840.0
P10CV16,BRG_019,1,1,53196.0
P10CV16,BRG_019,2,1,44844.0
P10CV16,BRG_019,3,1,23952.0
P10CV16,BRG_019,4,1,17196.0
P10CV16,BRG_019,5,0,3264.0
P10CV16,BRG_020,0,1,49848.0
P10CV16,BRG_020,1,1,40368.0
P10CV16,BRG_020,2,1,50856.0
P10CV16,BRG_020,3,0,26220.0
P10CV16,BRG_021,0,1,39984.0
P10CV16,BRG_021,1,1,58092.0
P10CV16,BRG_021,2,1,42864.0
P10CV16,BRG_021,3,0,26352.0
P10CV16,BRG_022,0,1,29508.0
P10CV16,BRG_022,1,1,16380.0
P10CV16,BRG_022,2,1,46200.0
P10CV16,BRG_022,3,1,23904.0
P10CV16,BRG_022,4,1,31920.0
P10CV16,BRG_022,5,0,19380.0
P10CV16,BRG_023,0,1,22992.0
P10CV16,BRG_023,1,1,45552.0
P10CV16,BRG_023,2,1,39432.0
P10CV16,BRG_023,3,1,32760.0
P10CV16,BRG_023,4,0,26556.0
P10CV16,BRG_024,0,1,56568.0
P10CV16,BRG_024,1,1,49956.0
P10CV16,BRG_024,2,1,46320.0
P10CV16,BRG_024,3,0,14448.0
P10CV16,BRG_025,0,1,62376.0
P10CV16,BRG_025,1,1,20940.0
P10CV16,BRG_025,2,1,52104.0
P10CV16,BRG_025,3,0,31872.0
P10CV16,BRG_026,0,1,23076.0
P10CV16,BRG_026,1,1,41964.0
P10CV16,BRG_026,2,1,51768.0
P10CV16,BRG_026,3,1,32460.0
P10CV16,BRG_026,4,0,18024.0
P10CV16,BRG_027,0,1,43860.0
P10CV16,BRG_027,1,1,30972.0
P10CV16,BRG_027,2,1,27156.0
P10CV16,BRG_027,3,1,34572.0
P10CV16,BRG_027,4,0,30732.0
P10CV16,BRG_028,0,1,48900.0
P10CV16,BRG_028,1,1,33852.0
P10CV16,BRG_028,2,1,48708.0
P10CV16,BRG_028,3,1,15912.0
P10CV16,BRG_028,4,0,19920.0
P10CV16,BRG_029,0,1,19404.0
P10CV16,BRG_029,1,1,48288.0
P10CV16,BRG_029,2,1,24168.0
P10CV16,BRG_029,3,1,46728.0
P10CV16,BRG_029,4,1,22704.0
P10CV16,BRG_029,5,0,6000.0
P10CV16,BRG_030,0,1,25188.0
P10CV16,BRG_030,1,1,30300.0
P10CV16,BRG_030,2,1,6492.0
P10CV16,BRG_030,3,1,42876.0
P10CV16,BRG_030,4,1,33192.0
P10CV16,BRG_030,5,1,14436.0
P10CV16,BRG_030,6,0,14808.0
P10CV16,BRG_031,0,1,40488.0
P10CV16,BRG_031,1,1,46248.0
P10CV16,BRG_031,2,1,28884.0
P10CV16,BRG_031,3,1,28152.0
P10CV16,BRG_031,4,0,23520.0
P10CV16,BRG_032,0,1,35532.0
P10CV16,BRG_032,1,1,38304.0
P10CV16,BRG_032,2,1,42792.0
P10CV16,BRG_032,3,1,37368.0
P10CV16,BRG_032,4,0,13296.0
P10CV16,BRG_033,0,1,35856.0
P10CV16,BRG_033,1,1,70080.0
P10CV16,BRG_033,2,1,30708.0
P10CV16,BRG_033,3,1,19764.0
P10CV16,BRG_033,4,0,10884.0
P10CV16,BRG_034,0,1,29736.0
P10CV16,BRG_034,1,1,55560.0
P10CV16,BRG_034,2,1,20508.0
P10CV16,BRG_034,3,1,31620.0
P10CV16,BRG_034,4,0,29868.0
P10CV17,BRG_001,0,1,26436.0
P10CV17,BRG_001,1,1,36804.0
P10CV17,BRG_001,2,1,32136.0
P10CV17,BRG_001,3,1,26052.0
P10CV17,BRG_001,4,1,26304.0
P10CV17,BRG_001,5,0,20100.0
P10CV17,BRG_002,0,1,56532.0
P10CV17,BRG_002,1,1,39444.0
P10CV17,BRG_002,2,1,52740.0
P10CV17,BRG_002,3,1,15588.0
P10CV17,BRG_002,4,0,3528.0
P10CV17,BRG_003,0,1,60420.0
P10CV17,BRG_003,1,1,57204.0
P10CV17,BRG_003,2,1,38760.0
P10CV17,BRG_003,3,1,8388.0
P10CV17,BRG_003,4,0,3060.0
P10CV17,BRG_004,0,1,40260.0
P10CV17,BRG_004,1,1,63516.0
P10CV17,BRG_004,2,1,24996.0
P10CV17,BRG_004,3,0,39060.0
P10CV17,BRG_005,0,1,7476.0
P10CV17,BRG_005,1,1,48744.0
P10CV17,BRG_005,2,1,49188.0
P10CV17,BRG_005,3,1,47172.0
P10CV17,BRG_005,4,0,15252.0
P10CV17,BRG_006,0,1,57804.0
P10CV17,BRG_006,1,1,52512.0
P10CV17,BRG_006,2,1,18564.0
P10CV17,BRG_006,3,0,38952.0
P10CV17,BRG_007,0,1,24564.0
P10CV17,BRG_007,1,1,29544.0
P10CV17,BRG_007,2,1,47664.0
P10CV17,BRG_007,3,1,28332.0
P10CV17,BRG_007,4,0,37728.0
P10CV17,BRG_008,0,1,40584.0
P10CV17,BRG_008,1,1,44112.0
P10CV17,BRG_008,2,1,27312.0
P10CV17,BRG_008,3,1,30996.0
P10CV17,BRG_008,4,0,24828.0
P10CV17,BRG_009,0,1,54912.0
P10CV17,BRG_009,1,1,8928.0
P10CV17,BRG_009,2,1,29340.0
P10CV17,BRG_009,3,1,59508.0
P10CV17,BRG_009,4,0,15144.0
P10CV17,BRG_010,0,1,15120.0
P10CV17,BRG_010,1,1,49248.0
P10CV17,BRG_010,2,1,63216.0
P10CV17,BRG_010,3,1,22632.0
P10CV17,BRG_010,4,0,17616.0
P10CV17,BRG_011,0,1,26424.0
P10CV17,BRG_011,1,1,36684.0
P10CV17,BRG_011,2,1,30180.0
P10CV17,BRG_011,3,1,66768.0
P10CV17,BRG_011,4,0,7776.0
P10CV17,BRG_012,0,1,24624.0
P10CV17,BRG_012,1,1,51000.0
P10CV17,BRG_012,2,1,39648.0
P10CV17,BRG_012,3,0,52560.0
P10CV17,BRG_013,0,1,31800.0
P10CV17,BRG_013,1,1,65316.0
P10CV17,BRG_013,2,1,40464.0
P10CV17,BRG_013,3,0,30252.0
P10CV17,BRG_014,0,1,59688.0
P10CV17,BRG_014,1,1,41544.0
P10CV17,BRG_014,2,1,44340.0
P10CV17,BRG_014,3,0,22260.0
P10CV17,BRG_015,0,1,28824.0
P10CV17,BRG_015,1,1,42984.0
P10CV17,BRG_015,2,1,52980.0
P10CV17,BRG_015,3,1,30096.0
P10CV17,BRG_015,4,0,12948.0
P10CV17,BRG_016,0,1,29820.0
P10CV17,BRG_016,1,1,35964.0
P10CV17,BRG_016,2,1,45156.0
P10CV17,BRG_016,3,1,53748.0
P10CV17,BRG_016,4,0,3144.0
P10CV17,BRG_017,0,1,64140.0
P10CV17,BRG_017,1,1,53304.0
P10CV17,BRG_017,2,1,25572.0
P10CV17,BRG_017,3,0,24816.0
P10CV17,BRG_018,0,1,54780.0
P10CV17,BRG_018,1,1,58920.0
P10CV17,BRG_018,2,1,21228.0
P10CV17,BRG_018,3,1,22212.0
P10CV17,BRG_018,4,0,10692.0
P10CV17,BRG_019,0,1,33012.0
P10CV17,BRG_019,1,1,35928.0
P10CV17,BRG_019,2,1,8604.0
P10CV17,BRG_019,3,1,49716.0
P10CV17,BRG_019,4,0,40572.0
P10CV17,BRG_020,0,1,35736.0
P10CV17,BRG_020,1,1,22128.0
P10CV17,BRG_020,2,1,52920.0
P10CV17,BRG_020,3,1,29064.0
P10CV17,BRG_020,4,0,27984.0
P10CV17,BRG_021,0,1,27396.0
P10CV17,BRG_021,1,1,32712.0
P10CV17,BRG_021,2,1,5160.0
P10CV17,BRG_021,3,1,26988.0
P10CV17,BRG_021,4,1,40596.0
P10CV17,BRG_021,5,1,30912.0
P10CV17,BRG_021,6,0,4068.0
P10CV17,BRG_022,0,1,30636.0
P10CV17,BRG_022,1,1,24504.0
P10CV17,BRG_022,2,1,28896.0
P10CV17,BRG_022,3,1,58644.0
P10CV17,BRG_022,4,0,25152.0
P10CV17,BRG_023,0,1,17304.0
P10CV17,BRG_023,1,1,77052.0
P10CV17,BRG_023,2,1,27324.0
P10CV17,BRG_023,3,1,46056.0
P10CV17,BRG_023,4,0,96.0
P10CV17,BRG_024,0,1,56328.0
P10CV17,BRG_024,1,1,39444.0
P10CV17,BRG_024,2,1,56004.0
P10CV17,BRG_024,3,0,16056.0
P10CV17,BRG_025,0,1,36540.0
P10CV17,BRG_025,1,1,41616.0
P10CV17,BRG_025,2,1,33228.0
P10CV17,BRG_025,3,1,35472.0
P10CV17,BRG_025,4,0,20976.0
P10CV17,BRG_026,0,1,16308.0
P10CV17,BRG_026,1,1,32052.0
P10CV17,BRG_026,2,1,50736.0
P10CV17,BRG_026,3,1,54012.0
P10CV17,BRG_026,4,0,14724.0
P10CV17,BRG_027,0,1,47388.0
P10CV17,BRG_027,1,1,6660.0
P10CV17,BRG_027,2,1,30540.0
P10CV17,BRG_027,3,1,68820.0
P10CV17,BRG_027,4,0,14424.0
P10CV17,BRG_028,0,1,43260.0
P10CV17,BRG_028,1,1,22752.0
P10CV17,BRG_028,2,1,34008.0
P10CV17,BRG_028,3,1,39984.0
P10CV17,BRG_028,4,0,27828.0
P10CV17,BRG_029,0,1,23136.0
P10CV17,BRG_029,1,1,45024.0
P10CV17,BRG_029,2,1,38220.0
P10CV17,BRG_029,3,1,20388.0
P10CV17,BRG_029,4,1,18600.0
P10CV17,BRG_029,5,0,22464.0
P10CV17,BRG_030,0,1,25524.0
P10CV17,BRG_030,1,1,35916.0
P10CV17,BRG_030,2,1,67644.0
P10CV17,BRG_030,3,1,9228.0
P10CV17,BRG_030,4,0,29520.0
P10CV17,BRG_031,0,1,29880.0
P10CV17,BRG_031,1,1,74484.0
P10CV17,BRG_031,2,1,19764.0
P10CV17,BRG_031,3,0,43704.0
P10CV17,BRG_032,0,1,39480.0
P10CV17,BRG_032,1,1,57132.0
P10CV17,BRG_032,2,1,33744.0
P10CV17,BRG_032,3,1,26844.0
P10CV17,BRG_032,4,0,10632.0
P10CV17,BRG_033,0,1,20532.0
P10CV17,BRG_033,1,1,39804.0
P10CV17,BRG_033,2,1,20880.0
P10CV17,BRG_033,3,1,15768.0
P10CV17,BRG_033,4,1,53028.0
P10CV17,BRG_033,5,0,17820.0
P10CV17,BRG_034,0,1,38304.0
P10CV17,BRG_034,1,1,46224.0
P10CV17,BRG_034,2,1,54768.0
P10CV17,BRG_034,3,0,28536.0
P10CV18,BRG_001,0,1,41532.0
P10CV18,BRG_001,1,1,28020.0
P10CV18,BRG_001,2,1,67416.0
P10CV18,BRG_001,3,0,30792.0
P10CV18,BRG_002,0,1,46488.0
P10CV18,BRG_002,1,1,44952.0
P10CV18,BRG_002,2,1,21396.0
P10CV18,BRG_002,3,1,47256.0
P10CV18,BRG_002,4,0,7668.0
P10CV18,BRG_003,0,1,55956.0
P10CV18,BRG_003,1,1,47928.0
P10CV18,BRG_003,2,1,30708.0
P10CV18,BRG_003,3,0,33168.0
P10CV18,BRG_004,0,1,32892.0
P10CV18,BRG_004,1,1,50568.0
P10CV18,BRG_004,2,1,33804.0
P10CV18,BRG_004,3,1,35832.0
P10CV18,BRG_004,4,0,14664.0
P10CV18,BRG_005,0,1,52020.0
P10CV18,BRG_005,1,1,55644.0
P10CV18,BRG_005,2,1,27624.0
P10CV18,BRG_005,3,1,32232.0
P10CV18,BRG_005,4,0,240.0
P10CV18,BRG_006,0,1,59964.0
P10CV18,BRG_006,1,1,32868.0
P10CV18,BRG_006,2,1,63492.0
P10CV18,BRG_006,3,0,11436.0
P10CV18,BRG_007,0,1,25548.0
P10CV18,BRG_007,1,1,36348.0
P10CV18,BRG_007,2,1,33720.0
P10CV18,BRG_007,3,1,29448.0
P10CV18,BRG_007,4,1,24744.0
P10CV18,BRG_007,5,0,17952.0
P10CV18,BRG_008,0,1,55428.0
P10CV18,BRG_008,1,1,71580.0
P10CV18,BRG_008,2,0,40752.0
P10CV18,BRG_009,0,1,43944.0
P10CV18,BRG_009,1,1,23112.0
P10CV18,BRG_009,2,1,45564.0
P10CV18,BRG_009,3,1,29124.0
P10CV18,BRG_009,4,0,26016.0
P10CV18,BRG_010,0,1,19848.0
P10CV18,BRG_010,1,1,65724.0
P10CV18,BRG_010,2,1,54660.0
P10CV18,BRG_010,3,0,27528.0
P10CV18,BRG_011,0,1,26304.0
P10CV18,BRG_011,1,1,32184.0
P10CV18,BRG_011,2,1,30852.0
P10CV18,BRG_011,3,1,55320.0
P10CV18,BRG_011,4,0,23100.0
P10CV18,BRG_012,0,1,19476.0
P10CV18,BRG_012,1,1,53940.0
P10CV18,BRG_012,2,1,53172.0
P10CV18,BRG_012,3,1,37728.0
P10CV18,BRG_012,4,0,3444.0
P10CV18,BRG_013,0,1,16272.0
P10CV18,BRG_013,1,1,41916.0
P10CV18,BRG_013,2,1,38196.0
P10CV18,BRG_013,3,1,50256.0
P10CV18,BRG_013,4,0,21120.0
P10CV18,BRG_014,0,1,54012.0
P10CV18,BRG_014,1,1,17952.0
P10CV18,BRG_014,2,1,32916.0
P10CV18,BRG_014,3,1,58284.0
P10CV18,BRG_014,4,0,4596.0
P10CV18,BRG_015,0,1,15132.0
P10CV18,BRG_015,1,1,30624.0
P10CV18,BRG_015,2,1,55656.0
P10CV18,BRG_015,3,1,37116.0
P10CV18,BRG_015,4,1,17616.0
P10CV18,BRG_015,5,0,11616.0
P10CV18,BRG_016,0,1,28320.0
P10CV18,BRG_016,1,1,45756.0
P10CV18,BRG_016,2,1,34620.0
P10CV18,BRG_016,3,1,31068.0
P10CV18,BRG_016,4,1,26784.0
P10CV18,BRG_016,5,0,1212.0
P10CV18,BRG_017,0,1,6720.0
P10CV18,BRG_017,1,1,64968.0
P10CV18,BRG_017,2,1,40848.0
P10CV18,BRG_017,3,0,55224.0
P10CV18,BRG_018,0,1,46344.0
P10CV18,BRG_018,1,1,32028.0
P10CV18,BRG_018,2,1,43356.0
P10CV18,BRG_018,3,1,30168.0
P10CV18,BRG_018,4,0,15864.0
P10CV18,BRG_019,0,1,42072.0
P10CV18,BRG_019,1,1,43320.0
P10CV18,BRG_019,2,1,27408.0
P10CV18,BRG_019,3,1,19140.0
P10CV18,BRG_019,4,0,35820.0
P10CV18,BRG_020,0,1,20556.0
P10CV18,BRG_020,1,1,59316.0
P10CV18,BRG_020,2,1,26772.0
P10CV18,BRG_020,3,1,26664.0
P10CV18,BRG_020,4,0,34452.0
P10CV18,BRG_021,0,1,25272.0
P10CV18,BRG_021,1,1,41172.0
P10CV18,BRG_021,2,1,39384.0
P10CV18,BRG_021,3,1,38748.0
P10CV18,BRG_021,4,0,23184.0
P10CV18,BRG_022,0,1,38832.0
P10CV18,BRG_022,1,1,51120.0
P10CV18,BRG_022,2,1,40488.0
P10CV18,BRG_022,3,1,29688.0
P10CV18,BRG_022,4,0,7632.0
P10CV18,BRG_023,0,1,64920.0
P10CV18,BRG_023,1,1,45852.0
P10CV18,BRG_023,2,1,39960.0
P10CV18,BRG_023,3,0,17028.0
P10CV18,BRG_024,0,1,33456.0
P10CV18,BRG_024,1,1,44652.0
P10CV18,BRG_024,2,1,55752.0
P10CV18,BRG_024,3,0,33900.0
P10CV18,BRG_025,0,1,43860.0
P10CV18,BRG_025,1,1,41280.0
P10CV18,BRG_025,2,1,31344.0
P10CV18,BRG_025,3,0,51276.0
P10CV18,BRG_026,0,1,32280.0
P10CV18,BRG_026,1,1,35772.0
P10CV18,BRG_026,2,1,33564.0
P10CV18,BRG_026,3,1,35772.0
P10CV18,BRG_026,4,0,30372.0
P10CV18,BRG_027,0,1,35208.0
P10CV18,BRG_027,1,1,56292.0
P10CV18,BRG_027,2,1,24852.0
P10CV18,BRG_027,3,1,17304.0
P10CV18,BRG_027,4,1,18372.0
P10CV18,BRG_027,5,0,15732.0
P10CV18,BRG_028,0,1,44508.0
P10CV18,BRG_028,1,1,33828.0
P10CV18,BRG_028,2,1,17940.0
P10CV18,BRG_028,3,1,15372.0
P10CV18,BRG_028,4,1,39024.0
P10CV18,BRG_028,5,0,17088.0
P10CV18,BRG_029,0,1,55728.0
P10CV18,BRG_029,1,1,58668.0
P10CV18,BRG_029,2,0,53364.0
P10CV18,BRG_030,0,1,86760.0
P10CV18,BRG_030,1,1,19536.0
P10CV18,BRG_030,2,1,35460.0
P10CV18,BRG_030,3,0,26004.0
P10CV18,BRG_031,0,1,41520.0
P10CV18,BRG_031,1,1,46740.0
P10CV18,BRG_031,2,1,41664.0
P10CV18,BRG_031,3,0,37836.0
P10CV18,BRG_032,0,1,27708.0
P10CV18,BRG_032,1,1,42288.0
P10CV18,BRG_032,2,1,30228.0
P10CV18,BRG_032,3,1,48744.0
P10CV18,BRG_032,4,0,18792.0
P10CV18,BRG_033,0,1,40164.0
P10CV18,BRG_033,1,1,67632.0
P10CV18,BRG_033,2,1,46800.0
P10CV18,BRG_033,3,0,13164.0
P10CV18,BRG_034,0,1,36756.0
P10CV18,BRG_034,1,1,56796.0
P10CV18,BRG_034,2,1,55236.0
P10CV18,BRG_034,3,0,18972.0
P10CV19,BRG_001,0,1,19932.0
P10CV19,BRG_001,1,1,63384.0
P10CV19,BRG_001,2,1,43404.0
P10CV19,BRG_001,3,0,41076.0
P10CV19,BRG_002,0,1,36516.0
P10CV19,BRG_002,1,1,19320.0
P10CV19,BRG_002,2,1,56268.0
P10CV19,BRG_002,3,1,15972.0
P10CV19,BRG_002,4,0,39720.0
P10CV19,BRG_003,0,1,72432.0
P10CV19,BRG_003,1,1,28368.0
P10CV19,BRG_003,2,1,37632.0
P10CV19,BRG_003,3,0,29364.0
P10CV19,BRG_004,0,1,43560.0
P10CV19,BRG_004,1,1,45072.0
P10CV19,BRG_004,2,1,30636.0
P10CV19,BRG_004,3,1,43380.0
P10CV19,BRG_004,4,0,5148.0
P10CV19,BRG_005,0,1,45732.0
P10CV19,BRG_005,1,1,42888.0
P10CV19,BRG_005,2,1,41532.0
P10CV19,BRG_005,3,0,37644.0
P10CV19,BRG_006,0,1,42084.0
P10CV19,BRG_006,1,1,40620.0
P10CV19,BRG_006,2,1,24936.0
P10CV19,BRG_006,3,1,44064.0
P10CV19,BRG_006,4,0,16092.0
P10CV19,BRG_007,0,1,26244.0
P10CV19,BRG_007,1,1,29844.0
P10CV19,BRG_007,2,1,27792.0
P10CV19,BRG_007,3,1,38760.0
P10CV19,BRG_007,4,1,35976.0
P10CV19,BRG_007,5,0,9180.0
P10CV19,BRG_008,0,1,41040.0
P10CV19,BRG_008,1,1,32592.0
P10CV19,BRG_008,2,1,25716.0
P10CV19,BRG_008,3,1,45744.0
P10CV19,BRG_008,4,0,22704.0
P10CV19,BRG_009,0,1,48996.0
P10CV19,BRG_009,1,1,53556.0
P10CV19,BRG_009,2,1,29136.0
P10CV19,BRG_009,3,1,33912.0
P10CV19,BRG_009,4,0,2196.0
P10CV19,BRG_010,0,1,47736.0
P10CV19,BRG_010,1,1,15672.0
P10CV19,BRG_010,2,1,19500.0
P10CV19,BRG_010,3,1,26820.0
P10CV19,BRG_010,4,1,35520.0
P10CV19,BRG_010,5,0,22548.0
P10CV19,BRG_011,0,1,43596.0
P10CV19,BRG_011,1,1,37080.0
P10CV19,BRG_011,2,1,63732.0
P10CV19,BRG_011,3,0,23388.0
P10CV19,BRG_012,0,1,34752.0
P10CV19,BRG_012,1,1,18192.0
P10CV19,BRG_012,2,1,56628.0
P10CV19,BRG_012,3,1,49344.0
P10CV19,BRG_012,4,0,8880.0
P10CV19,BRG_013,0,1,47844.0
P10CV19,BRG_013,1,1,35172.0
P10CV19,BRG_013,2,1,30444.0
P10CV19,BRG_013,3,1,31896.0
P10CV19,BRG_013,4,1,13764.0
P10CV19,BRG_013,5,0,8676.0
P10CV19,BRG_014,0,1,42456.0
P10CV19,BRG_014,1,1,45408.0
P10CV19,BRG_014,2,1,40968.0
P10CV19,BRG_014,3,1,32064.0
P10CV19,BRG_014,4,0,6900.0
P10CV19,BRG_015,0,1,45600.0
P10CV19,BRG_015,1,1,50244.0
P10CV19,BRG_015,2,1,50964.0
P10CV19,BRG_015,3,0,20988.0
P10CV19,BRG_016,0,1,48120.0
P10CV19,BRG_016,1,1,33120.0
P10CV19,BRG_016,2,1,33288.0
P10CV19,BRG_016,3,1,40788.0
P10CV19,BRG_016,4,0,12480.0
P10CV19,BRG_017,0,1,17544.0
P10CV19,BRG_017,1,1,50832.0
P10CV19,BRG_017,2,1,18780.0
P10CV19,BRG_017,3,1,25824.0
P10CV19,BRG_017,4,1,16344.0
P10CV19,BRG_017,5,0,38472.0
P10CV19,BRG_018,0,1,56244.0
P10CV19,BRG_018,1,1,13416.0
P10CV19,BRG_018,2,1,35772.0
P10CV19,BRG_018,3,1,57924.0
P10CV19,BRG_018,4,0,4440.0
P10CV19,BRG_019,0,1,50496.0
P10CV19,BRG_019,1,1,44628.0
P10CV19,BRG_019,2,1,36252.0
P10CV19,BRG_019,3,0,36420.0
P10CV19,BRG_020,0,1,25452.0
P10CV19,BRG_020,1,1,41436.0
P10CV19,BRG_020,2,1,24816.0
P10CV19,BRG_020,3,1,32676.0
P10CV19,BRG_020,4,1,13128.0
P10CV19,BRG_020,5,0,30288.0
P10CV19,BRG_021,0,1,30288.0
P10CV19,BRG_021,1,1,48660.0
P10CV19,BRG_021,2,1,40404.0
P10CV19,BRG_021,3,1,45540.0
P10CV19,BRG_021,4,0,2904.0
P10CV19,BRG_022,0,1,38568.0
P10CV19,BRG_022,1,1,22776.0
P10CV19,BRG_022,2,1,40620.0
P10CV19,BRG_022,3,1,47796.0
P10CV19,BRG_022,4,0,18036.0
P10CV19,BRG_023,0,1,56772.0
P10CV19,BRG_023,1,1,49608.0
P10CV19,BRG_023,2,1,36744.0
P10CV19,BRG_023,3,0,24672.0
P10CV19,BRG_024,0,1,61356.0
P10CV19,BRG_024,1,1,53760.0
P10CV19,BRG_024,2,1,11976.0
P10CV19,BRG_024,3,1,19800.0
P10CV19,BRG_024,4,0,20904.0
P10CV19,BRG_025,0,1,21096.0
P10CV19,BRG_025,1,1,28500.0
P10CV19,BRG_025,2,1,26724.0
P10CV19,BRG_025,3,1,45024.0
P10CV19,BRG_025,4,1,27900.0
P10CV19,BRG_025,5,0,18552.0
P10CV19,BRG_026,0,1,35892.0
P10CV19,BRG_026,1,1,31128.0
P10CV19,BRG_026,2,1,46236.0
P10CV19,BRG_026,3,1,28488.0
P10CV19,BRG_026,4,0,26052.0
P10CV19,BRG_027,0,1,36168.0
P10CV19,BRG_027,1,1,62352.0
P10CV19,BRG_027,2,1,32124.0
P10CV19,BRG_027,3,1,23964.0
P10CV19,BRG_027,4,0,13188.0
P10CV19,BRG_028,0,1,18576.0
P10CV19,BRG_028,1,1,62964.0
P10CV19,BRG_028,2,1,65580.0
P10CV19,BRG_028,3,0,20676.0
P10CV19,BRG_029,0,1,59460.0
P10CV19,BRG_029,1,1,20316.0
P10CV19,BRG_029,2,1,25404.0
P10CV19,BRG_029,3,1,34128.0
P10CV19,BRG_029,4,1,27600.0
P10CV19,BRG_029,5,0,888.0
P10CV19,BRG_030,0,1,44700.0
P10CV19,BRG_030,1,1,29376.0
P10CV19,BRG_030,2,1,21348.0
P10CV19,BRG_030,3,1,36036.0
P10CV19,BRG_030,4,0,36336.0
P10CV19,BRG_031,0,1,32364.0
P10CV19,BRG_031,1,1,44592.0
P10CV19,BRG_031,2,1,64584.0
P10CV19,BRG_031,3,1,19680.0
P10CV19,BRG_031,4,0,6576.0
P10CV19,BRG_032,0,1,41724.0
P10CV19,BRG_032,1,1,50424.0
P10CV19,BRG_032,2,1,50316.0
P10CV19,BRG_032,3,0,25332.0
P10CV19,BRG_033,0,1,56688.0
P10CV19,BRG_033,1,1,22452.0
P10CV19,BRG_033,2,1,40344.0
P10CV19,BRG_033,3,0,48312.0
P10CV19,BRG_034,0,1,69204.0
P10CV19,BRG_034,1,1,58836.0
P10CV19,BRG_034,2,0,39756.0
P10CV20,BRG_001,0,1,29340.0
P10CV20,BRG_001,1,1,40716.0
P10CV20,BRG_001,2,1,56424.0
P10CV20,BRG_001,3,1,26220.0
P10CV20,BRG_001,4,0,14844.0
P10CV20,BRG_002,0,1,35184.0
P10CV20,BRG_002,1,1,78852.0
P10CV20,BRG_002,2,1,23268.0
P10CV20,BRG_002,3,0,30240.0
P10CV20,BRG_003,0,1,36300.0
P10CV20,BRG_003,1,1,31296.0
P10CV20,BRG_003,2,1,13320.0
P10CV20,BRG_003,3,1,17568.0
P10CV20,BRG_003,4,1,34512.0
P10CV20,BRG_003,5,0,34548.0
P10CV20,BRG_004,0,1,36804.0
P10CV20,BRG_004,1,1,40716.0
P10CV20,BRG_004,2,1,57132.0
P10CV20,BRG_004,3,1,27684.0
P10CV20,BRG_004,4,0,5208.0
P10CV20,BRG_005,0,1,37740.0
P10CV20,BRG_005,1,1,78744.0
P10CV20,BRG_005,2,1,42300.0
P10CV20,BRG_005,3,0,8760.0
P10CV20,BRG_006,0,1,49440.0
P10CV20,BRG_006,1,1,46452.0
P10CV20,BRG_006,2,1,30132.0
P10CV20,BRG_006,3,1,40416.0
P10CV20,BRG_006,4,0,1104.0
P10CV20,BRG_007,0,1,45960.0
P10CV20,BRG_007,1,1,53760.0
P10CV20,BRG_007,2,1,33720.0
P10CV20,BRG_007,3,0,34104.0
P10CV20,BRG_008,0,1,52620.0
P10CV20,BRG_008,1,1,51564.0
P10CV20,BRG_008,2,1,47544.0
P10CV20,BRG_008,3,0,15816.0
P10CV20,BRG_009,0,1,37872.0
P10CV20,BRG_009,1,1,2436.0
P10CV20,BRG_009,2,1,28536.0
P10CV20,BRG_009,3,1,22320.0
P10CV20,BRG_009,4,1,21960.0
P10CV20,BRG_009,5,1,18000.0
P10CV20,BRG_009,6,1,28368.0
P10CV20,BRG_009,7,0,8052.0
P10CV20,BRG_010,0,1,36756.0
P10CV20,BRG_010,1,1,56220.0
P10CV20,BRG_010,2,1,31812.0
P10CV20,BRG_010,3,1,32568.0
P10CV20,BRG_010,4,1,5928.0
P10CV20,BRG_010,5,0,4260.0
P10CV20,BRG_011,0,1,39720.0
P10CV20,BRG_011,1,1,61356.0
P10CV20,BRG_011,2,1,30060.0
P10CV20,BRG_011,3,0,36408.0
P10CV20,BRG_012,0,1,19800.0
P10CV20,BRG_012,1,1,29772.0
P10CV20,BRG_012,2,1,31332.0
P10CV20,BRG_012,3,1,52812.0
P10CV20,BRG_012,4,1,21696.0
P10CV20,BRG_012,5,0,12132.0
P10CV20,BRG_013,0,1,56952.0
P10CV20,BRG_013,1,1,40752.0
P10CV20,BRG_013,2,1,28668.0
P10CV20,BRG_013,3,1,28116.0
P10CV20,BRG_013,4,0,13056.0
P10CV20,BRG_014,0,1,36432.0
P10CV20,BRG_014,1,1,45900.0
P10CV20,BRG_014,2,1,24276.0
P10CV20,BRG_014,3,1,60612.0
P10CV20,BRG_014,4,0,324.0
P10CV20,BRG_015,0,1,50724.0
P10CV20,BRG_015,1,1,36864.0
P10CV20,BRG_015,2,1,62208.0
P10CV20,BRG_015,3,0,17748.0
P10CV20,BRG_016,0,1,59160.0
P10CV20,BRG_016,1,1,12012.0
P10CV20,BRG_016,2,1,56544.0
P10CV20,BRG_016,3,0,39828.0
P10CV20,BRG_017,0,1,11544.0
P10CV20,BRG_017,1,1,27900.0
P10CV20,BRG_017,2,1,11268.0
P10CV20,BRG_017,3,1,34236.0
P10CV20,BRG_017,4,1,33120.0
P10CV20,BRG_017,5,1,47004.0
P10CV20,BRG_017,6,0,2472.0
P10CV20,BRG_018,0,1,30780.0
P10CV20,BRG_018,1,1,23136.0
P10CV20,BRG_018,2,1,56736.0
P10CV20,BRG_018,3,1,40944.0
P10CV20,BRG_018,4,0,15948.0
P10CV20,BRG_019,0,1,43392.0
P10CV20,BRG_019,1,1,45528.0
P10CV20,BRG_019,2,1,31548.0
P10CV20,BRG_019,3,1,18156.0
P10CV20,BRG_019,4,0,28920.0
P10CV20,BRG_020,0,1,14292.0
P10CV20,BRG_020,1,1,13620.0
P10CV20,BRG_020,2,1,30372.0
P10CV20,BRG_020,3,1,50436.0
P10CV20,BRG_020,4,1,11400.0
P10CV20,BRG_020,5,1,29400.0
P10CV20,BRG_020,6,0,18024.0
P10CV20,BRG_021,0,1,44112.0
P10CV20,BRG_021,1,1,30708.0
P10CV20,BRG_021,2,1,41412.0
P10CV20,BRG_021,3,1,16680.0
P10CV20,BRG_021,4,0,34632.0
P10CV20,BRG_022,0,1,61020.0
P10CV20,BRG_022,1,1,41388.0
P10CV20,BRG_022,2,1,42408.0
P10CV20,BRG_022,3,0,22728.0
P10CV20,BRG_023,0,1,36768.0
P10CV20,BRG_023,1,1,24024.0
P10CV20,BRG_023,2,1,29568.0
P10CV20,BRG_023,3,1,52488.0
P10CV20,BRG_023,4,0,24696.0
P10CV20,BRG_024,0,1,40512.0
P10CV20,BRG_024,1,1,40056.0
P10CV20,BRG_024,2,1,24336.0
P10CV20,BRG_024,3,1,38388.0
P10CV20,BRG_024,4,0,24252.0
P10CV20,BRG_025,0,1,46716.0
P10CV20,BRG_025,1,1,59808.0
P10CV20,BRG_025,2,1,49164.0
P10CV20,BRG_025,3,0,11856.0
P10CV20,BRG_026,0,1,52512.0
P10CV20,BRG_026,1,1,29424.0
P10CV20,BRG_026,2,1,13176.0
P10CV20,BRG_026,3,1,15876.0
P10CV20,BRG_026,4,1,39708.0
P10CV20,BRG_026,5,0,16848.0
P10CV20,BRG_027,0,1,29568.0
P10CV20,BRG_027,1,1,36984.0
P10CV20,BRG_027,2,1,54240.0
P10CV20,BRG_027,3,1,17484.0
P10CV20,BRG_027,4,1,29268.0
P10CV20,BRG_027,5,0,0.0
P10CV20,BRG_028,0,1,37488.0
P10CV20,BRG_028,1,1,43356.0
P10CV20,BRG_028,2,1,62508.0
P10CV20,BRG_028,3,0,24192.0
P10CV20,BRG_029,0,1,31632.0
P10CV20,BRG_029,1,1,18660.0
P10CV20,BRG_029,2,1,29304.0
P10CV20,BRG_029,3,1,40308.0
P10CV20,BRG_029,4,1,28164.0
P10CV20,BRG_029,5,0,19476.0
P10CV20,BRG_030,0,1,59772.0
P10CV20,BRG_030,1,1,33960.0
P10CV20,BRG_030,2,1,24300.0
P10CV20,BRG_030,3,1,25692.0
P10CV20,BRG_030,4,0,23820.0
P10CV20,BRG_031,0,1,53712.0
P10CV20,BRG_031,1,1,16164.0
P10CV20,BRG_031,2,1,47808.0
P10CV20,BRG_031,3,1,38676.0
P10CV20,BRG_031,4,0,11184.0
P10CV20,BRG_032,0,1,29004.0
P10CV20,BRG_032,1,1,18996.0
P10CV20,BRG_032,2,1,26232.0
P10CV20,BRG_032,3,1,39672.0
P10CV20,BRG_032,4,1,36000.0
P10CV20,BRG_032,5,0,17640.0
P10CV20,BRG_033,0,1,44028.0
P10CV20,BRG_033,1,1,60528.0
P10CV20,BRG_033,2,1,51504.0
P10CV20,BRG_033,3,0,11484.0
P10CV20,BRG_034,0,1,69120.0
P10CV20,BRG_034,1,1,50940.0
P10CV20,BRG_034,2,1,25104.0
P10CV20,BRG_034,3,0,22380.0
P10CV21,BRG_001,0,1,43200.0
P10CV21,BRG_001,1,1,20616.0
P10CV21,BRG_001,2,1,26892.0
P10CV21,BRG_001,3,1,48636.0
P10CV21,BRG_001,4,0,28452.0
P10CV21,BRG_002,0,1,30852.0
P10CV21,BRG_002,1,1,43500.0
P10CV21,BRG_002,2,1,32400.0
P10CV21,BRG_002,3,1,42780.0
P10CV21,BRG_002,4,0,18264.0
P10CV21,BRG_003,0,1,39888.0
P10CV21,BRG_003,1,1,44652.0
P10CV21,BRG_003,2,1,32352.0
P10CV21,BRG_003,3,1,44796.0
P10CV21,BRG_003,4,0,6108.0
P10CV21,BRG_004,0,1,48504.0
P10CV21,BRG_004,1,1,42960.0
P10CV21,BRG_004,2,1,45708.0
P10CV21,BRG_004,3,0,30624.0
P10CV21,BRG_005,0,1,59736.0
P10CV21,BRG_005,1,1,33684.0
P10CV21,BRG_005,2,1,65976.0
P10CV21,BRG_005,3,0,8400.0
P10CV21,BRG_006,0,1,16452.0
P10CV21,BRG_006,1,1,27960.0
P10CV21,BRG_006,2,1,38976.0
P10CV21,BRG_006,3,1,48408.0
P10CV21,BRG_006,4,1,30072.0
P10CV21,BRG_006,5,0,5928.0
P10CV21,BRG_007,0,1,29040.0
P10CV21,BRG_007,1,1,31944.0
P10CV21,BRG_007,2,1,41448.0
P10CV21,BRG_007,3,1,53052.0
P10CV21,BRG_007,4,0,12312.0
P10CV21,BRG_008,0,1,51900.0
P10CV21,BRG_008,1,1,10668.0
P10CV21,BRG_008,2,1,18528.0
P10CV21,BRG_008,3,1,41628.0
P10CV21,BRG_008,4,0,45072.0
P10CV21,BRG_009,0,1,37056.0
P10CV21,BRG_009,1,1,29424.0
P10CV21,BRG_009,2,1,33972.0
P10CV21,BRG_009,3,1,28812.0
P10CV21,BRG_009,4,0,38532.0
P10CV21,BRG_010,0,1,37800.0
P10CV21,BRG_010,1,1,36120.0
P10CV21,BRG_010,2,1,54180.0
P10CV21,BRG_010,3,0,39696.0
P10CV21,BRG_011,0,1,40560.0
P10CV21,BRG_011,1,1,54000.0
P10CV21,BRG_011,2,1,33216.0
P10CV21,BRG_011,3,0,40020.0
P10CV21,BRG_012,0,1,32304.0
P10CV21,BRG_012,1,1,30756.0
P10CV21,BRG_012,2,1,21960.0
P10CV21,BRG_012,3,1,48528.0
P10CV21,BRG_012,4,1,31812.0
P10CV21,BRG_012,5,0,2436.0
P10CV21,BRG_013,0,1,59316.0
P10CV21,BRG_013,1,1,38868.0
P10CV21,BRG_013,2,1,34656.0
P10CV21,BRG_013,3,0,34956.0
P10CV21,BRG_014,0,1,43296.0
P10CV21,BRG_014,1,1,49584.0
P10CV21,BRG_014,2,1,55920.0
P10CV21,BRG_014,3,0,18996.0
P10CV21,BRG_015,0,1,48252.0
P10CV21,BRG_015,1,1,45408.0
P10CV21,BRG_015,2,1,46176.0
P10CV21,BRG_015,3,0,27960.0
P10CV21,BRG_016,0,1,71748.0
P10CV21,BRG_016,1,1,27600.0
P10CV21,BRG_016,2,1,47616.0
P10CV21,BRG_016,3,0,20832.0
P10CV21,BRG_017,0,1,45720.0
P10CV21,BRG_017,1,1,30372.0
P10CV21,BRG_017,2,1,31932.0
P10CV21,BRG_017,3,0,59772.0
P10CV21,BRG_018,0,1,58668.0
P10CV21,BRG_018,1,1,23280.0
P10CV21,BRG_018,2,1,51420.0
P10CV21,BRG_018,3,1,28236.0
P10CV21,BRG_018,4,0,6192.0
P10CV21,BRG_019,0,1,18228.0
P10CV21,BRG_019,1,1,27096.0
P10CV21,BRG_019,2,1,56124.0
P10CV21,BRG_019,3,1,14952.0
P10CV21,BRG_019,4,1,44736.0
P10CV21,BRG_019,5,0,6660.0
P10CV21,BRG_020,0,1,40308.0
P10CV21,BRG_020,1,1,44676.0
P10CV21,BRG_020,2,1,43992.0
P10CV21,BRG_020,3,1,35004.0
P10CV21,BRG_020,4,0,3816.0
P10CV21,BRG_021,0,1,32916.0
P10CV21,BRG_021,1,1,41400.0
P10CV21,BRG_021,2,1,34296.0
P10CV21,BRG_021,3,1,36624.0
P10CV21,BRG_021,4,0,22560.0
P10CV21,BRG_022,0,1,43284.0
P10CV21,BRG_022,1,1,49140.0
P10CV21,BRG_022,2,1,9492.0
P10CV21,BRG_022,3,1,51132.0
P10CV21,BRG_022,4,0,14748.0
P10CV21,BRG_023,0,1,33480.0
P10CV21,BRG_023,1,1,35652.0
P10CV21,BRG_023,2,1,21432.0
P10CV21,BRG_023,3,1,35640.0
P10CV21,BRG_023,4,0,41592.0
P10CV21,BRG_024,0,1,48660.0
P10CV21,BRG_024,1,1,43608.0
P10CV21,BRG_024,2,1,31044.0
P10CV21,BRG_024,3,0,44484.0
P10CV21,BRG_025,0,1,21864.0
P10CV21,BRG_025,1,1,47616.0
P10CV21,BRG_025,2,1,42552.0
P10CV21,BRG_025,3,1,13272.0
P10CV21,BRG_025,4,0,42492.0
P10CV21,BRG_026,0,1,42324.0
P10CV21,BRG_026,1,1,16500.0
P10CV21,BRG_026,2,1,74076.0
P10CV21,BRG_026,3,0,34896.0
P10CV21,BRG_027,0,1,45024.0
P10CV21,BRG_027,1,1,42720.0
P10CV21,BRG_027,2,1,46440.0
P10CV21,BRG_027,3,0,33612.0
P10CV21,BRG_028,0,1,20892.0
P10CV21,BRG_028,1,1,51612.0
P10CV21,BRG_028,2,1,32184.0
P10CV21,BRG_028,3,1,42612.0
P10CV21,BRG_028,4,0,20496.0
P10CV21,BRG_029,0,1,46380.0
P10CV21,BRG_029,1,1,61080.0
P10CV21,BRG_029,2,1,15216.0
P10CV21,BRG_029,3,1,22308.0
P10CV21,BRG_029,4,0,22812.0
P10CV21,BRG_030,0,1,51936.0
P10CV21,BRG_030,1,1,17700.0
P10CV21,BRG_030,2,1,45768.0
P10CV21,BRG_030,3,1,28920.0
P10CV21,BRG_030,4,0,23472.0
P10CV21,BRG_031,0,1,21972.0
P10CV21,BRG_031,1,1,48876.0
P10CV21,BRG_031,2,1,61980.0
P10CV21,BRG_031,3,0,34968.0
P10CV21,BRG_032,0,1,12984.0
P10CV21,BRG_032,1,1,36756.0
P10CV21,BRG_032,2,1,45048.0
P10CV21,BRG_032,3,1,29256.0
P10CV21,BRG_032,4,0,43752.0
P10CV21,BRG_033,0,1,27996.0
P10CV21,BRG_033,1,1,18828.0
P10CV21,BRG_033,2,1,48168.0
P10CV21,BRG_033,3,1,37368.0
P10CV21,BRG_033,4,0,35436.0
P10CV21,BRG_034,0,1,67836.0
P10CV21,BRG_034,1,1,37944.0
P10CV21,BRG_034,2,1,40020.0
P10CV21,BRG_034,3,0,21996.0
P10CV22,BRG_001,0,1,51708.0
P10CV22,BRG_001,1,1,31056.0
P10CV22,BRG_001,2,1,54084.0
P10CV22,BRG_001,3,0,31164.0
P10CV22,BRG_002,0,1,13980.0
P10CV22,BRG_002,1,1,56976.0
P10CV22,BRG_002,2,1,35604.0
P10CV22,BRG_002,3,1,36156.0
P10CV22,BRG_002,4,1,24048.0
P10CV22,BRG_002,5,0,1248.0
P10CV22,BRG_003,0,1,22188.0
P10CV22,BRG_003,1,1,23772.0
P10CV22,BRG_003,2,1,52524.0
P10CV22,BRG_003,3,1,49896.0
P10CV22,BRG_003,4,0,19632.0
P10CV22,BRG_004,0,1,17088.0
P10CV22,BRG_004,1,1,29232.0
P10CV22,BRG_004,2,1,53940.0
P10CV22,BRG_004,3,1,43644.0
P10CV22,BRG_004,4,0,24108.0
P10CV22,BRG_005,0,1,37464.0
P10CV22,BRG_005,1,1,24012.0
P10CV22,BRG_005,2,1,31200.0
P10CV22,BRG_005,3,1,65244.0
P10CV22,BRG_005,4,0,10092.0
P10CV22,BRG_006,0,1,43632.0
P10CV22,BRG_006,1,1,38232.0
P10CV22,BRG_006,2,1,33396.0
P10CV22,BRG_006,3,0,52752.0
P10CV22,BRG_007,0,1,45276.0
P10CV22,BRG_007,1,1,53808.0
P10CV22,BRG_007,2,1,67572.0
P10CV22,BRG_007,3,0,1356.0
P10CV22,BRG_008,0,1,48780.0
P10CV22,BRG_008,1,1,25992.0
P10CV22,BRG_008,2,1,33876.0
P10CV22,BRG_008,3,1,29460.0
P10CV22,BRG_008,4,1,22296.0
P10CV22,BRG_008,5,0,7608.0
P10CV22,BRG_009,0,1,50280.0
P10CV22,BRG_009,1,1,34656.0
P10CV22,BRG_009,2,1,60960.0
P10CV22,BRG_009,3,0,22116.0
P10CV22,BRG_010,0,1,47052.0
P10CV22,BRG_010,1,1,41736.0
P10CV22,BRG_010,2,1,52560.0
P10CV22,BRG_010,3,0,26664.0
P10CV22,BRG_011,0,1,52968.0
P10CV22,BRG_011,1,1,40416.0
P10CV22,BRG_011,2,1,26232.0
P10CV22,BRG_011,3,0,48396.0
P10CV22,BRG_012,0,1,54240.0
P10CV22,BRG_012,1,1,66720.0
P10CV22,BRG_012,2,1,27576.0
P10CV22,BRG_012,3,0,19476.0
P10CV22,BRG_013,0,1,23352.0
P10CV22,BRG_013,1,1,21264.0
P10CV22,BRG_013,2,1,61476.0
P10CV22,BRG_013,3,1,22920.0
P10CV22,BRG_013,4,1,36096.0
P10CV22,BRG_013,5,0,2904.0
P10CV22,BRG_014,0,1,27600.0
P10CV22,BRG_014,1,1,37308.0
P10CV22,BRG_014,2,1,31176.0
P10CV22,BRG_014,3,1,30048.0
P10CV22,BRG_014,4,1,33132.0
P10CV22,BRG_014,5,0,8748.0
P10CV22,BRG_015,0,1,56676.0
P10CV22,BRG_015,1,1,38292.0
P10CV22,BRG_015,2,1,34920.0
P10CV22,BRG_015,3,1,21924.0
P10CV22,BRG_015,4,1,14304.0
P10CV22,BRG_015,5,0,1896.0
P10CV22,BRG_016,0,1,25848.0
P10CV22,BRG_016,1,1,53928.0
P10CV22,BRG_016,2,1,47928.0
P10CV22,BRG_016,3,0,40308.0
P10CV22,BRG_017,0,1,62592.0
P10CV22,BRG_017,1,1,40464.0
P10CV22,BRG_017,2,1,30336.0
P10CV22,BRG_017,3,0,34620.0
P10CV22,BRG_018,0,1,58884.0
P10CV22,BRG_018,1,1,35496.0
P10CV22,BRG_018,2,1,44100.0
P10CV22,BRG_018,3,1,18048.0
P10CV22,BRG_018,4,0,11484.0
P10CV22,BRG_019,0,1,53208.0
P10CV22,BRG_019,1,1,58944.0
P10CV22,BRG_019,2,1,39060.0
P10CV22,BRG_019,3,0,16800.0
P10CV22,BRG_020,0,1,62964.0
P10CV22,BRG_020,1,1,42888.0
P10CV22,BRG_020,2,1,14148.0
P10CV22,BRG_020,3,1,42720.0
P10CV22,BRG_020,4,0,5292.0
P10CV22,BRG_021,0,1,29064.0
P10CV22,BRG_021,1,1,44496.0
P10CV22,BRG_021,2,1,13464.0
P10CV22,BRG_021,3,1,22428.0
P10CV22,BRG_021,4,1,48072.0
P10CV22,BRG_021,5,0,10488.0
P10CV22,BRG_022,0,1,50244.0
P10CV22,BRG_022,1,1,32676.0
P10CV22,BRG_022,2,1,51540.0
P10CV22,BRG_022,3,0,33552.0
P10CV22,BRG_023,0,1,28452.0
P10CV22,BRG_023,1,1,32220.0
P10CV22,BRG_023,2,1,36000.0
P10CV22,BRG_023,3,1,61956.0
P10CV22,BRG_023,4,0,9384.0
P10CV22,BRG_024,0,1,34644.0
P10CV22,BRG_024,1,1,19056.0
P10CV22,BRG_024,2,1,29592.0
P10CV22,BRG_024,3,1,34536.0
P10CV22,BRG_024,4,0,50184.0
P10CV22,BRG_025,0,1,54276.0
P10CV22,BRG_025,1,1,27528.0
P10CV22,BRG_025,2,1,49788.0
P10CV22,BRG_025,3,0,36420.0
P10CV22,BRG_026,0,1,25980.0
P10CV22,BRG_026,1,1,54516.0
P10CV22,BRG_026,2,1,67560.0
P10CV22,BRG_026,3,0,19956.0
P10CV22,BRG_027,0,1,32088.0
P10CV22,BRG_027,1,1,43056.0
P10CV22,BRG_027,2,1,44484.0
P10CV22,BRG_027,3,1,34008.0
P10CV22,BRG_027,4,0,14376.0
P10CV22,BRG_028,0,1,31668.0
P10CV22,BRG_028,1,1,12672.0
P10CV22,BRG_028,2,1,12708.0
P10CV22,BRG_028,3,1,28380.0
P10CV22,BRG_028,4,1,41640.0
P10CV22,BRG_028,5,1,40800.0
P10CV22,BRG_028,6,0,144.0
P10CV22,BRG_029,0,1,56808.0
P10CV22,BRG_029,1,1,21828.0
P10CV22,BRG_029,2,1,35916.0
P10CV22,BRG_029,3,0,53460.0
P10CV22,BRG_030,0,1,47064.0
P10CV22,BRG_030,1,1,33348.0
P10CV22,BRG_030,2,1,33912.0
P10CV22,BRG_030,3,1,50940.0
P10CV22,BRG_030,4,0,2748.0
P10CV22,BRG_031,0,1,34200.0
P10CV22,BRG_031,1,1,27336.0
P10CV22,BRG_031,2,1,41076.0
P10CV22,BRG_031,3,1,39876.0
P10CV22,BRG_031,4,0,25524.0
P10CV22,BRG_032,0,1,15432.0
P10CV22,BRG_032,1,1,37716.0
P10CV22,BRG_032,2,1,45084.0
P10CV22,BRG_032,3,1,49068.0
P10CV22,BRG_032,4,0,20712.0
P10CV22,BRG_033,0,1,45972.0
P10CV22,BRG_033,1,1,52524.0
P10CV22,BRG_033,2,1,24264.0
P10CV22,BRG_033,3,0,45252.0
P10CV22,BRG_034,0,1,62556.0
P10CV22,BRG_034,1,1,33852.0
P10CV22,BRG_034,2,1,25164.0
P10CV22,BRG_034,3,1,45444.0
P10CV22,BRG_034,4,0,996.0
P10CV23,BRG_001,0,1,50340.0
P10CV23,BRG_001,1,1,63252.0
P10CV23,BRG_001,2,1,41424.0
P10CV23,BRG_001,3,0,12888.0
P10CV23,BRG_002,0,1,24204.0
P10CV23,BRG_002,1,1,57744.0
P10CV23,BRG_002,2,1,64164.0
P10CV23,BRG_002,3,0,21792.0
P10CV23,BRG_003,0,1,18492.0
P10CV23,BRG_003,1,1,47964.0
P10CV23,BRG_003,2,1,57432.0
P10CV23,BRG_003,3,1,22332.0
P10CV23,BRG_003,4,0,21684.0
P10CV23,BRG_004,0,1,43680.0
P10CV23,BRG_004,1,1,45192.0
P10CV23,BRG_004,2,1,34836.0
P10CV23,BRG_004,3,1,36564.0
P10CV23,BRG_004,4,0,7632.0
P10CV23,BRG_005,0,1,43980.0
P10CV23,BRG_005,1,1,24084.0
P10CV23,BRG_005,2,1,15696.0
P10CV23,BRG_005,3,1,19752.0
P10CV23,BRG_005,4,1,34236.0
P10CV23,BRG_005,5,1,20004.0
P10CV23,BRG_005,6,0,10152.0
P10CV23,BRG_006,0,1,65580.0
P10CV23,BRG_006,1,1,44580.0
P10CV23,BRG_006,2,1,20808.0
P10CV23,BRG_006,3,0,36936.0
P10CV23,BRG_007,0,1,15336.0
P10CV23,BRG_007,1,1,30672.0
P10CV23,BRG_007,2,1,48156.0
P10CV23,BRG_007,3,1,56316.0
P10CV23,BRG_007,4,0,17424.0
P10CV23,BRG_008,0,1,29004.0
P10CV23,BRG_008,1,1,45576.0
P10CV23,BRG_008,2,1,53244.0
P10CV23,BRG_008,3,0,40080.0
P10CV23,BRG_009,0,1,28056.0
P10CV23,BRG_009,1,1,63012.0
P10CV23,BRG_009,2,1,47196.0
P10CV23,BRG_009,3,0,29640.0
P10CV23,BRG_010,0,1,47592.0
P10CV23,BRG_010,1,1,17448.0
P10CV23,BRG_010,2,1,45264.0
P10CV23,BRG_010,3,1,28140.0
P10CV23,BRG_010,4,1,26796.0
P10CV23,BRG_010,5,0,2664.0
P10CV23,BRG_011,0,1,62292.0
P10CV23,BRG_011,1,1,46296.0
P10CV23,BRG_011,2,1,27504.0
P10CV23,BRG_011,3,1,26400.0
P10CV23,BRG_011,4,0,5412.0
P10CV23,BRG_012,0,1,49080.0
P10CV23,BRG_012,1,1,57600.0
P10CV23,BRG_012,2,1,41352.0
P10CV23,BRG_012,3,0,19872.0
P10CV23,BRG_013,0,1,55020.0
P10CV23,BRG_013,1,1,48312.0
P10CV23,BRG_013,2,1,31164.0
P10CV23,BRG_013,3,0,33408.0
P10CV23,BRG_014,0,1,39960.0
P10CV23,BRG_014,1,1,22980.0
P10CV23,BRG_014,2,1,39492.0
P10CV23,BRG_014,3,1,28572.0
P10CV23,BRG_014,4,0,36900.0
P10CV23,BRG_015,0,1,50952.0
P10CV23,BRG_015,1,1,47052.0
P10CV23,BRG_015,2,1,39204.0
P10CV23,BRG_015,3,0,30696.0
P10CV23,BRG_016,0,1,36912.0
P10CV23,BRG_016,1,1,23460.0
P10CV23,BRG_016,2,1,42168.0
P10CV23,BRG_016,3,1,24108.0
P10CV23,BRG_016,4,1,39360.0
P10CV23,BRG_016,5,0,1896.0
P10CV23,BRG_017,0,1,70032.0
P10CV23,BRG_017,1,1,56820.0
P10CV23,BRG_017,2,1,25668.0
P10CV23,BRG_017,3,0,15384.0
P10CV23,BRG_018,0,1,55284.0
P10CV23,BRG_018,1,1,20964.0
P10CV23,BRG_018,2,1,30084.0
P10CV23,BRG_018,3,1,37644.0
P10CV23,BRG_018,4,0,23928.0
P10CV23,BRG_019,0,1,71004.0
P10CV23,BRG_019,1,1,20820.0
P10CV23,BRG_019,2,1,43236.0
P10CV23,BRG_019,3,0,32844.0
P10CV23,BRG_020,0,1,40740.0
P10CV23,BRG_020,1,1,52476.0
P10CV23,BRG_020,2,1,46560.0
P10CV23,BRG_020,3,0,28128.0
P10CV23,BRG_021,0,1,42156.0
P10CV23,BRG_021,1,1,50256.0
P10CV23,BRG_021,2,1,34452.0
P10CV23,BRG_021,3,0,41040.0
P10CV23,BRG_022,0,1,59088.0
P10CV23,BRG_022,1,1,60324.0
P10CV23,BRG_022,2,0,48492.0
P10CV23,BRG_023,0,1,48948.0
P10CV23,BRG_023,1,1,52764.0
P10CV23,BRG_023,2,1,54660.0
P10CV23,BRG_023,3,0,11532.0
P10CV23,BRG_024,0,1,43992.0
P10CV23,BRG_024,1,1,15720.0
P10CV23,BRG_024,2,1,50484.0
P10CV23,BRG_024,3,1,40848.0
P10CV23,BRG_024,4,0,16860.0
P10CV23,BRG_025,0,1,41496.0
P10CV23,BRG_025,1,1,43620.0
P10CV23,BRG_025,2,1,33348.0
P10CV23,BRG_025,3,1,29676.0
P10CV23,BRG_025,4,0,19764.0
P10CV23,BRG_026,0,1,44244.0
P10CV23,BRG_026,1,1,23352.0
P10CV23,BRG_026,2,1,18996.0
P10CV23,BRG_026,3,1,26784.0
P10CV23,BRG_026,4,1,51972.0
P10CV23,BRG_026,5,0,2556.0
P10CV23,BRG_027,0,1,61848.0
P10CV23,BRG_027,1,1,34224.0
P10CV23,BRG_027,2,1,19020.0
P10CV23,BRG_027,3,1,17952.0
P10CV23,BRG_027,4,0,34860.0
P10CV23,BRG_028,0,1,35076.0
P10CV23,BRG_028,1,1,44688.0
P10CV23,BRG_028,2,1,52596.0
P10CV23,BRG_028,3,0,35544.0
P10CV23,BRG_029,0,1,46116.0
P10CV23,BRG_029,1,1,38988.0
P10CV23,BRG_029,2,1,27084.0
P10CV23,BRG_029,3,0,55716.0
P10CV23,BRG_030,0,1,56808.0
P10CV23,BRG_030,1,1,21456.0
P10CV23,BRG_030,2,1,35712.0
P10CV23,BRG_030,3,1,17484.0
P10CV23,BRG_030,4,0,36444.0
P10CV23,BRG_031,0,1,57672.0
P10CV23,BRG_031,1,1,20556.0
P10CV23,BRG_031,2,1,35400.0
P10CV23,BRG_031,3,1,43296.0
P10CV23,BRG_031,4,0,10980.0
P10CV23,BRG_032,0,1,7128.0
P10CV23,BRG_032,1,1,50628.0
P10CV23,BRG_032,2,1,26208.0
P10CV23,BRG_032,3,1,39396.0
P10CV23,BRG_032,4,0,44544.0
P10CV23,BRG_033,0,1,33288.0
P10CV23,BRG_033,1,1,58248.0
P10CV23,BRG_033,2,1,43656.0
P10CV23,BRG_033,3,1,19716.0
P10CV23,BRG_033,4,0,12996.0
P10CV23,BRG_034,0,1,39696.0
P10CV23,BRG_034,1,1,30204.0
P10CV23,BRG_034,2,1,68952.0
P10CV23,BRG_034,3,0,29052.0
P10CV24,BRG_001,0,1,33600.0
P10CV24,BRG_001,1,1,40320.0
P10CV24,BRG_001,2,1,63132.0
P10CV24,BRG_001,3,1,26316.0
P10CV24,BRG_001,4,0,4536.0
P10CV24,BRG_002,0,1,43464.0
P10CV24,BRG_002,1,1,46200.0
P10CV24,BRG_002,2,1,28380.0
P10CV24,BRG_002,3,1,29724.0
P10CV24,BRG_002,4,0,20136.0
P10CV24,BRG_003,0,1,40428.0
P10CV24,BRG_003,1,1,50040.0
P10CV24,BRG_003,2,1,41184.0
P10CV24,BRG_003,3,0,36252.0
P10CV24,BRG_004,0,1,49980.0
P10CV24,BRG_004,1,1,42648.0
P10CV24,BRG_004,2,1,71004.0
P10CV24,BRG_004,3,0,4272.0
P10CV24,BRG_005,0,1,46020.0
P10CV24,BRG_005,1,1,38424.0
P10CV24,BRG_005,2,1,38832.0
P10CV24,BRG_005,3,0,44628.0
P10CV24,BRG_006,0,1,44028.0
P10CV24,BRG_006,1,1,24384.0
P10CV24,BRG_006,2,1,19920.0
P10CV24,BRG_006,3,1,26592.0
P10CV24,BRG_006,4,0,52980.0
P10CV24,BRG_007,0,1,20496.0
P10CV24,BRG_007,1,1,40644.0
P10CV24,BRG_007,2,1,53340.0
P10CV24,BRG_007,3,0,53424.0
P10CV24,BRG_008,0,1,69492.0
P10CV24,BRG_008,1,1,62640.0
P10CV24,BRG_008,2,0,35772.0
P10CV24,BRG_009,0,1,20292.0
P10CV24,BRG_009,1,1,32952.0
P10CV24,BRG_009,2,1,43956.0
P10CV24,BRG_009,3,1,64464.0
P10CV24,BRG_009,4,0,6240.0
P10CV24,BRG_010,0,1,36480.0
P10CV24,BRG_010,1,1,44808.0
P10CV24,BRG_010,2,1,24132.0
P10CV24,BRG_010,3,1,25668.0
P10CV24,BRG_010,4,1,29388.0
P10CV24,BRG_010,5,0,7428.0
P10CV24,BRG_011,0,1,23352.0
P10CV24,BRG_011,1,1,7464.0
P10CV24,BRG_011,2,1,31080.0
P10CV24,BRG_011,3,1,19452.0
P10CV24,BRG_011,4,1,38292.0
P10CV24,BRG_011,5,0,48264.0
P10CV24,BRG_012,0,1,25164.0
P10CV24,BRG_012,1,1,64536.0
P10CV24,BRG_012,2,1,37824.0
P10CV24,BRG_012,3,0,40380.0
P10CV24,BRG_013,0,1,40440.0
P10CV24,BRG_013,1,1,33348.0
P10CV24,BRG_013,2,1,63948.0
P10CV24,BRG_013,3,0,30168.0
P10CV24,BRG_014,0,1,54516.0
P10CV24,BRG_014,1,1,29208.0
P10CV24,BRG_014,2,1,54552.0
P10CV24,BRG_014,3,0,29628.0
P10CV24,BRG_015,0,1,32868.0
P10CV24,BRG_015,1,1,23412.0
P10CV24,BRG_015,2,1,62868.0
P10CV24,BRG_015,3,0,48756.0
P10CV24,BRG_016,0,1,14952.0
P10CV24,BRG_016,1,1,33468.0
P10CV24,BRG_016,2,1,68844.0
P10CV24,BRG_016,3,0,50640.0
P10CV24,BRG_017,0,1,16620.0
P10CV24,BRG_017,1,1,23232.0
P10CV24,BRG_017,2,1,43044.0
P10CV24,BRG_017,3,1,27180.0
P10CV24,BRG_017,4,1,30924.0
P10CV24,BRG_017,5,1,25296.0
P10CV24,BRG_017,6,0,1608.0
P10CV24,BRG_018,0,1,23964.0
P10CV24,BRG_018,1,1,23484.0
P10CV24,BRG_018,2,1,46356.0
P10CV24,BRG_018,3,1,42384.0
P10CV24,BRG_018,4,0,31716.0
P10CV24,BRG_019,0,1,49224.0
P10CV24,BRG_019,1,1,45072.0
P10CV24,BRG_019,2,1,42144.0
P10CV24,BRG_019,3,1,27372.0
P10CV24,BRG_019,4,0,4092.0
P10CV24,BRG_020,0,1,68472.0
P10CV24,BRG_020,1,1,37416.0
P10CV24,BRG_020,2,1,51072.0
P10CV24,BRG_020,3,0,10944.0
P10CV24,BRG_021,0,1,47040.0
P10CV24,BRG_021,1,1,36912.0
P10CV24,BRG_021,2,1,19164.0
P10CV24,BRG_021,3,1,30876.0
P10CV24,BRG_021,4,1,33516.0
P10CV24,BRG_021,5,0,396.0
P10CV24,BRG_022,0,1,14892.0
P10CV24,BRG_022,1,1,59568.0
P10CV24,BRG_022,2,1,28128.0
P10CV24,BRG_022,3,1,24756.0
P10CV24,BRG_022,4,0,40560.0
P10CV24,BRG_023,0,1,54504.0
P10CV24,BRG_023,1,1,60780.0
P10CV24,BRG_023,2,1,29040.0
P10CV24,BRG_023,3,0,23580.0
P10CV24,BRG_024,0,1,25296.0
P10CV24,BRG_024,1,1,50568.0
P10CV24,BRG_024,2,1,42336.0
P10CV24,BRG_024,3,1,30780.0
P10CV24,BRG_024,4,0,18924.0
P10CV24,BRG_025,0,1,64668.0
P10CV24,BRG_025,1,1,25740.0
P10CV24,BRG_025,2,1,44748.0
P10CV24,BRG_025,3,0,32748.0
P10CV24,BRG_026,0,1,18048.0
P10CV24,BRG_026,1,1,32076.0
P10CV24,BRG_026,2,1,50556.0
P10CV24,BRG_026,3,1,52212.0
P10CV24,BRG_026,4,0,15012.0
P10CV24,BRG_027,0,1,52920.0
P10CV24,BRG_027,1,1,64236.0
P10CV24,BRG_027,2,1,34896.0
P10CV24,BRG_027,3,0,15852.0
P10CV24,BRG_028,0,1,69672.0
P10CV24,BRG_028,1,1,50604.0
P10CV24,BRG_028,2,1,47508.0
P10CV24,BRG_028,3,0,120.0
P10CV24,BRG_029,0,1,40392.0
P10CV24,BRG_029,1,1,47472.0
P10CV24,BRG_029,2,1,38748.0
P10CV24,BRG_029,3,0,41292.0
P10CV24,BRG_030,0,1,12792.0
P10CV24,BRG_030,1,1,62256.0
P10CV24,BRG_030,2,1,66948.0
P10CV24,BRG_030,3,0,25908.0
P10CV24,BRG_031,0,1,47196.0
P10CV24,BRG_031,1,1,27156.0
P10CV24,BRG_031,2,1,48696.0
P10CV24,BRG_031,3,1,23076.0
P10CV24,BRG_031,4,0,21780.0
P10CV24,BRG_032,0,1,27768.0
P10CV24,BRG_032,1,1,38568.0
P10CV24,BRG_032,2,1,59592.0
P10CV24,BRG_032,3,1,26232.0
P10CV24,BRG_032,4,0,15744.0
P10CV24,BRG_033,0,1,66324.0
P10CV24,BRG_033,1,1,19116.0
P10CV24,BRG_033,2,1,18000.0
P10CV24,BRG_033,3,1,58260.0
P10CV24,BRG_033,4,0,6204.0
P10CV24,BRG_034,0,1,34344.0
P10CV24,BRG_034,1,1,30696.0
P10CV24,BRG_034,2,1,29796.0
P10CV24,BRG_034,3,1,45168.0
P10CV24,BRG_034,4,1,18912.0
P10CV24,BRG_034,5,0,8988.0
P10CV25,BRG_001,0,1,34368.0
P10CV25,BRG_001,1,1,52212.0
P10CV25,BRG_001,2,1,33708.0
P10CV25,BRG_001,3,0,47364.0
P10CV25,BRG_002,0,1,39408.0
P10CV25,BRG_002,1,1,25800.0
P10CV25,BRG_002,2,1,28692.0
P10CV25,BRG_002,3,1,37188.0
P10CV25,BRG_002,4,0,36564.0
P10CV25,BRG_003,0,1,59052.0
P10CV25,BRG_003,1,1,56700.0
P10CV25,BRG_003,2,1,49068.0
P10CV25,BRG_003,3,0,2832.0
P10CV25,BRG_004,0,1,44172.0
P10CV25,BRG_004,1,1,53484.0
P10CV25,BRG_004,2,1,21216.0
P10CV25,BRG_004,3,1,21180.0
P10CV25,BRG_004,4,0,27600.0
P10CV25,BRG_005,0,1,24924.0
P10CV25,BRG_005,1,1,32340.0
P10CV25,BRG_005,2,1,36576.0
P10CV25,BRG_005,3,1,42216.0
P10CV25,BRG_005,4,0,31596.0
P10CV25,BRG_006,0,1,54144.0
P10CV25,BRG_006,1,1,14940.0
P10CV25,BRG_006,2,1,52596.0
P10CV25,BRG_006,3,1,39576.0
P10CV25,BRG_006,4,0,6396.0
P10CV25,BRG_007,0,1,24216.0
P10CV25,BRG_007,1,1,16344.0
P10CV25,BRG_007,2,1,53268.0
P10CV25,BRG_007,3,1,45972.0
P10CV25,BRG_007,4,0,27852.0
P10CV25,BRG_008,0,1,63048.0
P10CV25,BRG_008,1,1,26004.0
P10CV25,BRG_008,2,1,47436.0
P10CV25,BRG_008,3,1,18576.0
P10CV25,BRG_008,4,0,12588.0
P10CV25,BRG_009,0,1,35004.0
P10CV25,BRG_009,1,1,34632.0
P10CV25,BRG_009,2,1,30912.0
P10CV25,BRG_009,3,1,35160.0
P10CV25,BRG_009,4,0,31944.0
P10CV25,BRG_010,0,1,27516.0
P10CV25,BRG_010,1,1,28944.0
P10CV25,BRG_010,2,1,20760.0
P10CV25,BRG_010,3,1,37908.0
P10CV25,BRG_010,4,1,35292.0
P10CV25,BRG_010,5,0,17232.0
P10CV25,BRG_011,0,1,35736.0
P10CV25,BRG_011,1,1,13164.0
P10CV25,BRG_011,2,1,53304.0
P10CV25,BRG_011,3,1,15036.0
P10CV25,BRG_011,4,1,36348.0
P10CV25,BRG_011,5,0,14064.0
P10CV25,BRG_012,0,1,18912.0
P10CV25,BRG_012,1,1,54792.0
P10CV25,BRG_012,2,1,9132.0
P10CV25,BRG_012,3,1,49752.0
P10CV25,BRG_012,4,0,35064.0
P10CV25,BRG_013,0,1,62508.0
P10CV25,BRG_013,1,1,53280.0
P10CV25,BRG_013,2,1,32004.0
P10CV25,BRG_013,3,0,19860.0
P10CV25,BRG_014,0,1,49200.0
P10CV25,BRG_014,1,1,48876.0
P10CV25,BRG_014,2,1,21576.0
P10CV25,BRG_014,3,1,41160.0
P10CV25,BRG_014,4,0,6840.0
P10CV25,BRG_015,0,1,26004.0
P10CV25,BRG_015,1,1,36300.0
P10CV25,BRG_015,2,1,28848.0
P10CV25,BRG_015,3,1,63636.0
P10CV25,BRG_015,4,0,12864.0
P10CV25,BRG_016,0,1,26664.0
P10CV25,BRG_016,1,1,20208.0
P10CV25,BRG_016,2,1,41880.0
P10CV25,BRG_016,3,1,44268.0
P10CV25,BRG_016,4,0,34632.0
P10CV25,BRG_017,0,1,22260.0
P10CV25,BRG_017,1,1,27324.0
P10CV25,BRG_017,2,1,31860.0
P10CV25,BRG_017,3,1,42612.0
P10CV25,BRG_017,4,0,43596.0
P10CV25,BRG_018,0,1,17172.0
P10CV25,BRG_018,1,1,24672.0
P10CV25,BRG_018,2,1,43068.0
P10CV25,BRG_018,3,1,31548.0
P10CV25,BRG_018,4,1,31092.0
P10CV25,BRG_018,5,0,20100.0
P10CV25,BRG_019,0,1,29220.0
P10CV25,BRG_019,1,1,45120.0
P10CV25,BRG_019,2,1,34860.0
P10CV25,BRG_019,3,1,23568.0
P10CV25,BRG_019,4,0,34884.0
P10CV25,BRG_020,0,1,68772.0
P10CV25,BRG_020,1,1,28032.0
P10CV25,BRG_020,2,1,27216.0
P10CV25,BRG_020,3,1,38760.0
P10CV25,BRG_020,4,0,4872.0
P10CV25,BRG_021,0,1,68208.0
P10CV25,BRG_021,1,1,44844.0
P10CV25,BRG_021,2,0,54600.0
P10CV25,BRG_022,0,1,25968.0
P10CV25,BRG_022,1,1,28860.0
P10CV25,BRG_022,2,1,26820.0
P10CV25,BRG_022,3,1,44544.0
P10CV25,BRG_022,4,1,33072.0
P10CV25,BRG_022,5,0,8388.0
P10CV25,BRG_023,0,1,29904.0
P10CV25,BRG_023,1,1,58236.0
P10CV25,BRG_023,2,1,60672.0
P10CV25,BRG_023,3,0,18840.0
P10CV25,BRG_024,0,1,34548.0
P10CV25,BRG_024,1,1,35124.0
P10CV25,BRG_024,2,1,44280.0
P10CV25,BRG_024,3,1,33684.0
P10CV25,BRG_024,4,0,20016.0
P10CV25,BRG_025,0,1,36420.0
P10CV25,BRG_025,1,1,46452.0
P10CV25,BRG_025,2,1,52224.0
P10CV25,BRG_025,3,0,32556.0
P10CV25,BRG_026,0,1,40788.0
P10CV25,BRG_026,1,1,50832.0
P10CV25,BRG_026,2,1,42564.0
P10CV25,BRG_026,3,0,33468.0
P10CV25,BRG_027,0,1,60000.0
P10CV25,BRG_027,1,1,40608.0
P10CV25,BRG_027,2,1,43116.0
P10CV25,BRG_027,3,0,23928.0
P10CV25,BRG_028,0,1,40020.0
P10CV25,BRG_028,1,1,33384.0
P10CV25,BRG_028,2,1,67776.0
P10CV25,BRG_028,3,0,26472.0
P10CV25,BRG_029,0,1,41520.0
P10CV25,BRG_029,1,1,27264.0
P10CV25,BRG_029,2,1,30192.0
P10CV25,BRG_029,3,1,35556.0
P10CV25,BRG_029,4,1,30840.0
P10CV25,BRG_029,5,0,2280.0
P10CV25,BRG_030,0,1,43308.0
P10CV25,BRG_030,1,1,49716.0
P10CV25,BRG_030,2,1,22776.0
P10CV25,BRG_030,3,1,24888.0
P10CV25,BRG_030,4,0,26964.0
P10CV25,BRG_031,0,1,43680.0
P10CV25,BRG_031,1,1,43608.0
P10CV25,BRG_031,2,1,51276.0
P10CV25,BRG_031,3,0,29088.0
P10CV25,BRG_032,0,1,61164.0
P10CV25,BRG_032,1,1,8028.0
P10CV25,BRG_032,2,1,34200.0
P10CV25,BRG_032,3,1,32772.0
P10CV25,BRG_032,4,1,8340.0
P10CV25,BRG_032,5,1,13716.0
P10CV25,BRG_032,6,0,9432.0
P10CV25,BRG_033,0,1,33036.0
P10CV25,BRG_033,1,1,37224.0
P10CV25,BRG_033,2,1,45312.0
P10CV25,BRG_033,3,0,52080.0
P10CV25,BRG_034,0,1,49260.0
P10CV25,BRG_034,1,1,55524.0
P10CV25,BRG_034,2,1,48600.0
P10CV25,BRG_034,3,0,14268.0
P10CV26,BRG_001,0,1,49584.0
P10CV26,BRG_001,1,1,27924.0
P10CV26,BRG_001,2,1,47412.0
P10CV26,BRG_001,3,1,41784.0
P10CV26,BRG_001,4,0,768.0
P10CV26,BRG_002,0,1,29160.0
P10CV26,BRG_002,1,1,61944.0
P10CV26,BRG_002,2,1,25212.0
P10CV26,BRG_002,3,1,40212.0
P10CV26,BRG_002,4,0,10944.0
P10CV26,BRG_003,0,1,29316.0
P10CV26,BRG_003,1,1,40896.0
P10CV26,BRG_003,2,1,44112.0
P10CV26,BRG_003,3,1,27804.0
P10CV26,BRG_003,4,0,25344.0
P10CV26,BRG_004,0,1,30024.0
P10CV26,BRG_004,1,1,17844.0
P10CV26,BRG_004,2,1,36288.0
P10CV26,BRG_004,3,1,28056.0
P10CV26,BRG_004,4,1,26112.0
P10CV26,BRG_004,5,1,27384.0
P10CV26,BRG_004,6,0,1764.0
P10CV26,BRG_005,0,1,45756.0
P10CV26,BRG_005,1,1,54696.0
P10CV26,BRG_005,2,1,30024.0
P10CV26,BRG_005,3,0,36996.0
P10CV26,BRG_006,0,1,21036.0
P10CV26,BRG_006,1,1,18252.0
P10CV26,BRG_006,2,1,32556.0
P10CV26,BRG_006,3,1,60540.0
P10CV26,BRG_006,4,0,35088.0
P10CV26,BRG_007,0,1,15312.0
P10CV26,BRG_007,1,1,45252.0
P10CV26,BRG_007,2,1,23004.0
P10CV26,BRG_007,3,1,35424.0
P10CV26,BRG_007,4,0,48480.0
P10CV26,BRG_008,0,1,44124.0
P10CV26,BRG_008,1,1,28896.0
P10CV26,BRG_008,2,1,27252.0
P10CV26,BRG_008,3,1,32196.0
P10CV26,BRG_008,4,0,35004.0
P10CV26,BRG_009,0,1,25644.0
P10CV26,BRG_009,1,1,54768.0
P10CV26,BRG_009,2,1,61512.0
P10CV26,BRG_009,3,0,25548.0
P10CV26,BRG_010,0,1,49044.0
P10CV26,BRG_010,1,1,39216.0
P10CV26,BRG_010,2,1,29424.0
P10CV26,BRG_010,3,1,29568.0
P10CV26,BRG_010,4,0,20220.0
P10CV26,BRG_011,0,1,21240.0
P10CV26,BRG_011,1,1,45900.0
P10CV26,BRG_011,2,1,35820.0
P10CV26,BRG_011,3,1,14472.0
P10CV26,BRG_011,4,0,50040.0
P10CV26,BRG_012,0,1,46560.0
P10CV26,BRG_012,1,1,34716.0
P10CV26,BRG_012,2,1,19332.0
P10CV26,BRG_012,3,1,31428.0
P10CV26,BRG_012,4,0,35436.0
P10CV26,BRG_013,0,1,41700.0
P10CV26,BRG_013,1,1,50484.0
P10CV26,BRG_013,2,1,52236.0
P10CV26,BRG_013,3,1,12228.0
P10CV26,BRG_013,4,0,10824.0
P10CV26,BRG_014,0,1,23448.0
P10CV26,BRG_014,1,1,44328.0
P10CV26,BRG_014,2,1,31656.0
P10CV26,BRG_014,3,1,31080.0
P10CV26,BRG_014,4,0,36960.0
P10CV26,BRG_015,0,1,51288.0
P10CV26,BRG_015,1,1,47400.0
P10CV26,BRG_015,2,1,41112.0
P10CV26,BRG_015,3,0,27672.0
P10CV26,BRG_016,0,1,44880.0
P10CV26,BRG_016,1,1,23928.0
P10CV26,BRG_016,2,1,21048.0
P10CV26,BRG_016,3,1,56892.0
P10CV26,BRG_016,4,0,20724.0
P10CV26,BRG_017,0,1,43176.0
P10CV26,BRG_017,1,1,41232.0
P10CV26,BRG_017,2,1,27624.0
P10CV26,BRG_017,3,1,52236.0
P10CV26,BRG_017,4,0,3204.0
P10CV26,BRG_018,0,1,39252.0
P10CV26,BRG_018,1,1,32292.0
P10CV26,BRG_018,2,1,57948.0
P10CV26,BRG_018,3,1,27432.0
P10CV26,BRG_018,4,0,10548.0
P10CV26,BRG_019,0,1,26892.0
P10CV26,BRG_019,1,1,39396.0
P10CV26,BRG_019,2,1,54888.0
P10CV26,BRG_019,3,1,34116.0
P10CV26,BRG_019,4,0,12180.0
P10CV26,BRG_020,0,1,26472.0
P10CV26,BRG_020,1,1,17496.0
P10CV26,BRG_020,2,1,23844.0
P10CV26,BRG_020,3,1,19356.0
P10CV26,BRG_020,4,1,11532.0
P10CV26,BRG_020,5,1,35484.0
P10CV26,BRG_020,6,0,33288.0
P10CV26,BRG_021,0,1,28716.0
P10CV26,BRG_021,1,1,35676.0
P10CV26,BRG_021,2,1,70164.0
P10CV26,BRG_021,3,1,31020.0
P10CV26,BRG_021,4,0,1896.0
P10CV26,BRG_022,0,1,49884.0
P10CV26,BRG_022,1,1,22596.0
P10CV26,BRG_022,2,1,18156.0
P10CV26,BRG_022,3,1,23940.0
P10CV26,BRG_022,4,1,35904.0
P10CV26,BRG_022,5,0,16992.0
P10CV26,BRG_023,0,1,40476.0
P10CV26,BRG_023,1,1,32652.0
P10CV26,BRG_023,2,1,46188.0
P10CV26,BRG_023,3,0,48156.0
P10CV26,BRG_024,0,1,60600.0
P10CV26,BRG_024,1,1,67548.0
P10CV26,BRG_024,2,1,37392.0
P10CV26,BRG_024,3,0,1932.0
P10CV26,BRG_025,0,1,33576.0
P10CV26,BRG_025,1,1,13428.0
P10CV26,BRG_025,2,1,68784.0
P10CV26,BRG_025,3,1,40776.0
P10CV26,BRG_025,4,0,10908.0
P10CV26,BRG_026,0,1,20208.0
P10CV26,BRG_026,1,1,37140.0
P10CV26,BRG_026,2,1,41208.0
P10CV26,BRG_026,3,1,26520.0
P10CV26,BRG_026,4,1,39180.0
P10CV26,BRG_026,5,0,3216.0
P10CV26,BRG_027,0,1,11700.0
P10CV26,BRG_027,1,1,24216.0
P10CV26,BRG_027,2,1,29712.0
P10CV26,BRG_027,3,1,38280.0
P10CV26,BRG_027,4,1,63300.0
P10CV26,BRG_027,5,0,264.0
P10CV26,BRG_028,0,1,48492.0
P10CV26,BRG_028,1,1,69636.0
P10CV26,BRG_028,2,1,45756.0
P10CV26,BRG_028,3,0,3588.0
P10CV26,BRG_029,0,1,8988.0
P10CV26,BRG_029,1,1,39204.0
P10CV26,BRG_029,2,1,34860.0
P10CV26,BRG_029,3,1,44952.0
P10CV26,BRG_029,4,0,39468.0
P10CV26,BRG_030,0,1,23712.0
P10CV26,BRG_030,1,1,54336.0
P10CV26,BRG_030,2,1,50064.0
P10CV26,BRG_030,3,0,39360.0
P10CV26,BRG_031,0,1,59808.0
P10CV26,BRG_031,1,1,47472.0
P10CV26,BRG_031,2,1,43740.0
P10CV26,BRG_031,3,0,16452.0
P10CV26,BRG_032,0,1,31452.0
P10CV26,BRG_032,1,1,62088.0
P10CV26,BRG_032,2,1,35748.0
P10CV26,BRG_032,3,1,37908.0
P10CV26,BRG_032,4,0,276.0
P10CV26,BRG_033,0,1,36696.0
P10CV26,BRG_033,1,1,43992.0
P10CV26,BRG_033,2,1,39732.0
P10CV26,BRG_033,3,1,39048.0
P10CV26,BRG_033,4,0,8004.0
P10CV26,BRG_034,0,1,43668.0
P10CV26,BRG_034,1,1,38004.0
P10CV26,BRG_034,2,1,31824.0
P10CV26,BRG_034,3,1,33360.0
P10CV26,BRG_034,4,0,20616.0
P10CV27,BRG_001,0,1,27744.0
P10CV27,BRG_001,1,1,26748.0
P10CV27,BRG_001,2,1,32604.0
P10CV27,BRG_001,3,1,15684.0
P10CV27,BRG_001,4,1,46740.0
P10CV27,BRG_001,5,0,18060.0
P10CV27,BRG_002,0,1,61740.0
P10CV27,BRG_002,1,1,43212.0
P10CV27,BRG_002,2,1,32340.0
P10CV27,BRG_002,3,1,26280.0
P10CV27,BRG_002,4,0,4008.0
P10CV27,BRG_003,0,1,12564.0
P10CV27,BRG_003,1,1,21624.0
P10CV27,BRG_003,2,1,33336.0
P10CV27,BRG_003,3,1,18048.0
P10CV27,BRG_003,4,1,43824.0
P10CV27,BRG_003,5,1,22368.0
P10CV27,BRG_003,6,0,15816.0
P10CV27,BRG_004,0,1,33264.0
P10CV27,BRG_004,1,1,24900.0
P10CV27,BRG_004,2,1,30792.0
P10CV27,BRG_004,3,1,18480.0
P10CV27,BRG_004,4,1,49356.0
P10CV27,BRG_004,5,0,10788.0
P10CV27,BRG_005,0,1,28572.0
P10CV27,BRG_005,1,1,35616.0
P10CV27,BRG_005,2,1,43728.0
P10CV27,BRG_005,3,1,24456.0
P10CV27,BRG_005,4,0,35208.0
P10CV27,BRG_006,0,1,46632.0
P10CV27,BRG_006,1,1,37140.0
P10CV27,BRG_006,2,1,23508.0
P10CV27,BRG_006,3,1,42564.0
P10CV27,BRG_006,4,0,17736.0
P10CV27,BRG_007,0,1,32076.0
P10CV27,BRG_007,1,1,55560.0
P10CV27,BRG_007,2,1,39348.0
P10CV27,BRG_007,3,1,28248.0
P10CV27,BRG_007,4,0,12348.0
P10CV27,BRG_008,0,1,38832.0
P10CV27,BRG_008,1,1,19128.0
P10CV27,BRG_008,2,1,50676.0
P10CV27,BRG_008,3,1,29220.0
P10CV27,BRG_008,4,0,29724.0
P10CV27,BRG_009,0,1,7620.0
P10CV27,BRG_009,1,1,21804.0
P10CV27,BRG_009,2,1,38712.0
P10CV27,BRG_009,3,1,49512.0
P10CV27,BRG_009,4,1,47220.0
P10CV27,BRG_009,5,0,2712.0
P10CV27,BRG_010,0,1,38136.0
P10CV27,BRG_010,1,1,56016.0
P10CV27,BRG_010,2,1,48576.0
P10CV27,BRG_010,3,0,24852.0
P10CV27,BRG_011,0,1,38820.0
P10CV27,BRG_011,1,1,23388.0
P10CV27,BRG_011,2,1,48420.0
P10CV27,BRG_011,3,1,50400.0
P10CV27,BRG_011,4,0,6552.0
P10CV27,BRG_012,0,1,15636.0
P10CV27,BRG_012,1,1,26244.0
P10CV27,BRG_012,2,1,66768.0
P10CV27,BRG_012,3,1,56784.0
P10CV27,BRG_012,4,0,2148.0
P10CV27,BRG_013,0,1,51048.0
P10CV27,BRG_013,1,1,55116.0
P10CV27,BRG_013,2,1,24108.0
P10CV27,BRG_013,3,1,15420.0
P10CV27,BRG_013,4,0,21888.0
P10CV27,BRG_014,0,1,49164.0
P10CV27,BRG_014,1,1,46056.0
P10CV27,BRG_014,2,1,28992.0
P10CV27,BRG_014,3,0,43368.0
P10CV27,BRG_015,0,1,32628.0
P10CV27,BRG_015,1,1,33816.0
P10CV27,BRG_015,2,1,29628.0
P10CV27,BRG_015,3,1,24240.0
P10CV27,BRG_015,4,1,21156.0
P10CV27,BRG_015,5,0,26112.0
P10CV27,BRG_016,0,1,36480.0
P10CV27,BRG_016,1,1,33768.0
P10CV27,BRG_016,2,1,46020.0
P10CV27,BRG_016,3,1,27036.0
P10CV27,BRG_016,4,0,24276.0
P10CV27,BRG_017,0,1,36732.0
P10CV27,BRG_017,1,1,18420.0
P10CV27,BRG_017,2,1,33696.0
P10CV27,BRG_017,3,1,42840.0
P10CV27,BRG_017,4,1,23916.0
P10CV27,BRG_017,5,0,11976.0
P10CV27,BRG_018,0,1,25416.0
P10CV27,BRG_018,1,1,52716.0
P10CV27,BRG_018,2,1,46164.0
P10CV27,BRG_018,3,1,39192.0
P10CV27,BRG_018,4,0,4092.0
P10CV27,BRG_019,0,1,20004.0
P10CV27,BRG_019,1,1,39084.0
P10CV27,BRG_019,2,1,27216.0
P10CV27,BRG_019,3,1,35760.0
P10CV27,BRG_019,4,1,15144.0
P10CV27,BRG_019,5,0,30372.0
P10CV27,BRG_020,0,1,37404.0
P10CV27,BRG_020,1,1,20400.0
P10CV27,BRG_020,2,1,41496.0
P10CV27,BRG_020,3,1,46668.0
P10CV27,BRG_020,4,0,21612.0
P10CV27,BRG_021,0,1,25500.0
P10CV27,BRG_021,1,1,45720.0
P10CV27,BRG_021,2,1,55164.0
P10CV27,BRG_021,3,0,41196.0
P10CV27,BRG_022,0,1,37080.0
P10CV27,BRG_022,1,1,40872.0
P10CV27,BRG_022,2,1,37944.0
P10CV27,BRG_022,3,1,47388.0
P10CV27,BRG_022,4,0,4296.0
P10CV27,BRG_023,0,1,77316.0
P10CV27,BRG_023,1,1,42864.0
P10CV27,BRG_023,2,0,47400.0
P10CV27,BRG_024,0,1,47556.0
P10CV27,BRG_024,1,1,26700.0
P10CV27,BRG_024,2,1,34344.0
P10CV27,BRG_024,3,1,34476.0
P10CV27,BRG_024,4,0,24504.0
P10CV27,BRG_025,0,1,23340.0
P10CV27,BRG_025,1,1,41604.0
P10CV27,BRG_025,2,1,41844.0
P10CV27,BRG_025,3,1,29532.0
P10CV27,BRG_025,4,1,18756.0
P10CV27,BRG_025,5,0,12504.0
P10CV27,BRG_026,0,1,40428.0
P10CV27,BRG_026,1,1,43356.0
P10CV27,BRG_026,2,1,51516.0
P10CV27,BRG_026,3,0,32280.0
P10CV27,BRG_027,0,1,32976.0
P10CV27,BRG_027,1,1,15804.0
P10CV27,BRG_027,2,1,21408.0
P10CV27,BRG_027,3,1,48588.0
P10CV27,BRG_027,4,1,37284.0
P10CV27,BRG_027,5,0,11520.0
P10CV27,BRG_028,0,1,32328.0
P10CV27,BRG_028,1,1,28296.0
P10CV27,BRG_028,2,1,53220.0
P10CV27,BRG_028,3,1,17184.0
P10CV27,BRG_028,4,1,26628.0
P10CV27,BRG_028,5,0,9924.0
P10CV27,BRG_029,0,1,55740.0
P10CV27,BRG_029,1,1,51828.0
P10CV27,BRG_029,2,1,31620.0
P10CV27,BRG_029,3,0,28392.0
P10CV27,BRG_030,0,1,48264.0
P10CV27,BRG_030,1,1,45468.0
P10CV27,BRG_030,2,1,30672.0
P10CV27,BRG_030,3,1,16296.0
P10CV27,BRG_030,4,0,26880.0
P10CV27,BRG_031,0,1,29844.0
P10CV27,BRG_031,1,1,46476.0
P10CV27,BRG_031,2,1,20796.0
P10CV27,BRG_031,3,1,37740.0
P10CV27,BRG_031,4,1,19560.0
P10CV27,BRG_031,5,0,13164.0
P10CV27,BRG_032,0,1,49944.0
P10CV27,BRG_032,1,1,48552.0
P10CV27,BRG_032,2,1,42552.0
P10CV27,BRG_032,3,0,26532.0
P10CV27,BRG_033,0,1,49056.0
P10CV27,BRG_033,1,1,72084.0
P10CV27,BRG_033,2,1,41772.0
P10CV27,BRG_033,3,0,4668.0
P10CV27,BRG_034,0,1,49788.0
P10CV27,BRG_034,1,1,37728.0
P10CV27,BRG_034,2,1,57900.0
P10CV27,BRG_034,3,0,22164.0
P10CV28,BRG_001,0,1,48204.0
P10CV28,BRG_001,1,1,34812.0
P10CV28,BRG_001,2,1,38448.0
P10CV28,BRG_001,3,1,39024.0
P10CV28,BRG_001,4,0,6840.0
P10CV28,BRG_002,0,1,42144.0
P10CV28,BRG_002,1,1,35388.0
P10CV28,BRG_002,2,1,51132.0
P10CV28,BRG_002,3,0,38664.0
P10CV28,BRG_003,0,1,13656.0
P10CV28,BRG_003,1,1,49152.0
P10CV28,BRG_003,2,1,50976.0
P10CV28,BRG_003,3,1,47052.0
P10CV28,BRG_003,4,0,6492.0
P10CV28,BRG_004,0,1,23292.0
P10CV28,BRG_004,1,1,66348.0
P10CV28,BRG_004,2,1,65532.0
P10CV28,BRG_004,3,0,12156.0
P10CV28,BRG_005,0,1,17388.0
P10CV28,BRG_005,1,1,17256.0
P10CV28,BRG_005,2,1,32340.0
P10CV28,BRG_005,3,1,28140.0
P10CV28,BRG_005,4,1,20412.0
P10CV28,BRG_005,5,1,50304.0
P10CV28,BRG_005,6,0,1488.0
P10CV28,BRG_006,0,1,55296.0
P10CV28,BRG_006,1,1,34932.0
P10CV28,BRG_006,2,1,56736.0
P10CV28,BRG_006,3,1,11604.0
P10CV28,BRG_006,4,0,8760.0
P10CV28,BRG_007,0,1,50952.0
P10CV28,BRG_007,1,1,35412.0
P10CV28,BRG_007,2,1,42288.0
P10CV28,BRG_007,3,0,38676.0
P10CV28,BRG_008,0,1,71928.0
P10CV28,BRG_008,1,1,65820.0
P10CV28,BRG_008,2,0,29580.0
P10CV28,BRG_009,0,1,31980.0
P10CV28,BRG_009,1,1,41232.0
P10CV28,BRG_009,2,1,39036.0
P10CV28,BRG_009,3,1,21852.0
P10CV28,BRG_009,4,0,33228.0
P10CV28,BRG_010,0,1,34152.0
P10CV28,BRG_010,1,1,62604.0
P10CV28,BRG_010,2,1,38100.0
P10CV28,BRG_010,3,0,32472.0
P10CV28,BRG_011,0,1,53736.0
P10CV28,BRG_011,1,1,22224.0
P10CV28,BRG_011,2,1,39912.0
P10CV28,BRG_011,3,1,28320.0
P10CV28,BRG_011,4,0,23136.0
P10CV28,BRG_012,0,1,47316.0
P10CV28,BRG_012,1,1,31464.0
P10CV28,BRG_012,2,1,28332.0
P10CV28,BRG_012,3,1,37164.0
P10CV28,BRG_012,4,0,23052.0
P10CV28,BRG_013,0,1,39108.0
P10CV28,BRG_013,1,1,25584.0
P10CV28,BRG_013,2,1,24720.0
P10CV28,BRG_013,3,1,53016.0
P10CV28,BRG_013,4,0,24900.0
P10CV28,BRG_014,0,1,68136.0
P10CV28,BRG_014,1,1,36852.0
P10CV28,BRG_014,2,1,46896.0
P10CV28,BRG_014,3,0,15444.0
P10CV28,BRG_015,0,1,19836.0
P10CV28,BRG_015,1,1,23412.0
P10CV28,BRG_015,2,1,40920.0
P10CV28,BRG_015,3,1,44040.0
P10CV28,BRG_015,4,1,27264.0
P10CV28,BRG_015,5,0,11856.0
P10CV28,BRG_016,0,1,14400.0
P10CV28,BRG_016,1,1,32688.0
P10CV28,BRG_016,2,1,44112.0
P10CV28,BRG_016,3,1,21648.0
P10CV28,BRG_016,4,1,36972.0
P10CV28,BRG_016,5,0,17508.0
P10CV28,BRG_017,0,1,33408.0
P10CV28,BRG_017,1,1,37308.0
P10CV28,BRG_017,2,1,36744.0
P10CV28,BRG_017,3,1,40428.0
P10CV28,BRG_017,4,1,16572.0
P10CV28,BRG_017,5,0,2868.0
P10CV28,BRG_018,0,1,34092.0
P10CV28,BRG_018,1,1,38940.0
P10CV28,BRG_018,2,1,26304.0
P10CV28,BRG_018,3,1,50784.0
P10CV28,BRG_018,4,0,17208.0
P10CV28,BRG_019,0,1,37440.0
P10CV28,BRG_019,1,1,33360.0
P10CV28,BRG_019,2,1,32352.0
P10CV28,BRG_019,3,1,39144.0
P10CV28,BRG_019,4,0,25032.0
P10CV28,BRG_020,0,1,22272.0
P10CV28,BRG_020,1,1,22056.0
P10CV28,BRG_020,2,1,60624.0
P10CV28,BRG_020,3,1,15840.0
P10CV28,BRG_020,4,0,46536.0
P10CV28,BRG_021,0,1,47952.0
P10CV28,BRG_021,1,1,31524.0
P10CV28,BRG_021,2,1,24336.0
P10CV28,BRG_021,3,1,42564.0
P10CV28,BRG_021,4,1,20676.0
P10CV28,BRG_021,5,0,276.0
P10CV28,BRG_022,0,1,10908.0
P10CV28,BRG_022,1,1,48024.0
P10CV28,BRG_022,2,1,53352.0
P10CV28,BRG_022,3,1,24972.0
P10CV28,BRG_022,4,0,30072.0
P10CV28,BRG_023,0,1,32712.0
P10CV28,BRG_023,1,1,8916.0
P10CV28,BRG_023,2,1,49932.0
P10CV28,BRG_023,3,1,16860.0
P10CV28,BRG_023,4,1,47856.0
P10CV28,BRG_023,5,0,11052.0
P10CV28,BRG_024,0,1,33012.0
P10CV28,BRG_024,1,1,42240.0
P10CV28,BRG_024,2,1,32724.0
P10CV28,BRG_024,3,1,25632.0
P10CV28,BRG_024,4,0,33720.0
P10CV28,BRG_025,0,1,44388.0
P10CV28,BRG_025,1,1,46896.0
P10CV28,BRG_025,2,1,35556.0
P10CV28,BRG_025,3,1,16980.0
P10CV28,BRG_025,4,0,23508.0
P10CV28,BRG_026,0,1,48240.0
P10CV28,BRG_026,1,1,16440.0
P10CV28,BRG_026,2,1,51516.0
P10CV28,BRG_026,3,1,31176.0
P10CV28,BRG_026,4,0,19956.0
P10CV28,BRG_027,0,1,50172.0
P10CV28,BRG_027,1,1,37200.0
P10CV28,BRG_027,2,1,40824.0
P10CV28,BRG_027,3,1,37848.0
P10CV28,BRG_027,4,0,1284.0
P10CV28,BRG_028,0,1,23952.0
P10CV28,BRG_028,1,1,29436.0
P10CV28,BRG_028,2,1,43044.0
P10CV28,BRG_028,3,1,55800.0
P10CV28,BRG_028,4,0,15096.0
P10CV28,BRG_029,0,1,43404.0
P10CV28,BRG_029,1,1,40464.0
P10CV28,BRG_029,2,1,37488.0
P10CV28,BRG_029,3,1,28548.0
P10CV28,BRG_029,4,0,17424.0
P10CV28,BRG_030,0,1,25140.0
P10CV28,BRG_030,1,1,61476.0
P10CV28,BRG_030,2,1,27780.0
P10CV28,BRG_030,3,1,52668.0
P10CV28,BRG_030,4,0,264.0
P10CV28,BRG_031,0,1,37380.0
P10CV28,BRG_031,1,1,33456.0
P10CV28,BRG_031,2,1,54192.0
P10CV28,BRG_031,3,0,42300.0
P10CV28,BRG_032,0,1,14616.0
P10CV28,BRG_032,1,1,56376.0
P10CV28,BRG_032,2,1,51204.0
P10CV28,BRG_032,3,1,44244.0
P10CV28,BRG_032,4,0,888.0
P10CV28,BRG_033,0,1,26556.0
P10CV28,BRG_033,1,1,47364.0
P10CV28,BRG_033,2,1,41940.0
P10CV28,BRG_033,3,0,51468.0
P10CV28,BRG_034,0,1,72036.0
P10CV28,BRG_034,1,1,29352.0
P10CV28,BRG_034,2,1,55644.0
P10CV28,BRG_034,3,0,10296.0
P10CV29,BRG_001,0,1,39336.0
P10CV29,BRG_001,1,1,31848.0
P10CV29,BRG_001,2,1,52488.0
P10CV29,BRG_001,3,1,40476.0
P10CV29,BRG_001,4,1,3324.0
P10CV29,BRG_001,5,0,360.0
P10CV29,BRG_002,0,1,17172.0
P10CV29,BRG_002,1,1,39924.0
P10CV29,BRG_002,2,1,61320.0
P10CV29,BRG_002,3,1,46656.0
P10CV29,BRG_002,4,0,2760.0
P10CV29,BRG_003,0,1,27936.0
P10CV29,BRG_003,1,1,48240.0
P10CV29,BRG_003,2,1,57960.0
P10CV29,BRG_003,3,0,33696.0
P10CV29,BRG_004,0,1,21696.0
P10CV29,BRG_004,1,1,20088.0
P10CV29,BRG_004,2,1,37392.0
P10CV29,BRG_004,3,1,30396.0
P10CV29,BRG_004,4,1,21012.0
P10CV29,BRG_004,5,0,37248.0
P10CV29,BRG_005,0,1,23940.0
P10CV29,BRG_005,1,1,48060.0
P10CV29,BRG_005,2,1,32616.0
P10CV29,BRG_005,3,1,30264.0
P10CV29,BRG_005,4,0,32952.0
P10CV29,BRG_006,0,1,39252.0
P10CV29,BRG_006,1,1,46044.0
P10CV29,BRG_006,2,1,74508.0
P10CV29,BRG_006,3,0,8028.0
P10CV29,BRG_007,0,1,39024.0
P10CV29,BRG_007,1,1,42768.0
P10CV29,BRG_007,2,1,4740.0
P10CV29,BRG_007,3,1,40176.0
P10CV29,BRG_007,4,1,31776.0
P10CV29,BRG_007,5,0,9348.0
P10CV29,BRG_008,0,1,58452.0
P10CV29,BRG_008,1,1,35556.0
P10CV29,BRG_008,2,1,53148.0
P10CV29,BRG_008,3,0,20676.0
P10CV29,BRG_009,0,1,47220.0
P10CV29,BRG_009,1,1,27288.0
P10CV29,BRG_009,2,1,40152.0
P10CV29,BRG_009,3,1,16680.0
P10CV29,BRG_009,4,0,36492.0
P10CV29,BRG_010,0,1,30948.0
P10CV29,BRG_010,1,1,46356.0
P10CV29,BRG_010,2,1,26604.0
P10CV29,BRG_010,3,1,22764.0
P10CV29,BRG_010,4,1,31620.0
P10CV29,BRG_010,5,0,9540.0
P10CV29,BRG_011,0,1,39492.0
P10CV29,BRG_011,1,1,38268.0
P10CV29,BRG_011,2,1,44844.0
P10CV29,BRG_011,3,1,28500.0
P10CV29,BRG_011,4,0,16728.0
P10CV29,BRG_012,0,1,50868.0
P10CV29,BRG_012,1,1,58548.0
P10CV29,BRG_012,2,1,53472.0
P10CV29,BRG_012,3,0,4944.0
P10CV29,BRG_013,0,1,47832.0
P10CV29,BRG_013,1,1,55320.0
P10CV29,BRG_013,2,1,44760.0
P10CV29,BRG_013,3,0,19920.0
P10CV29,BRG_014,0,1,19032.0
P10CV29,BRG_014,1,1,25356.0
P10CV29,BRG_014,2,1,37884.0
P10CV29,BRG_014,3,1,32256.0
P10CV29,BRG_014,4,1,35340.0
P10CV29,BRG_014,5,0,17964.0
P10CV29,BRG_015,0,1,31968.0
P10CV29,BRG_015,1,1,35964.0
P10CV29,BRG_015,2,1,54816.0
P10CV29,BRG_015,3,1,19788.0
P10CV29,BRG_015,4,0,25296.0
P10CV29,BRG_016,0,1,34332.0
P10CV29,BRG_016,1,1,44016.0
P10CV29,BRG_016,2,1,20040.0
P10CV29,BRG_016,3,1,60636.0
P10CV29,BRG_016,4,0,8808.0
P10CV29,BRG_017,0,1,38496.0
P10CV29,BRG_017,1,1,14304.0
P10CV29,BRG_017,2,1,27924.0
P10CV29,BRG_017,3,1,46020.0
P10CV29,BRG_017,4,1,32412.0
P10CV29,BRG_017,5,0,8676.0
P10CV29,BRG_018,0,1,17112.0
P10CV29,BRG_018,1,1,17400.0
P10CV29,BRG_018,2,1,50532.0
P10CV29,BRG_018,3,1,25380.0
P10CV29,BRG_018,4,1,31416.0
P10CV29,BRG_018,5,0,25992.0
P10CV29,BRG_019,0,1,20268.0
P10CV29,BRG_019,1,1,47028.0
P10CV29,BRG_019,2,1,34632.0
P10CV29,BRG_019,3,1,49860.0
P10CV29,BRG_019,4,0,16044.0
P10CV29,BRG_020,0,1,45600.0
P10CV29,BRG_020,1,1,41820.0
P10CV29,BRG_020,2,1,67464.0
P10CV29,BRG_020,3,0,12948.0
P10CV29,BRG_021,0,1,38796.0
P10CV29,BRG_021,1,1,62208.0
P10CV29,BRG_021,2,1,55740.0
P10CV29,BRG_021,3,0,11088.0
P10CV29,BRG_022,0,1,40128.0
P10CV29,BRG_022,1,1,48096.0
P10CV29,BRG_022,2,1,18516.0
P10CV29,BRG_022,3,1,31500.0
P10CV29,BRG_022,4,0,29592.0
P10CV29,BRG_023,0,1,40836.0
P10CV29,BRG_023,1,1,52920.0
P10CV29,BRG_023,2,1,37188.0
P10CV29,BRG_023,3,0,36888.0
P10CV29,BRG_024,0,1,27876.0
P10CV29,BRG_024,1,1,28440.0
P10CV29,BRG_024,2,1,42036.0
P10CV29,BRG_024,3,1,32268.0
P10CV29,BRG_024,4,1,29724.0
P10CV29,BRG_024,5,0,7488.0
P10CV29,BRG_025,0,1,37572.0
P10CV29,BRG_025,1,1,73980.0
P10CV29,BRG_025,2,0,56280.0
P10CV29,BRG_026,0,1,49140.0
P10CV29,BRG_026,1,1,32352.0
P10CV29,BRG_026,2,1,46572.0
P10CV29,BRG_026,3,0,39768.0
P10CV29,BRG_027,0,1,49860.0
P10CV29,BRG_027,1,1,72756.0
P10CV29,BRG_027,2,1,19548.0
P10CV29,BRG_027,3,0,25668.0
P10CV29,BRG_028,0,1,28476.0
P10CV29,BRG_028,1,1,23268.0
P10CV29,BRG_028,2,1,41652.0
P10CV29,BRG_028,3,1,65916.0
P10CV29,BRG_028,4,0,8520.0
P10CV29,BRG_029,0,1,33264.0
P10CV29,BRG_029,1,1,16488.0
P10CV29,BRG_029,2,1,45252.0
P10CV29,BRG_029,3,1,51624.0
P10CV29,BRG_029,4,0,21204.0
P10CV29,BRG_030,0,1,53688.0
P10CV29,BRG_030,1,1,19992.0
P10CV29,BRG_030,2,1,8220.0
P10CV29,BRG_030,3,1,33108.0
P10CV29,BRG_030,4,1,12900.0
P10CV29,BRG_030,5,0,39924.0
P10CV29,BRG_031,0,1,53964.0
P10CV29,BRG_031,1,1,22320.0
P10CV29,BRG_031,2,1,14928.0
P10CV29,BRG_031,3,1,23904.0
P10CV29,BRG_031,4,1,19776.0
P10CV29,BRG_031,5,1,23484.0
P10CV29,BRG_031,6,0,9456.0
P10CV29,BRG_032,0,1,53316.0
P10CV29,BRG_032,1,1,40356.0
P10CV29,BRG_032,2,1,20268.0
P10CV29,BRG_032,3,1,26784.0
P10CV29,BRG_032,4,0,27108.0
P10CV29,BRG_033,0,1,27552.0
P10CV29,BRG_033,1,1,43692.0
P10CV29,BRG_033,2,1,21492.0
P10CV29,BRG_033,3,1,37260.0
P10CV29,BRG_033,4,0,37836.0
P10CV29,BRG_034,0,1,13860.0
P10CV29,BRG_034,1,1,29832.0
P10CV29,BRG_034,2,1,53064.0
P10CV29,BRG_034,3,1,22392.0
P10CV29,BRG_034,4,1,27828.0
P10CV29,BRG_034,5,0,20856.0
P10CV30,BRG_001,0,1,53628.0
P10CV30,BRG_001,1,1,27288.0
P10CV30,BRG_001,2,1,23880.0
P10CV30,BRG_001,3,1,39996.0
P10CV30,BRG_001,4,1,10416.0
P10CV30,BRG_001,5,0,12588.0
P10CV30,BRG_002,0,1,49752.0
P10CV30,BRG_002,1,1,39732.0
P10CV30,BRG_002,2,1,22464.0
P10CV30,BRG_002,3,1,31872.0
P10CV30,BRG_002,4,0,23976.0
P10CV30,BRG_003,0,1,52464.0
P10CV30,BRG_003,1,1,25272.0
P10CV30,BRG_003,2,1,21432.0
P10CV30,BRG_003,3,1,36792.0
P10CV30,BRG_003,4,0,31836.0
P10CV30,BRG_004,0,1,48048.0
P10CV30,BRG_004,1,1,41400.0
P10CV30,BRG_004,2,1,21156.0
P10CV30,BRG_004,3,1,36420.0
P10CV30,BRG_004,4,0,20772.0
P10CV30,BRG_005,0,1,29184.0
P10CV30,BRG_005,1,1,12732.0
P10CV30,BRG_005,2,1,21900.0
P10CV30,BRG_005,3,1,41112.0
P10CV30,BRG_005,4,1,60204.0
P10CV30,BRG_005,5,0,2664.0
P10CV30,BRG_006,0,1,30900.0
P10CV30,BRG_006,1,1,47772.0
P10CV30,BRG_006,2,1,39444.0
P10CV30,BRG_006,3,0,49680.0
P10CV30,BRG_007,0,1,44460.0
P10CV30,BRG_007,1,1,39876.0
P10CV30,BRG_007,2,1,17868.0
P10CV30,BRG_007,3,1,26016.0
P10CV30,BRG_007,4,0,39576.0
P10CV30,BRG_008,0,1,53028.0
P10CV30,BRG_008,1,1,23340.0
P10CV30,BRG_008,2,1,10464.0
P10CV30,BRG_008,3,1,11748.0
P10CV30,BRG_008,4,1,56208.0
P10CV30,BRG_008,5,0,13008.0
P10CV30,BRG_009,0,1,57504.0
P10CV30,BRG_009,1,1,64752.0
P10CV30,BRG_009,2,0,45540.0
P10CV30,BRG_010,0,1,23616.0
P10CV30,BRG_010,1,1,44100.0
P10CV30,BRG_010,2,1,14112.0
P10CV30,BRG_010,3,1,37572.0
P10CV30,BRG_010,4,1,36756.0
P10CV30,BRG_010,5,0,11640.0
P10CV30,BRG_011,0,1,13332.0
P10CV30,BRG_011,1,1,22716.0
P10CV30,BRG_011,2,1,49452.0
P10CV30,BRG_011,3,1,40260.0
P10CV30,BRG_011,4,1,19116.0
P10CV30,BRG_011,5,0,22920.0
P10CV30,BRG_012,0,1,37860.0
P10CV30,BRG_012,1,1,48756.0
P10CV30,BRG_012,2,1,28452.0
P10CV30,BRG_012,3,1,42528.0
P10CV30,BRG_012,4,0,10200.0
P10CV30,BRG_013,0,1,48348.0
P10CV30,BRG_013,1,1,27000.0
P10CV30,BRG_013,2,1,25332.0
P10CV30,BRG_013,3,1,54840.0
P10CV30,BRG_013,4,0,12276.0
P10CV30,BRG_014,0,1,59364.0
P10CV30,BRG_014,1,1,46512.0
P10CV30,BRG_014,2,0,61920.0
P10CV30,BRG_015,0,1,34524.0
P10CV30,BRG_015,1,1,40548.0
P10CV30,BRG_015,2,1,47544.0
P10CV30,BRG_015,3,1,20760.0
P10CV30,BRG_015,4,1,13512.0
P10CV30,BRG_015,5,0,10908.0
P10CV30,BRG_016,0,1,55632.0
P10CV30,BRG_016,1,1,20796.0
P10CV30,BRG_016,2,1,34068.0
P10CV30,BRG_016,3,1,34284.0
P10CV30,BRG_016,4,0,23016.0
P10CV30,BRG_017,0,1,18216.0
P10CV30,BRG_017,1,1,55584.0
P10CV30,BRG_017,2,1,48444.0
P10CV30,BRG_017,3,0,45552.0
P10CV30,BRG_018,0,1,19224.0
P10CV30,BRG_018,1,1,26292.0
P10CV30,BRG_018,2,1,34140.0
P10CV30,BRG_018,3,1,45132.0
P10CV30,BRG_018,4,1,21744.0
P10CV30,BRG_018,5,0,21264.0
P10CV30,BRG_019,0,1,19044.0
P10CV30,BRG_019,1,1,48036.0
P10CV30,BRG_019,2,1,23784.0
P10CV30,BRG_019,3,1,44304.0
P10CV30,BRG_019,4,0,32628.0
P10CV30,BRG_020,0,1,61344.0
P10CV30,BRG_020,1,1,26676.0
P10CV30,BRG_020,2,1,57156.0
P10CV30,BRG_020,3,0,22620.0
P10CV30,BRG_021,0,1,41328.0
P10CV30,BRG_021,1,1,27768.0
P10CV30,BRG_021,2,1,47160.0
P10CV30,BRG_021,3,1,36936.0
P10CV30,BRG_021,4,0,14604.0
P10CV30,BRG_022,0,1,37248.0
P10CV30,BRG_022,1,1,15156.0
P10CV30,BRG_022,2,1,26856.0
P10CV30,BRG_022,3,1,35292.0
P10CV30,BRG_022,4,1,33924.0
P10CV30,BRG_022,5,0,19320.0
P10CV30,BRG_023,0,1,44928.0
P10CV30,BRG_023,1,1,56328.0
P10CV30,BRG_023,2,1,31692.0
P10CV30,BRG_023,3,0,34848.0
P10CV30,BRG_024,0,1,50856.0
P10CV30,BRG_024,1,1,39588.0
P10CV30,BRG_024,2,1,47196.0
P10CV30,BRG_024,3,1,23688.0
P10CV30,BRG_024,4,0,6468.0
P10CV30,BRG_025,0,1,30936.0
P10CV30,BRG_025,1,1,24900.0
P10CV30,BRG_025,2,1,55344.0
P10CV30,BRG_025,3,1,44136.0
P10CV30,BRG_025,4,0,12480.0
P10CV30,BRG_026,0,1,69756.0
P10CV30,BRG_026,1,1,27240.0
P10CV30,BRG_026,2,1,55584.0
P10CV30,BRG_026,3,0,15216.0
P10CV30,BRG_027,0,1,48876.0
P10CV30,BRG_027,1,1,53988.0
P10CV30,BRG_027,2,1,29400.0
P10CV30,BRG_027,3,1,23544.0
P10CV30,BRG_027,4,0,11988.0
P10CV30,BRG_028,0,1,48744.0
P10CV30,BRG_028,1,1,16824.0
P10CV30,BRG_028,2,1,35196.0
P10CV30,BRG_028,3,1,36648.0
P10CV30,BRG_028,4,1,18264.0
P10CV30,BRG_028,5,0,12120.0
P10CV30,BRG_029,0,1,29244.0
P10CV30,BRG_029,1,1,32352.0
P10CV30,BRG_029,2,1,34596.0
P10CV30,BRG_029,3,1,52296.0
P10CV30,BRG_029,4,0,19308.0
P10CV30,BRG_030,0,1,45720.0
P10CV30,BRG_030,1,1,65376.0
P10CV30,BRG_030,2,1,47940.0
P10CV30,BRG_030,3,0,8760.0
P10CV30,BRG_031,0,1,29904.0
P10CV30,BRG_031,1,1,34116.0
P10CV30,BRG_031,2,1,76512.0
P10CV30,BRG_031,3,0,27264.0
P10CV30,BRG_032,0,1,34032.0
P10CV30,BRG_032,1,1,39924.0
P10CV30,BRG_032,2,1,35316.0
P10CV30,BRG_032,3,0,58524.0
P10CV30,BRG_033,0,1,56532.0
P10CV30,BRG_033,1,1,30900.0
P10CV30,BRG_033,2,1,50484.0
P10CV30,BRG_033,3,1,25584.0
P10CV30,BRG_033,4,0,4296.0
P10CV30,BRG_034,0,1,60684.0
P10CV30,BRG_034,1,1,34608.0
P10CV30,BRG_034,2,1,29412.0
P10CV30,BRG_034,3,1,38952.0
P10CV30,BRG_034,4,0,4140.0
P10CV31,BRG_001,0,1,40044.0
P10CV31,BRG_001,1,1,21000.0
P10CV31,BRG_001,2,1,28608.0
P10CV31,BRG_001,3,1,42192.0
P10CV31,BRG_001,4,0,35772.0
P10CV31,BRG_002,0,1,20928.0
P10CV31,BRG_002,1,1,27276.0
P10CV31,BRG_002,2,1,50196.0
P10CV31,BRG_002,3,1,9108.0
P10CV31,BRG_002,4,1,19308.0
P10CV31,BRG_002,5,0,40800.0
P10CV31,BRG_003,0,1,35796.0
P10CV31,BRG_003,1,1,52728.0
P10CV31,BRG_003,2,1,44388.0
P10CV31,BRG_003,3,0,34704.0
P10CV31,BRG_004,0,1,36324.0
P10CV31,BRG_004,1,1,53172.0
P10CV31,BRG_004,2,1,22356.0
P10CV31,BRG_004,3,1,26940.0
P10CV31,BRG_004,4,0,28824.0
P10CV31,BRG_005,0,1,48168.0
P10CV31,BRG_005,1,1,38784.0
P10CV31,BRG_005,2,1,44016.0
P10CV31,BRG_005,3,1,23640.0
P10CV31,BRG_005,4,0,13008.0
P10CV31,BRG_006,0,1,46056.0
P10CV31,BRG_006,1,1,30264.0
P10CV31,BRG_006,2,1,50724.0
P10CV31,BRG_006,3,1,30672.0
P10CV31,BRG_006,4,0,9900.0
P10CV31,BRG_007,0,1,16392.0
P10CV31,BRG_007,1,1,16020.0
P10CV31,BRG_007,2,1,40056.0
P10CV31,BRG_007,3,1,26700.0
P10CV31,BRG_007,4,1,59952.0
P10CV31,BRG_007,5,0,8496.0
P10CV31,BRG_008,0,1,27420.0
P10CV31,BRG_008,1,1,5760.0
P10CV31,BRG_008,2,1,49416.0
P10CV31,BRG_008,3,1,36216.0
P10CV31,BRG_008,4,1,48372.0
P10CV31,BRG_008,5,0,432.0
P10CV31,BRG_009,0,1,23100.0
P10CV31,BRG_009,1,1,23880.0
P10CV31,BRG_009,2,1,47220.0
P10CV31,BRG_009,3,1,52500.0
P10CV31,BRG_009,4,0,20916.0
P10CV31,BRG_010,0,1,43512.0
P10CV31,BRG_010,1,1,17160.0
P10CV31,BRG_010,2,1,61644.0
P10CV31,BRG_010,3,1,39612.0
P10CV31,BRG_010,4,0,5688.0
P10CV31,BRG_011,0,1,29028.0
P10CV31,BRG_011,1,1,54912.0
P10CV31,BRG_011,2,1,65316.0
P10CV31,BRG_011,3,0,18360.0
P10CV31,BRG_012,0,1,32964.0
P10CV31,BRG_012,1,1,41964.0
P10CV31,BRG_012,2,1,68076.0
P10CV31,BRG_012,3,0,24612.0
P10CV31,BRG_013,0,1,37008.0
P10CV31,BRG_013,1,1,45168.0
P10CV31,BRG_013,2,1,65664.0
P10CV31,BRG_013,3,0,19776.0
P10CV31,BRG_014,0,1,39312.0
P10CV31,BRG_014,1,1,30336.0
P10CV31,BRG_014,2,1,36072.0
P10CV31,BRG_014,3,1,37560.0
P10CV31,BRG_014,4,0,24336.0
P10CV31,BRG_015,0,1,32496.0
P10CV31,BRG_015,1,1,18720.0
P10CV31,BRG_015,2,1,37032.0
P10CV31,BRG_015,3,1,31344.0
P10CV31,BRG_015,4,0,48024.0
P10CV31,BRG_016,0,1,67896.0
P10CV31,BRG_016,1,1,20076.0
P10CV31,BRG_016,2,1,17604.0
P10CV31,BRG_016,3,1,47436.0
P10CV31,BRG_016,4,0,14604.0
P10CV31,BRG_017,0,1,61656.0
P10CV31,BRG_017,1,1,40260.0
P10CV31,BRG_017,2,1,35796.0
P10CV31,BRG_017,3,0,29904.0
P10CV31,BRG_018,0,1,58740.0
P10CV31,BRG_018,1,1,21708.0
P10CV31,BRG_018,2,1,62016.0
P10CV31,BRG_018,3,0,25152.0
P10CV31,BRG_019,0,1,33900.0
P10CV31,BRG_019,1,1,52416.0
P10CV31,BRG_019,2,1,39588.0
P10CV31,BRG_019,3,1,33348.0
P10CV31,BRG_019,4,0,8364.0
P10CV31,BRG_020,0,1,40692.0
P10CV31,BRG_020,1,1,54516.0
P10CV31,BRG_020,2,1,28464.0
P10CV31,BRG_020,3,0,43944.0
P10CV31,BRG_021,0,1,26232.0
P10CV31,BRG_021,1,1,18588.0
P10CV31,BRG_021,2,1,59268.0
P10CV31,BRG_021,3,1,36780.0
P10CV31,BRG_021,4,0,26748.0
P10CV31,BRG_022,0,1,36288.0
P10CV31,BRG_022,1,1,61692.0
P10CV31,BRG_022,2,1,46464.0
P10CV31,BRG_022,3,1,9960.0
P10CV31,BRG_022,4,0,13212.0
P10CV31,BRG_023,0,1,40056.0
P10CV31,BRG_023,1,1,27264.0
P10CV31,BRG_023,2,1,45768.0
P10CV31,BRG_023,3,1,34572.0
P10CV31,BRG_023,4,0,19956.0
P10CV31,BRG_024,0,1,33144.0
P10CV31,BRG_024,1,1,48780.0
P10CV31,BRG_024,2,1,52728.0
P10CV31,BRG_024,3,0,32964.0
P10CV31,BRG_025,0,1,28104.0
P10CV31,BRG_025,1,1,50928.0
P10CV31,BRG_025,2,1,41148.0
P10CV31,BRG_025,3,1,17784.0
P10CV31,BRG_025,4,0,29652.0
P10CV31,BRG_026,0,1,57672.0
P10CV31,BRG_026,1,1,43056.0
P10CV31,BRG_026,2,1,35304.0
P10CV31,BRG_026,3,1,26964.0
P10CV31,BRG_026,4,0,4620.0
P10CV31,BRG_027,0,1,25104.0
P10CV31,BRG_027,1,1,41700.0
P10CV31,BRG_027,2,1,44604.0
P10CV31,BRG_027,3,1,52452.0
P10CV31,BRG_027,4,0,3756.0
P10CV31,BRG_028,0,1,34296.0
P10CV31,BRG_028,1,1,69924.0
P10CV31,BRG_028,2,1,44088.0
P10CV31,BRG_028,3,0,19308.0
P10CV31,BRG_029,0,1,46188.0
P10CV31,BRG_029,1,1,28080.0
P10CV31,BRG_029,2,1,41424.0
P10CV31,BRG_029,3,1,40056.0
P10CV31,BRG_029,4,0,11868.0
P10CV31,BRG_030,0,1,31224.0
P10CV31,BRG_030,1,1,22380.0
P10CV31,BRG_030,2,1,26496.0
P10CV31,BRG_030,3,1,28908.0
P10CV31,BRG_030,4,0,58608.0
P10CV31,BRG_031,0,1,27912.0
P10CV31,BRG_031,1,1,10164.0
P10CV31,BRG_031,2,1,31488.0
P10CV31,BRG_031,3,1,36072.0
P10CV31,BRG_031,4,1,55452.0
P10CV31,BRG_031,5,0,6528.0
P10CV31,BRG_032,0,1,20772.0
P10CV31,BRG_032,1,1,30552.0
P10CV31,BRG_032,2,1,32676.0
P10CV31,BRG_032,3,1,42084.0
P10CV31,BRG_032,4,0,41532.0
P10CV31,BRG_033,0,1,68028.0
P10CV31,BRG_033,1,1,27312.0
P10CV31,BRG_033,2,1,26700.0
P10CV31,BRG_033,3,1,11772.0
P10CV31,BRG_033,4,0,33804.0
P10CV31,BRG_034,0,1,21588.0
P10CV31,BRG_034,1,1,52524.0
P10CV31,BRG_034,2,1,48600.0
P10CV31,BRG_034,3,0,44904.0
P10CV32,BRG_001,0,1,56352.0
P10CV32,BRG_001,1,1,42060.0
P10CV32,BRG_001,2,1,50148.0
P10CV32,BRG_001,3,1,10680.0
P10CV32,BRG_001,4,0,8628.0
P10CV32,BRG_002,0,1,41928.0
P10CV32,BRG_002,1,1,29976.0
P10CV32,BRG_002,2,1,35172.0
P10CV32,BRG_002,3,1,22020.0
P10CV32,BRG_002,4,1,34452.0
P10CV32,BRG_002,5,0,4320.0
P10CV32,BRG_003,0,1,63384.0
P10CV32,BRG_003,1,1,41700.0
P10CV32,BRG_003,2,1,31560.0
P10CV32,BRG_003,3,1,25272.0
P10CV32,BRG_003,4,0,5952.0
P10CV32,BRG_004,0,1,29268.0
P10CV32,BRG_004,1,1,15864.0
P10CV32,BRG_004,2,1,16632.0
P10CV32,BRG_004,3,1,56568.0
P10CV32,BRG_004,4,1,33876.0
P10CV32,BRG_004,5,0,15660.0
P10CV32,BRG_005,0,1,44004.0
P10CV32,BRG_005,1,1,51444.0
P10CV32,BRG_005,2,1,49500.0
P10CV32,BRG_005,3,0,22920.0
P10CV32,BRG_006,0,1,30648.0
P10CV32,BRG_006,1,1,59304.0
P10CV32,BRG_006,2,1,42852.0
P10CV32,BRG_006,3,1,32292.0
P10CV32,BRG_006,4,0,2772.0
P10CV32,BRG_007,0,1,47016.0
P10CV32,BRG_007,1,1,37344.0
P10CV32,BRG_007,2,1,8724.0
P10CV32,BRG_007,3,1,45432.0
P10CV32,BRG_007,4,0,29352.0
P10CV32,BRG_008,0,1,41856.0
P10CV32,BRG_008,1,1,56136.0
P10CV32,BRG_008,2,1,38364.0
P10CV32,BRG_008,3,0,31512.0
P10CV32,BRG_009,0,1,44760.0
P10CV32,BRG_009,1,1,38124.0
P10CV32,BRG_009,2,1,58752.0
P10CV32,BRG_009,3,0,26232.0
P10CV32,BRG_010,0,1,28920.0
P10CV32,BRG_010,1,1,26892.0
P10CV32,BRG_010,2,1,45924.0
P10CV32,BRG_010,3,1,46896.0
P10CV32,BRG_010,4,0,19236.0
P10CV32,BRG_011,0,1,18720.0
P10CV32,BRG_011,1,1,55260.0
P10CV32,BRG_011,2,1,20160.0
P10CV32,BRG_011,3,1,44856.0
P10CV32,BRG_011,4,1,28332.0
P10CV32,BRG_011,5,0,540.0
P10CV32,BRG_012,0,1,36564.0
P10CV32,BRG_012,1,1,16308.0
P10CV32,BRG_012,2,1,31092.0
P10CV32,BRG_012,3,1,27924.0
P10CV32,BRG_012,4,1,41088.0
P10CV32,BRG_012,5,0,14892.0
P10CV32,BRG_013,0,1,43236.0
P10CV32,BRG_013,1,1,44796.0
P10CV32,BRG_013,2,1,19596.0
P10CV32,BRG_013,3,0,60240.0
P10CV32,BRG_014,0,1,31248.0
P10CV32,BRG_014,1,1,62712.0
P10CV32,BRG_014,2,1,59364.0
P10CV32,BRG_014,3,0,14544.0
P10CV32,BRG_015,0,1,24348.0
P10CV32,BRG_015,1,1,53784.0
P10CV32,BRG_015,2,1,48972.0
P10CV32,BRG_015,3,0,40764.0
P10CV32,BRG_016,0,1,42324.0
P10CV32,BRG_016,1,1,35676.0
P10CV32,BRG_016,2,1,12756.0
P10CV32,BRG_016,3,1,40944.0
P10CV32,BRG_016,4,1,33528.0
P10CV32,BRG_016,5,0,2640.0
P10CV32,BRG_017,0,1,43656.0
P10CV32,BRG_017,1,1,42060.0
P10CV32,BRG_017,2,1,47652.0
P10CV32,BRG_017,3,1,34068.0
P10CV32,BRG_017,4,0,432.0
P10CV32,BRG_018,0,1,42960.0
P10CV32,BRG_018,1,1,46188.0
P10CV32,BRG_018,2,1,13848.0
P10CV32,BRG_018,3,1,23064.0
P10CV32,BRG_018,4,0,41808.0
P10CV32,BRG_019,0,1,21060.0
P10CV32,BRG_019,1,1,43608.0
P10CV32,BRG_019,2,1,38772.0
P10CV32,BRG_019,3,1,31632.0
P10CV32,BRG_019,4,0,32796.0
P10CV32,BRG_020,0,1,30828.0
P10CV32,BRG_020,1,1,43356.0
P10CV32,BRG_020,2,1,68112.0
P10CV32,BRG_020,3,0,25572.0
P10CV32,BRG_021,0,1,67176.0
P10CV32,BRG_021,1,1,37944.0
P10CV32,BRG_021,2,1,43860.0
P10CV32,BRG_021,3,0,18888.0
P10CV32,BRG_022,0,1,67188.0
P10CV32,BRG_022,1,1,25692.0
P10CV32,BRG_022,2,1,42732.0
P10CV32,BRG_022,3,1,28368.0
P10CV32,BRG_022,4,0,3888.0
P10CV32,BRG_023,0,1,50844.0
P10CV32,BRG_023,1,1,66924.0
P10CV32,BRG_023,2,1,12600.0
P10CV32,BRG_023,3,1,18228.0
P10CV32,BRG_023,4,0,19272.0
P10CV32,BRG_024,0,1,14724.0
P10CV32,BRG_024,1,1,63948.0
P10CV32,BRG_024,2,1,62568.0
P10CV32,BRG_024,3,0,26628.0
P10CV32,BRG_025,0,1,39696.0
P10CV32,BRG_025,1,1,48840.0
P10CV32,BRG_025,2,1,47904.0
P10CV32,BRG_025,3,0,31428.0
P10CV32,BRG_026,0,1,17328.0
P10CV32,BRG_026,1,1,36096.0
P10CV32,BRG_026,2,1,32784.0
P10CV32,BRG_026,3,1,33756.0
P10CV32,BRG_026,4,0,47904.0
P10CV32,BRG_027,0,1,66384.0
P10CV32,BRG_027,1,1,28848.0
P10CV32,BRG_027,2,1,54096.0
P10CV32,BRG_027,3,0,18540.0
P10CV32,BRG_028,0,1,25224.0
P10CV32,BRG_028,1,1,59388.0
P10CV32,BRG_028,2,1,37452.0
P10CV32,BRG_028,3,1,30324.0
P10CV32,BRG_028,4,0,15480.0
P10CV32,BRG_029,0,1,53052.0
P10CV32,BRG_029,1,1,42288.0
P10CV32,BRG_029,2,1,56460.0
P10CV32,BRG_029,3,0,16068.0
P10CV32,BRG_030,0,1,41892.0
P10CV32,BRG_030,1,1,46536.0
P10CV32,BRG_030,2,1,50532.0
P10CV32,BRG_030,3,0,28908.0
P10CV32,BRG_031,0,1,11172.0
P10CV32,BRG_031,1,1,49596.0
P10CV32,BRG_031,2,1,55740.0
P10CV32,BRG_031,3,1,45804.0
P10CV32,BRG_031,4,0,5556.0
P10CV32,BRG_032,0,1,60024.0
P10CV32,BRG_032,1,1,69804.0
P10CV32,BRG_032,2,1,36636.0
P10CV32,BRG_032,3,0,1404.0
P10CV32,BRG_033,0,1,27612.0
P10CV32,BRG_033,1,1,57348.0
P10CV32,BRG_033,2,1,51168.0
P10CV32,BRG_033,3,0,31740.0
P10CV32,BRG_034,0,1,24000.0
P10CV32,BRG_034,1,1,35064.0
P10CV32,BRG_034,2,1,37476.0
P10CV32,BRG_034,3,1,32208.0
P10CV32,BRG_034,4,1,36708.0
P10CV32,BRG_034,5,0,2412.0
P10CV33,BRG_001,0,1,19044.0
P10CV33,BRG_001,1,1,37212.0
P10CV33,BRG_001,2,1,42012.0
P10CV33,BRG_001,3,1,25368.0
P10CV33,BRG_001,4,1,10260.0
P10CV33,BRG_001,5,0,33684.0
P10CV33,BRG_002,0,1,37884.0
P10CV33,BRG_002,1,1,24168.0
P10CV33,BRG_002,2,1,56964.0
P10CV33,BRG_002,3,1,28320.0
P10CV33,BRG_002,4,0,20244.0
P10CV33,BRG_003,0,1,51660.0
P10CV33,BRG_003,1,1,25164.0
P10CV33,BRG_003,2,1,51852.0
P10CV33,BRG_003,3,0,38904.0
P10CV33,BRG_004,0,1,8688.0
P10CV33,BRG_004,1,1,26880.0
P10CV33,BRG_004,2,1,37500.0
P10CV33,BRG_004,3,1,36072.0
P10CV33,BRG_004,4,1,34260.0
P10CV33,BRG_004,5,1,21924.0
P10CV33,BRG_004,6,0,2256.0
P10CV33,BRG_005,0,1,51036.0
P10CV33,BRG_005,1,1,52116.0
P10CV33,BRG_005,2,1,54312.0
P10CV33,BRG_005,3,0,10116.0
P10CV33,BRG_006,0,1,21204.0
P10CV33,BRG_006,1,1,39588.0
P10CV33,BRG_006,2,1,30228.0
P10CV33,BRG_006,3,1,46956.0
P10CV33,BRG_006,4,0,29604.0
P10CV33,BRG_007,0,1,32868.0
P10CV33,BRG_007,1,1,72768.0
P10CV33,BRG_007,2,1,44544.0
P10CV33,BRG_007,3,0,17400.0
P10CV33,BRG_008,0,1,34740.0
P10CV33,BRG_008,1,1,18012.0
P10CV33,BRG_008,2,1,51336.0
P10CV33,BRG_008,3,1,40008.0
P10CV33,BRG_008,4,0,23484.0
P10CV33,BRG_009,0,1,40212.0
P10CV33,BRG_009,1,1,22164.0
P10CV33,BRG_009,2,1,47820.0
P10CV33,BRG_009,3,0,57384.0
P10CV33,BRG_010,0,1,57612.0
P10CV33,BRG_010,1,1,31644.0
P10CV33,BRG_010,2,1,62784.0
P10CV33,BRG_010,3,0,15540.0
P10CV33,BRG_011,0,1,56916.0
P10CV33,BRG_011,1,1,38088.0
P10CV33,BRG_011,2,1,48408.0
P10CV33,BRG_011,3,0,24168.0
P10CV33,BRG_012,0,1,24900.0
P10CV33,BRG_012,1,1,32508.0
P10CV33,BRG_012,2,1,21264.0
P10CV33,BRG_012,3,1,39276.0
P10CV33,BRG_012,4,1,37176.0
P10CV33,BRG_012,5,0,12456.0
P10CV33,BRG_013,0,1,58056.0
P10CV33,BRG_013,1,1,19248.0
P10CV33,BRG_013,2,1,35496.0
P10CV33,BRG_013,3,1,32460.0
P10CV33,BRG_013,4,1,17064.0
P10CV33,BRG_013,5,0,5256.0
P10CV33,BRG_014,0,1,37476.0
P10CV33,BRG_014,1,1,34632.0
P10CV33,BRG_014,2,1,61320.0
P10CV33,BRG_014,3,0,34152.0
P10CV33,BRG_015,0,1,50424.0
P10CV33,BRG_015,1,1,48480.0
P10CV33,BRG_015,2,1,35028.0
P10CV33,BRG_015,3,1,25668.0
P10CV33,BRG_015,4,0,7980.0
P10CV33,BRG_016,0,1,42624.0
P10CV33,BRG_016,1,1,39552.0
P10CV33,BRG_016,2,1,56688.0
P10CV33,BRG_016,3,0,28716.0
P10CV33,BRG_017,0,1,49296.0
P10CV33,BRG_017,1,1,54060.0
P10CV33,BRG_017,2,1,47076.0
P10CV33,BRG_017,3,0,17148.0
P10CV33,BRG_018,0,1,54192.0
P10CV33,BRG_018,1,1,59196.0
P10CV33,BRG_018,2,1,20580.0
P10CV33,BRG_018,3,1,20532.0
P10CV33,BRG_018,4,0,13080.0
P10CV33,BRG_019,0,1,8484.0
P10CV33,BRG_019,1,1,29268.0
P10CV33,BRG_019,2,1,29832.0
P10CV33,BRG_019,3,1,35088.0
P10CV33,BRG_019,4,1,51960.0
P10CV33,BRG_019,5,0,12948.0
P10CV33,BRG_020,0,1,42540.0
P10CV33,BRG_020,1,1,51876.0
P10CV33,BRG_020,2,1,29256.0
P10CV33,BRG_020,3,1,42024.0
P10CV33,BRG_020,4,0,1884.0
P10CV33,BRG_021,0,1,31728.0
P10CV33,BRG_021,1,1,30216.0
P10CV33,BRG_021,2,1,39252.0
P10CV33,BRG_021,3,1,32976.0
P10CV33,BRG_021,4,0,33408.0
P10CV33,BRG_022,0,1,26976.0
P10CV33,BRG_022,1,1,54288.0
P10CV33,BRG_022,2,1,29352.0
P10CV33,BRG_022,3,1,19452.0
P10CV33,BRG_022,4,0,37512.0
P10CV33,BRG_023,0,1,30924.0
P10CV33,BRG_023,1,1,17136.0
P10CV33,BRG_023,2,1,28992.0
P10CV33,BRG_023,3,1,21624.0
P10CV33,BRG_023,4,1,47124.0
P10CV33,BRG_023,5,1,16560.0
P10CV33,BRG_023,6,0,5220.0
P10CV33,BRG_024,0,1,15120.0
P10CV33,BRG_024,1,1,24384.0
P10CV33,BRG_024,2,1,45192.0
P10CV33,BRG_024,3,1,36948.0
P10CV33,BRG_024,4,0,45936.0
P10CV33,BRG_025,0,1,46788.0
P10CV33,BRG_025,1,1,46860.0
P10CV33,BRG_025,2,1,26652.0
P10CV33,BRG_025,3,1,37152.0
P10CV33,BRG_025,4,0,10128.0
P10CV33,BRG_026,0,1,42264.0
P10CV33,BRG_026,1,1,36012.0
P10CV33,BRG_026,2,1,43404.0
P10CV33,BRG_026,3,1,41436.0
P10CV33,BRG_026,4,0,4464.0
P10CV33,BRG_027,0,1,35964.0
P10CV33,BRG_027,1,1,45240.0
P10CV33,BRG_027,2,1,47940.0
P10CV33,BRG_027,3,0,38436.0
P10CV33,BRG_028,0,1,44040.0
P10CV33,BRG_028,1,1,9084.0
P10CV33,BRG_028,2,1,58752.0
P10CV33,BRG_028,3,1,47208.0
P10CV33,BRG_028,4,0,8496.0
P10CV33,BRG_029,0,1,48000.0
P10CV33,BRG_029,1,1,36768.0
P10CV33,BRG_029,2,1,43872.0
P10CV33,BRG_029,3,1,34344.0
P10CV33,BRG_029,4,0,4596.0
P10CV33,BRG_030,0,1,24408.0
P10CV33,BRG_030,1,1,19524.0
P10CV33,BRG_030,2,1,55560.0
P10CV33,BRG_030,3,1,62928.0
P10CV33,BRG_030,4,0,5160.0
P10CV33,BRG_031,0,1,38136.0
P10CV33,BRG_031,1,1,46572.0
P10CV33,BRG_031,2,1,36084.0
P10CV33,BRG_031,3,0,46788.0
P10CV33,BRG_032,0,1,1392.0
P10CV33,BRG_032,1,1,37068.0
P10CV33,BRG_032,2,1,34092.0
P10CV33,BRG_032,3,1,35148.0
P10CV33,BRG_032,4,1,38256.0
P10CV33,BRG_032,5,0,21624.0
P10CV33,BRG_033,0,1,36840.0
P10CV33,BRG_033,1,1,28392.0
P10CV33,BRG_033,2,1,29148.0
P10CV33,BRG_033,3,1,23604.0
P10CV33,BRG_033,4,1,31404.0
P10CV33,BRG_033,5,0,18192.0
P10CV33,BRG_034,0,1,20568.0
P10CV33,BRG_034,1,1,44220.0
P10CV33,BRG_034,2,1,59016.0
P10CV33,BRG_034,3,0,43776.0
P12CV01,BRG_001,0,1,22128.0
P12CV01,BRG_001,1,1,52776.0
P12CV01,BRG_001,2,1,43680.0
P12CV01,BRG_001,3,1,35256.0
P12CV01,BRG_001,4,0,13020.0
P12CV01,BRG_002,0,1,31692.0
P12CV01,BRG_002,1,1,34596.0
P12CV01,BRG_002,2,1,27960.0
P12CV01,BRG_002,3,0,72612.0
P12CV01,BRG_003,0,1,45732.0
P12CV01,BRG_003,1,1,57588.0
P12CV01,BRG_003,2,0,63540.0
P12CV01,BRG_004,0,1,61104.0
P12CV01,BRG_004,1,1,61104.0
P12CV01,BRG_004,2,0,44652.0
P12CV01,BRG_005,0,1,47976.0
P12CV01,BRG_005,1,1,50448.0
P12CV01,BRG_005,2,1,9828.0
P12CV01,BRG_005,3,1,42912.0
P12CV01,BRG_005,4,0,15696.0
P12CV01,BRG_006,0,1,42252.0
P12CV01,BRG_006,1,1,21000.0
P12CV01,BRG_006,2,1,36936.0
P12CV01,BRG_006,3,1,45960.0
P12CV01,BRG_006,4,0,20712.0
P12CV01,BRG_007,0,1,61404.0
P12CV01,BRG_007,1,1,43260.0
P12CV01,BRG_007,2,1,29628.0
P12CV01,BRG_007,3,0,32568.0
P12CV01,BRG_008,0,1,45192.0
P12CV01,BRG_008,1,1,48492.0
P12CV01,BRG_008,2,1,50184.0
P12CV01,BRG_008,3,0,22992.0
P12CV01,BRG_009,0,1,29196.0
P12CV01,BRG_009,1,1,46776.0
P12CV01,BRG_009,2,1,31248.0
P12CV01,BRG_009,3,1,44556.0
P12CV01,BRG_009,4,0,15084.0
P12CV01,BRG_010,0,1,66984.0
P12CV01,BRG_010,1,1,32940.0
P12CV01,BRG_010,2,1,46500.0
P12CV01,BRG_010,3,0,20436.0
P12CV01,BRG_011,0,1,33888.0
P12CV01,BRG_011,1,1,46980.0
P12CV01,BRG_011,2,1,39444.0
P12CV01,BRG_011,3,1,24816.0
P12CV01,BRG_011,4,0,21732.0
P12CV01,BRG_012,0,1,29160.0
P12CV01,BRG_012,1,1,44748.0
P12CV01,BRG_012,2,1,45048.0
P12CV01,BRG_012,3,1,44808.0
P12CV01,BRG_012,4,0,3096.0
P12CV01,BRG_013,0,1,41016.0
P12CV01,BRG_013,1,1,7836.0
P12CV01,BRG_013,2,1,37308.0
P12CV01,BRG_013,3,1,48696.0
P12CV01,BRG_013,4,1,26988.0
P12CV01,BRG_013,5,0,5016.0
P12CV01,BRG_014,0,1,57084.0
P12CV01,BRG_014,1,1,22800.0
P12CV01,BRG_014,2,1,60288.0
P12CV01,BRG_014,3,0,26688.0
P12CV01,BRG_015,0,1,51684.0
P12CV01,BRG_015,1,1,46704.0
P12CV01,BRG_015,2,1,65556.0
P12CV01,BRG_015,3,0,2916.0
P12CV01,BRG_016,0,1,31536.0
P12CV01,BRG_016,1,1,46644.0
P12CV01,BRG_016,2,1,31716.0
P12CV01,BRG_016,3,1,19704.0
P12CV01,BRG_016,4,0,37260.0
P12CV01,BRG_017,0,1,63144.0
P12CV01,BRG_017,1,1,51492.0
P12CV01,BRG_017,2,0,52224.0
P12CV01,BRG_018,0,1,33012.0
P12CV01,BRG_018,1,1,70320.0
P12CV01,BRG_018,2,1,41352.0
P12CV01,BRG_018,3,0,22176.0
P12CV01,BRG_019,0,1,81864.0
P12CV01,BRG_019,1,1,50160.0
P12CV01,BRG_019,2,0,34836.0
P12CV01,BRG_020,0,1,68436.0
P12CV01,BRG_020,1,1,40524.0
P12CV01,BRG_020,2,1,39060.0
P12CV01,BRG_020,3,0,18840.0
P12CV01,BRG_021,0,1,30780.0
P12CV01,BRG_021,1,1,35688.0
P12CV01,BRG_021,2,1,86592.0
P12CV01,BRG_021,3,0,13800.0
P12CV01,BRG_022,0,1,45180.0
P12CV01,BRG_022,1,1,19740.0
P12CV01,BRG_022,2,1,59460.0
P12CV01,BRG_022,3,1,36540.0
P12CV01,BRG_022,4,0,5940.0
P12CV01,BRG_023,0,1,21900.0
P12CV01,BRG_023,1,1,25092.0
P12CV01,BRG_023,2,1,23136.0
P12CV01,BRG_023,3,1,39924.0
P12CV01,BRG_023,4,1,18156.0
P12CV01,BRG_023,5,0,38652.0
P12CV01,BRG_024,0,1,39816.0
P12CV01,BRG_024,1,1,30564.0
P12CV01,BRG_024,2,1,28788.0
P12CV01,BRG_024,3,1,35556.0
P12CV01,BRG_024,4,0,32136.0
P12CV01,BRG_025,0,1,55920.0
P12CV01,BRG_025,1,1,39900.0
P12CV01,BRG_025,2,1,65616.0
P12CV01,BRG_025,3,0,5424.0
P12CV01,BRG_026,0,1,49056.0
P12CV01,BRG_026,1,1,26076.0
P12CV01,BRG_026,2,1,33084.0
P12CV01,BRG_026,3,1,58404.0
P12CV01,BRG_026,4,0,240.0
P12CV01,BRG_027,0,1,76032.0
P12CV01,BRG_027,1,1,39384.0
P12CV01,BRG_027,2,0,51444.0
P12CV01,BRG_028,0,1,62460.0
P12CV01,BRG_028,1,1,16140.0
P12CV01,BRG_028,2,1,55440.0
P12CV01,BRG_028,3,0,32820.0
P12CV01,BRG_029,0,1,40500.0
P12CV01,BRG_029,1,1,36084.0
P12CV01,BRG_029,2,1,31056.0
P12CV01,BRG_029,3,1,40848.0
P12CV01,BRG_029,4,0,18372.0
P12CV01,BRG_030,0,1,44304.0
P12CV01,BRG_030,1,1,40044.0
P12CV01,BRG_030,2,1,35904.0
P12CV01,BRG_030,3,1,38376.0
P12CV01,BRG_030,4,0,8232.0
P12CV01,BRG_031,0,1,28212.0
P12CV01,BRG_031,1,1,31572.0
P12CV01,BRG_031,2,1,35400.0
P12CV01,BRG_031,3,1,40524.0
P12CV01,BRG_031,4,0,31152.0
P12CV01,BRG_032,0,1,34704.0
P12CV01,BRG_032,1,1,40968.0
P12CV01,BRG_032,2,1,54576.0
P12CV01,BRG_032,3,1,31344.0
P12CV01,BRG_032,4,0,5268.0
P12CV01,BRG_033,0,1,56568.0
P12CV01,BRG_033,1,1,39216.0
P12CV01,BRG_033,2,1,43992.0
P12CV01,BRG_033,3,0,27084.0
P12CV01,BRG_034,0,1,37536.0
P12CV01,BRG_034,1,1,43296.0
P12CV01,BRG_034,2,1,43584.0
P12CV01,BRG_034,3,0,42444.0
P12CV01,BRG_035,0,1,38292.0
P12CV01,BRG_035,1,1,21528.0
P12CV01,BRG_035,2,1,47340.0
P12CV01,BRG_035,3,1,37200.0
P12CV01,BRG_035,4,0,22500.0
P12CV01,BRG_036,0,1,61644.0
P12CV01,BRG_036,1,1,49308.0
P12CV01,BRG_036,2,0,55908.0
P12CV01,BRG_037,0,1,19656.0
P12CV01,BRG_037,1,1,41928.0
P12CV01,BRG_037,2,1,59556.0
P12CV01,BRG_037,3,0,45720.0
P12CV01,BRG_038,0,1,64596.0
P12CV01,BRG_038,1,1,40992.0
P12CV01,BRG_038,2,1,51612.0
P12CV01,BRG_038,3,0,9660.0
P12CV01,BRG_039,0,1,41160.0
P12CV01,BRG_039,1,1,71904.0
P12CV01,BRG_039,2,1,37032.0
P12CV01,BRG_039,3,0,16764.0
P12CV01,BRG_040,0,1,18876.0
P12CV01,BRG_040,1,1,42780.0
P12CV01,BRG_040,2,1,51228.0
P12CV01,BRG_040,3,1,51924.0
P12CV01,BRG_040,4,0,2052.0
P12CV01,BRG_041,0,1,32688.0
P12CV01,BRG_041,1,1,34500.0
P12CV01,BRG_041,2,1,42120.0
P12CV01,BRG_041,3,1,43932.0
P12CV01,BRG_041,4,0,13620.0
P12CV01,BRG_042,0,1,41148.0
P12CV01,BRG_042,1,1,31788.0
P12CV01,BRG_042,2,1,34788.0
P12CV01,BRG_042,3,1,11580.0
P12CV01,BRG_042,4,0,47556.0
P12CV01,BRG_043,0,1,35892.0
P12CV01,BRG_043,1,1,67644.0
P12CV01,BRG_043,2,1,37812.0
P12CV01,BRG_043,3,0,25512.0
P12CV01,BRG_044,0,1,50208.0
P12CV01,BRG_044,1,1,28788.0
P12CV01,BRG_044,2,1,54384.0
P12CV01,BRG_044,3,0,33480.0
P12CV01,BRG_045,0,1,47124.0
P12CV01,BRG_045,1,1,79008.0
P12CV01,BRG_045,2,0,40728.0
P12CV01,BRG_046,0,1,42312.0
P12CV01,BRG_046,1,1,24984.0
P12CV01,BRG_046,2,1,36420.0
P12CV01,BRG_046,3,1,22344.0
P12CV01,BRG_046,4,1,38160.0
P12CV01,BRG_046,5,0,2640.0
P12CV02,BRG_001,0,1,53856.0
P12CV02,BRG_001,1,1,5856.0
P12CV02,BRG_001,2,1,85908.0
P12CV02,BRG_001,3,0,21312.0
P12CV02,BRG_002,0,1,73428.0
P12CV02,BRG_002,1,1,48840.0
P12CV02,BRG_002,2,1,16320.0
P12CV02,BRG_002,3,1,21564.0
P12CV02,BRG_002,4,0,6780.0
P12CV02,BRG_003,0,1,35904.0
P12CV02,BRG_003,1,1,27744.0
P12CV02,BRG_003,2,1,41580.0
P12CV02,BRG_003,3,1,33300.0
P12CV02,BRG_003,4,0,28404.0
P12CV02,BRG_004,0,1,48960.0
P12CV02,BRG_004,1,1,51024.0
P12CV02,BRG_004,2,1,39720.0
P12CV02,BRG_004,3,0,27228.0
P12CV02,BRG_005,0,1,60216.0
P12CV02,BRG_005,1,1,38136.0
P12CV02,BRG_005,2,1,39360.0
P12CV02,BRG_005,3,0,29220.0
P12CV02,BRG_006,0,1,43716.0
P12CV02,BRG_006,1,1,38100.0
P12CV02,BRG_006,2,1,45108.0
P12CV02,BRG_006,3,0,40008.0
P12CV02,BRG_007,0,1,35700.0
P12CV02,BRG_007,1,1,64200.0
P12CV02,BRG_007,2,1,24000.0
P12CV02,BRG_007,3,0,43032.0
P12CV02,BRG_008,0,1,40776.0
P12CV02,BRG_008,1,1,64656.0
P12CV02,BRG_008,2,1,46860.0
P12CV02,BRG_008,3,0,14640.0
P12CV02,BRG_009,0,1,4284.0
P12CV02,BRG_009,1,1,50448.0
P12CV02,BRG_009,2,1,28512.0
P12CV02,BRG_009,3,1,69552.0
P12CV02,BRG_009,4,0,14136.0
P12CV02,BRG_010,0,1,31008.0
P12CV02,BRG_010,1,1,54828.0
P12CV02,BRG_010,2,1,27936.0
P12CV02,BRG_010,3,1,49980.0
P12CV02,BRG_010,4,0,3180.0
P12CV02,BRG_011,0,1,49920.0
P12CV02,BRG_011,1,1,45156.0
P12CV02,BRG_011,2,1,41088.0
P12CV02,BRG_011,3,0,30768.0
P12CV02,BRG_012,0,1,57636.0
P12CV02,BRG_012,1,1,80328.0
P12CV02,BRG_012,2,1,14268.0
P12CV02,BRG_012,3,0,14700.0
P12CV02,BRG_013,0,1,31620.0
P12CV02,BRG_013,1,1,74340.0
P12CV02,BRG_013,2,1,49584.0
P12CV02,BRG_013,3,0,11388.0
P12CV02,BRG_014,0,1,27336.0
P12CV02,BRG_014,1,1,47616.0
P12CV02,BRG_014,2,1,51912.0
P12CV02,BRG_014,3,1,39072.0
P12CV02,BRG_014,4,0,996.0
P12CV02,BRG_015,0,1,34092.0
P12CV02,BRG_015,1,1,36096.0
P12CV02,BRG_015,2,1,18492.0
P12CV02,BRG_015,3,1,42408.0
P12CV02,BRG_015,4,1,27888.0
P12CV02,BRG_015,5,0,7956.0
P12CV02,BRG_016,0,1,42312.0
P12CV02,BRG_016,1,1,47628.0
P12CV02,BRG_016,2,1,47004.0
P12CV02,BRG_016,3,0,29988.0
P12CV02,BRG_017,0,1,37200.0
P12CV02,BRG_017,1,1,68652.0
P12CV02,BRG_017,2,1,52464.0
P12CV02,BRG_017,3,0,8616.0
P12CV02,BRG_018,0,1,20376.0
P12CV02,BRG_018,1,1,39516.0
P12CV02,BRG_018,2,1,29580.0
P12CV02,BRG_018,3,1,28236.0
P12CV02,BRG_018,4,0,49224.0
P12CV02,BRG_019,0,1,33420.0
P12CV02,BRG_019,1,1,67800.0
P12CV02,BRG_019,2,1,44700.0
P12CV02,BRG_019,3,0,21012.0
P12CV02,BRG_020,0,1,50580.0
P12CV02,BRG_020,1,1,20028.0
P12CV02,BRG_020,2,1,55476.0
P12CV02,BRG_020,3,1,27708.0
P12CV02,BRG_020,4,0,13140.0
P12CV02,BRG_021,0,1,37452.0
P12CV02,BRG_021,1,1,58848.0
P12CV02,BRG_021,2,1,50520.0
P12CV02,BRG_021,3,1,13320.0
P12CV02,BRG_021,4,0,6792.0
P12CV02,BRG_022,0,1,32772.0
P12CV02,BRG_022,1,1,25644.0
P12CV02,BRG_022,2,1,45636.0
P12CV02,BRG_022,3,1,30612.0
P12CV02,BRG_022,4,1,10800.0
P12CV02,BRG_022,5,0,21468.0
P12CV02,BRG_023,0,1,36972.0
P12CV02,BRG_023,1,1,23976.0
P12CV02,BRG_023,2,1,21216.0
P12CV02,BRG_023,3,1,15516.0
P12CV02,BRG_023,4,1,46824.0
P12CV02,BRG_023,5,0,22428.0
P12CV02,BRG_024,0,1,33888.0
P12CV02,BRG_024,1,1,16488.0
P12CV02,BRG_024,2,1,21096.0
P12CV02,BRG_024,3,1,54600.0
P12CV02,BRG_024,4,0,40860.0
P12CV02,BRG_025,0,1,57120.0
P12CV02,BRG_025,1,1,38112.0
P12CV02,BRG_025,2,1,60228.0
P12CV02,BRG_025,3,0,11472.0
P12CV02,BRG_026,0,1,50736.0
P12CV02,BRG_026,1,1,41568.0
P12CV02,BRG_026,2,1,40896.0
P12CV02,BRG_026,3,1,22404.0
P12CV02,BRG_026,4,0,11328.0
P12CV02,BRG_027,0,1,69216.0
P12CV02,BRG_027,1,1,64428.0
P12CV02,BRG_027,2,0,33288.0
P12CV02,BRG_028,0,1,22596.0
P12CV02,BRG_028,1,1,63948.0
P12CV02,BRG_028,2,1,24888.0
P12CV02,BRG_028,3,0,55500.0
P12CV02,BRG_029,0,1,49188.0
P12CV02,BRG_029,1,1,48768.0
P12CV02,BRG_029,2,1,54732.0
P12CV02,BRG_029,3,0,14244.0
P12CV02,BRG_030,0,1,40572.0
P12CV02,BRG_030,1,1,51624.0
P12CV02,BRG_030,2,1,61872.0
P12CV02,BRG_030,3,0,12864.0
P12CV02,BRG_031,0,1,13764.0
P12CV02,BRG_031,1,1,71484.0
P12CV02,BRG_031,2,1,64416.0
P12CV02,BRG_031,3,0,17268.0
P12CV02,BRG_032,0,1,32856.0
P12CV02,BRG_032,1,1,55224.0
P12CV02,BRG_032,2,1,12492.0
P12CV02,BRG_032,3,1,21660.0
P12CV02,BRG_032,4,1,44484.0
P12CV02,BRG_032,5,0,216.0
P12CV02,BRG_033,0,1,42708.0
P12CV02,BRG_033,1,1,41376.0
P12CV02,BRG_033,2,1,59184.0
P12CV02,BRG_033,3,0,23664.0
P12CV02,BRG_034,0,1,35352.0
P12CV02,BRG_034,1,1,44964.0
P12CV02,BRG_034,2,1,41376.0
P12CV02,BRG_034,3,1,44340.0
P12CV02,BRG_034,4,0,900.0
P12CV02,BRG_035,0,1,28080.0
P12CV02,BRG_035,1,1,76152.0
P12CV02,BRG_035,2,1,50904.0
P12CV02,BRG_035,3,0,11796.0
P12CV02,BRG_036,0,1,88068.0
P12CV02,BRG_036,1,1,33660.0
P12CV02,BRG_036,2,1,44268.0
P12CV02,BRG_036,3,0,936.0
P12CV02,BRG_037,0,1,30228.0
P12CV02,BRG_037,1,1,50172.0
P12CV02,BRG_037,2,1,33792.0
P12CV02,BRG_037,3,1,30780.0
P12CV02,BRG_037,4,0,21960.0
P12CV02,BRG_038,0,1,51972.0
P12CV02,BRG_038,1,1,56448.0
P12CV02,BRG_038,2,1,53340.0
P12CV02,BRG_038,3,0,5172.0
P12CV02,BRG_039,0,1,74412.0
P12CV02,BRG_039,1,1,46332.0
P12CV02,BRG_039,2,0,46188.0
P12CV02,BRG_040,0,1,27492.0
P12CV02,BRG_040,1,1,60840.0
P12CV02,BRG_040,2,1,36588.0
P12CV02,BRG_040,3,0,42012.0
P12CV02,BRG_041,0,1,52992.0
P12CV02,BRG_041,1,1,26880.0
P12CV02,BRG_041,2,1,34644.0
P12CV02,BRG_041,3,0,52416.0
P12CV02,BRG_042,0,1,73776.0
P12CV02,BRG_042,1,1,58164.0
P12CV02,BRG_042,2,1,24612.0
P12CV02,BRG_042,3,0,10380.0
P12CV02,BRG_043,0,1,25860.0
P12CV02,BRG_043,1,1,52896.0
P12CV02,BRG_043,2,1,44172.0
P12CV02,BRG_043,3,0,44004.0
P12CV02,BRG_044,0,1,38016.0
P12CV02,BRG_044,1,1,32724.0
P12CV02,BRG_044,2,1,54384.0
P12CV02,BRG_044,3,1,39168.0
P12CV02,BRG_044,4,0,2640.0
P12CV02,BRG_045,0,1,59508.0
P12CV02,BRG_045,1,1,40812.0
P12CV02,BRG_045,2,0,66612.0
P12CV02,BRG_046,0,1,55644.0
P12CV02,BRG_046,1,1,47676.0
P12CV02,BRG_046,2,0,63612.0
P12CV03,BRG_001,0,1,47556.0
P12CV03,BRG_001,1,1,82776.0
P12CV03,BRG_001,2,0,36528.0
P12CV03,BRG_002,0,1,63420.0
P12CV03,BRG_002,1,1,67848.0
P12CV03,BRG_002,2,0,35592.0
P12CV03,BRG_003,0,1,31512.0
P12CV03,BRG_003,1,1,52044.0
P12CV03,BRG_003,2,1,61524.0
P12CV03,BRG_003,3,0,21780.0
P12CV03,BRG_004,0,1,39576.0
P12CV03,BRG_004,1,1,43440.0
P12CV03,BRG_004,2,1,29736.0
P12CV03,BRG_004,3,1,48624.0
P12CV03,BRG_004,4,0,5484.0
P12CV03,BRG_005,0,1,48336.0
P12CV03,BRG_005,1,1,49584.0
P12CV03,BRG_005,2,0,68940.0
P12CV03,BRG_006,0,1,44748.0
P12CV03,BRG_006,1,1,46032.0
P12CV03,BRG_006,2,1,43068.0
P12CV03,BRG_006,3,1,27996.0
P12CV03,BRG_006,4,0,5016.0
P12CV03,BRG_007,0,1,33120.0
P12CV03,BRG_007,1,1,26352.0
P12CV03,BRG_007,2,1,25560.0
P12CV03,BRG_007,3,1,74052.0
P12CV03,BRG_007,4,0,7776.0
P12CV03,BRG_008,0,1,60312.0
P12CV03,BRG_008,1,1,20664.0
P12CV03,BRG_008,2,1,58944.0
P12CV03,BRG_008,3,0,26940.0
P12CV03,BRG_009,0,1,52452.0
P12CV03,BRG_009,1,1,64500.0
P12CV03,BRG_009,2,0,49908.0
P12CV03,BRG_010,0,1,51384.0
P12CV03,BRG_010,1,1,55860.0
P12CV03,BRG_010,2,1,55272.0
P12CV03,BRG_010,3,0,4344.0
P12CV03,BRG_011,0,1,33792.0
P12CV03,BRG_011,1,1,44604.0
P12CV03,BRG_011,2,1,39252.0
P12CV03,BRG_011,3,0,49212.0
P12CV03,BRG_012,0,1,32436.0
P12CV03,BRG_012,1,1,40212.0
P12CV03,BRG_012,2,1,32184.0
P12CV03,BRG_012,3,1,49512.0
P12CV03,BRG_012,4,0,12516.0
P12CV03,BRG_013,0,1,33204.0
P12CV03,BRG_013,1,1,39816.0
P12CV03,BRG_013,2,1,69348.0
P12CV03,BRG_013,3,0,24492.0
P12CV03,BRG_014,0,1,34548.0
P12CV03,BRG_014,1,1,34332.0
P12CV03,BRG_014,2,1,40536.0
P12CV03,BRG_014,3,0,57444.0
P12CV03,BRG_015,0,1,53040.0
P12CV03,BRG_015,1,1,20364.0
P12CV03,BRG_015,2,1,46008.0
P12CV03,BRG_015,3,1,31632.0
P12CV03,BRG_015,4,0,15816.0
P12CV03,BRG_016,0,1,53760.0
P12CV03,BRG_016,1,1,58836.0
P12CV03,BRG_016,2,1,46692.0
P12CV03,BRG_016,3,0,7572.0
P12CV03,BRG_017,0,1,73032.0
P12CV03,BRG_017,1,1,40692.0
P12CV03,BRG_017,2,1,39396.0
P12CV03,BRG_017,3,0,13740.0
P12CV03,BRG_018,0,1,53076.0
P12CV03,BRG_018,1,1,38580.0
P12CV03,BRG_018,2,1,35460.0
P12CV03,BRG_018,3,1,25848.0
P12CV03,BRG_018,4,0,13896.0
P12CV03,BRG_019,0,1,48864.0
P12CV03,BRG_019,1,1,26844.0
P12CV03,BRG_019,2,1,51144.0
P12CV03,BRG_019,3,1,31296.0
P12CV03,BRG_019,4,0,8712.0
P12CV03,BRG_020,0,1,42180.0
P12CV03,BRG_020,1,1,46296.0
P12CV03,BRG_020,2,1,64452.0
P12CV03,BRG_020,3,0,13932.0
P12CV03,BRG_021,0,1,56400.0
P12CV03,BRG_021,1,1,60336.0
P12CV03,BRG_021,2,1,40800.0
P12CV03,BRG_021,3,0,9324.0
P12CV03,BRG_022,0,1,60252.0
P12CV03,BRG_022,1,1,52200.0
P12CV03,BRG_022,2,1,46848.0
P12CV03,BRG_022,3,0,7560.0
P12CV03,BRG_023,0,1,42264.0
P12CV03,BRG_023,1,1,56352.0
P12CV03,BRG_023,2,1,39360.0
P12CV03,BRG_023,3,0,28884.0
P12CV03,BRG_024,0,1,49824.0
P12CV03,BRG_024,1,1,18612.0
P12CV03,BRG_024,2,1,39756.0
P12CV03,BRG_024,3,1,34308.0
P12CV03,BRG_024,4,0,24360.0
P12CV03,BRG_025,0,1,40884.0
P12CV03,BRG_025,1,1,57840.0
P12CV03,BRG_025,2,1,17004.0
P12CV03,BRG_025,3,1,15744.0
P12CV03,BRG_025,4,0,35388.0
P12CV03,BRG_026,0,1,48852.0
P12CV03,BRG_026,1,1,28116.0
P12CV03,BRG_026,2,1,43380.0
P12CV03,BRG_026,3,1,32400.0
P12CV03,BRG_026,4,0,14112.0
P12CV03,BRG_027,0,1,66396.0
P12CV03,BRG_027,1,1,79320.0
P12CV03,BRG_027,2,0,21144.0
P12CV03,BRG_028,0,1,37560.0
P12CV03,BRG_028,1,1,63012.0
P12CV03,BRG_028,2,1,64824.0
P12CV03,BRG_028,3,0,1464.0
P12CV03,BRG_029,0,1,62160.0
P12CV03,BRG_029,1,1,32568.0
P12CV03,BRG_029,2,1,37980.0
P12CV03,BRG_029,3,1,3156.0
P12CV03,BRG_029,4,0,30996.0
P12CV03,BRG_030,0,1,66672.0
P12CV03,BRG_030,1,1,54048.0
P12CV03,BRG_030,2,1,32928.0
P12CV03,BRG_030,3,0,13212.0
P12CV03,BRG_031,0,1,42540.0
P12CV03,BRG_031,1,1,55368.0
P12CV03,BRG_031,2,1,50112.0
P12CV03,BRG_031,3,0,18840.0
P12CV03,BRG_032,0,1,49044.0
P12CV03,BRG_032,1,1,39132.0
P12CV03,BRG_032,2,1,24360.0
P12CV03,BRG_032,3,1,46272.0
P12CV03,BRG_032,4,0,8052.0
P12CV03,BRG_033,0,1,46704.0
P12CV03,BRG_033,1,1,66888.0
P12CV03,BRG_033,2,1,39300.0
P12CV03,BRG_033,3,0,13968.0
P12CV03,BRG_034,0,1,53700.0
P12CV03,BRG_034,1,1,41124.0
P12CV03,BRG_034,2,0,72036.0
P12CV03,BRG_035,0,1,31428.0
P12CV03,BRG_035,1,1,29424.0
P12CV03,BRG_035,2,1,23184.0
P12CV03,BRG_035,3,1,18696.0
P12CV03,BRG_035,4,1,21648.0
P12CV03,BRG_035,5,1,41844.0
P12CV03,BRG_035,6,0,636.0
P12CV03,BRG_036,0,1,57156.0
P12CV03,BRG_036,1,1,28848.0
P12CV03,BRG_036,2,1,51456.0
P12CV03,BRG_036,3,0,29400.0
P12CV03,BRG_037,0,1,39732.0
P12CV03,BRG_037,1,1,54288.0
P12CV03,BRG_037,2,1,69396.0
P12CV03,BRG_037,3,0,3444.0
P12CV03,BRG_038,0,1,26832.0
P12CV03,BRG_038,1,1,53076.0
P12CV03,BRG_038,2,1,41808.0
P12CV03,BRG_038,3,1,29580.0
P12CV03,BRG_038,4,0,15564.0
P12CV03,BRG_039,0,1,66024.0
P12CV03,BRG_039,1,1,30480.0
P12CV03,BRG_039,2,1,16788.0
P12CV03,BRG_039,3,1,53448.0
P12CV03,BRG_039,4,0,120.0
P12CV03,BRG_040,0,1,70812.0
P12CV03,BRG_040,1,1,40836.0
P12CV03,BRG_040,2,0,55212.0
P12CV03,BRG_041,0,1,53220.0
P12CV03,BRG_041,1,1,66276.0
P12CV03,BRG_041,2,1,37476.0
P12CV03,BRG_041,3,0,9888.0
P12CV03,BRG_042,0,1,39768.0
P12CV03,BRG_042,1,1,30528.0
P12CV03,BRG_042,2,1,31224.0
P12CV03,BRG_042,3,1,21768.0
P12CV03,BRG_042,4,0,43572.0
P12CV03,BRG_043,0,1,46416.0
P12CV03,BRG_043,1,1,30924.0
P12CV03,BRG_043,2,1,39528.0
P12CV03,BRG_043,3,1,36672.0
P12CV03,BRG_043,4,0,13320.0
P12CV03,BRG_044,0,1,25452.0
P12CV03,BRG_044,1,1,27804.0
P12CV03,BRG_044,2,1,16980.0
P12CV03,BRG_044,3,1,19836.0
P12CV03,BRG_044,4,1,35712.0
P12CV03,BRG_044,5,1,36600.0
P12CV03,BRG_044,6,0,4476.0
P12CV03,BRG_045,0,1,44592.0
P12CV03,BRG_045,1,1,34296.0
P12CV03,BRG_045,2,1,30804.0
P12CV03,BRG_045,3,1,17316.0
P12CV03,BRG_045,4,0,39852.0
P12CV03,BRG_046,0,1,31200.0
P12CV03,BRG_046,1,1,65220.0
P12CV03,BRG_046,2,1,56436.0
P12CV03,BRG_046,3,0,14004.0
P12CV04,BRG_001,0,1,17676.0
P12CV04,BRG_001,1,1,56136.0
P12CV04,BRG_001,2,1,52668.0
P12CV04,BRG_001,3,0,40704.0
P12CV04,BRG_002,0,1,60156.0
P12CV04,BRG_002,1,1,52656.0
P12CV04,BRG_002,2,0,54372.0
P12CV04,BRG_003,0,1,62796.0
P12CV04,BRG_003,1,1,50376.0
P12CV04,BRG_003,2,0,54012.0
P12CV04,BRG_004,0,1,72756.0
P12CV04,BRG_004,1,1,45852.0
P12CV04,BRG_004,2,0,48576.0
P12CV04,BRG_005,0,1,71412.0
P12CV04,BRG_005,1,1,30600.0
P12CV04,BRG_005,2,1,21900.0
P12CV04,BRG_005,3,0,43272.0
P12CV04,BRG_006,0,1,25212.0
P12CV04,BRG_006,1,1,56940.0
P12CV04,BRG_006,2,1,34260.0
P12CV04,BRG_006,3,1,42108.0
P12CV04,BRG_006,4,0,8664.0
P12CV04,BRG_007,0,1,49116.0
P12CV04,BRG_007,1,1,51792.0
P12CV04,BRG_007,2,1,56952.0
P12CV04,BRG_007,3,0,9324.0
P12CV04,BRG_008,0,1,44412.0
P12CV04,BRG_008,1,1,45732.0
P12CV04,BRG_008,2,1,51144.0
P12CV04,BRG_008,3,0,25896.0
P12CV04,BRG_009,0,1,34140.0
P12CV04,BRG_009,1,1,35148.0
P12CV04,BRG_009,2,1,71520.0
P12CV04,BRG_009,3,0,26376.0
P12CV04,BRG_010,0,1,42336.0
P12CV04,BRG_010,1,1,37404.0
P12CV04,BRG_010,2,1,36756.0
P12CV04,BRG_010,3,1,25812.0
P12CV04,BRG_010,4,1,22488.0
P12CV04,BRG_010,5,0,2388.0
P12CV04,BRG_011,0,1,48156.0
P12CV04,BRG_011,1,1,54300.0
P12CV04,BRG_011,2,1,36492.0
P12CV04,BRG_011,3,0,28236.0
P12CV04,BRG_012,0,1,28044.0
P12CV04,BRG_012,1,1,57852.0
P12CV04,BRG_012,2,1,18060.0
P12CV04,BRG_012,3,0,63228.0
P12CV04,BRG_013,0,1,36444.0
P12CV04,BRG_013,1,1,54624.0
P12CV04,BRG_013,2,1,62604.0
P12CV04,BRG_013,3,0,13512.0
P12CV04,BRG_014,0,1,39360.0
P12CV04,BRG_014,1,1,39132.0
P12CV04,BRG_014,2,1,64212.0
P12CV04,BRG_014,3,0,24480.0
P12CV04,BRG_015,0,1,38484.0
P12CV04,BRG_015,1,1,33768.0
P12CV04,BRG_015,2,1,50664.0
P12CV04,BRG_015,3,1,18264.0
P12CV04,BRG_015,4,0,26004.0
P12CV04,BRG_016,0,1,50484.0
P12CV04,BRG_016,1,1,44172.0
P12CV04,BRG_016,2,1,30528.0
P12CV04,BRG_016,3,1,37104.0
P12CV04,BRG_016,4,0,4896.0
P12CV04,BRG_017,0,1,28956.0
P12CV04,BRG_017,1,1,58020.0
P12CV04,BRG_017,2,1,30312.0
P12CV04,BRG_017,3,1,35904.0
P12CV04,BRG_017,4,0,13992.0
P12CV04,BRG_018,0,1,48360.0
P12CV04,BRG_018,1,1,46596.0
P12CV04,BRG_018,2,1,27996.0
P12CV04,BRG_018,3,0,44232.0
P12CV04,BRG_019,0,1,35304.0
P12CV04,BRG_019,1,1,35424.0
P12CV04,BRG_019,2,1,37872.0
P12CV04,BRG_019,3,1,3324.0
P12CV04,BRG_019,4,1,22392.0
P12CV04,BRG_019,5,0,32868.0
P12CV04,BRG_020,0,1,20808.0
P12CV04,BRG_020,1,1,24384.0
P12CV04,BRG_020,2,1,38148.0
P12CV04,BRG_020,3,1,23400.0
P12CV04,BRG_020,4,1,53184.0
P12CV04,BRG_020,5,0,7260.0
P12CV04,BRG_021,0,1,56400.0
P12CV04,BRG_021,1,1,70044.0
P12CV04,BRG_021,2,0,40740.0
P12CV04,BRG_022,0,1,72432.0
P12CV04,BRG_022,1,1,44916.0
P12CV04,BRG_022,2,0,49836.0
P12CV04,BRG_023,0,1,20412.0
P12CV04,BRG_023,1,1,36000.0
P12CV04,BRG_023,2,1,38808.0
P12CV04,BRG_023,3,1,42576.0
P12CV04,BRG_023,4,0,29388.0
P12CV04,BRG_024,0,1,42132.0
P12CV04,BRG_024,1,1,12528.0
P12CV04,BRG_024,2,1,44820.0
P12CV04,BRG_024,3,1,52260.0
P12CV04,BRG_024,4,0,15444.0
P12CV04,BRG_025,0,1,14232.0
P12CV04,BRG_025,1,1,48408.0
P12CV04,BRG_025,2,1,53568.0
P12CV04,BRG_025,3,1,46164.0
P12CV04,BRG_025,4,0,4812.0
P12CV04,BRG_026,0,1,56688.0
P12CV04,BRG_026,1,1,50040.0
P12CV04,BRG_026,2,1,41472.0
P12CV04,BRG_026,3,0,18984.0
P12CV04,BRG_027,0,1,49080.0
P12CV04,BRG_027,1,1,45888.0
P12CV04,BRG_027,2,1,51972.0
P12CV04,BRG_027,3,0,20244.0
P12CV04,BRG_028,0,1,48708.0
P12CV04,BRG_028,1,1,29556.0
P12CV04,BRG_028,2,1,53028.0
P12CV04,BRG_028,3,0,35892.0
P12CV04,BRG_029,0,1,47856.0
P12CV04,BRG_029,1,1,15048.0
P12CV04,BRG_029,2,1,39588.0
P12CV04,BRG_029,3,1,62196.0
P12CV04,BRG_029,4,0,2496.0
P12CV04,BRG_030,0,1,41340.0
P12CV04,BRG_030,1,1,50232.0
P12CV04,BRG_030,2,1,48612.0
P12CV04,BRG_030,3,0,27000.0
P12CV04,BRG_031,0,1,22740.0
P12CV04,BRG_031,1,1,56652.0
P12CV04,BRG_031,2,1,43740.0
P12CV04,BRG_031,3,0,44052.0
P12CV04,BRG_032,0,1,25620.0
P12CV04,BRG_032,1,1,46380.0
P12CV04,BRG_032,2,1,25452.0
P12CV04,BRG_032,3,1,36144.0
P12CV04,BRG_032,4,0,33588.0
P12CV04,BRG_033,0,1,50940.0
P12CV04,BRG_033,1,1,50940.0
P12CV04,BRG_033,2,1,42252.0
P12CV04,BRG_033,3,0,23052.0
P12CV04,BRG_034,0,1,37032.0
P12CV04,BRG_034,1,1,51696.0
P12CV04,BRG_034,2,1,32880.0
P12CV04,BRG_034,3,1,23856.0
P12CV04,BRG_034,4,0,21720.0
P12CV04,BRG_035,0,1,58824.0
P12CV04,BRG_035,1,1,38616.0
P12CV04,BRG_035,2,1,19260.0
P12CV04,BRG_035,3,1,19044.0
P12CV04,BRG_035,4,0,31440.0
P12CV04,BRG_036,0,1,24504.0
P12CV04,BRG_036,1,1,45492.0
P12CV04,BRG_036,2,1,33576.0
P12CV04,BRG_036,3,1,49872.0
P12CV04,BRG_036,4,0,13740.0
P12CV04,BRG_037,0,1,58692.0
P12CV04,BRG_037,1,1,45396.0
P12CV04,BRG_037,2,0,63096.0
P12CV04,BRG_038,0,1,55740.0
P12CV04,BRG_038,1,1,64536.0
P12CV04,BRG_038,2,0,46908.0
P12CV04,BRG_039,0,1,25344.0
P12CV04,BRG_039,1,1,43092.0
P12CV04,BRG_039,2,1,58896.0
P12CV04,BRG_039,3,0,39852.0
P12CV04,BRG_040,0,1,27768.0
P12CV04,BRG_040,1,1,25932.0
P12CV04,BRG_040,2,1,73176.0
P12CV04,BRG_040,3,1,38052.0
P12CV04,BRG_040,4,0,2256.0
P12CV04,BRG_041,0,1,41976.0
P12CV04,BRG_041,1,1,61728.0
P12CV04,BRG_041,2,1,52740.0
P12CV04,BRG_041,3,0,10740.0
P12CV04,BRG_042,0,1,76152.0
P12CV04,BRG_042,1,1,53376.0
P12CV04,BRG_042,2,1,26232.0
P12CV04,BRG_042,3,0,11424.0
P12CV04,BRG_043,0,1,59352.0
P12CV04,BRG_043,1,1,53376.0
P12CV04,BRG_043,2,1,39624.0
P12CV04,BRG_043,3,0,14832.0
P12CV04,BRG_044,0,1,49824.0
P12CV04,BRG_044,1,1,53448.0
P12CV04,BRG_044,2,1,58236.0
P12CV04,BRG_044,3,0,5676.0
P12CV04,BRG_045,0,1,47628.0
P12CV04,BRG_045,1,1,30456.0
P12CV04,BRG_045,2,1,36324.0
P12CV04,BRG_045,3,1,43224.0
P12CV04,BRG_045,4,0,9552.0
P12CV04,BRG_046,0,1,44376.0
P12CV04,BRG_046,1,1,55428.0
P12CV04,BRG_046,2,1,55272.0
P12CV04,BRG_046,3,0,12108.0
P12CV05,BRG_001,0,1,52752.0
P12CV05,BRG_001,1,1,23136.0
P12CV05,BRG_001,2,1,47136.0
P12CV05,BRG_001,3,1,31920.0
P12CV05,BRG_001,4,0,11916.0
P12CV05,BRG_002,0,1,78360.0
P12CV05,BRG_002,1,1,34188.0
P12CV05,BRG_002,2,1,21048.0
P12CV05,BRG_002,3,0,33264.0
P12CV05,BRG_003,0,1,17124.0
P12CV05,BRG_003,1,1,19224.0
P12CV05,BRG_003,2,1,49704.0
P12CV05,BRG_003,3,1,45996.0
P12CV05,BRG_003,4,0,34812.0
P12CV05,BRG_004,0,1,39876.0
P12CV05,BRG_004,1,1,30144.0
P12CV05,BRG_004,2,1,51540.0
P12CV05,BRG_004,3,0,45300.0
P12CV05,BRG_005,0,1,46272.0
P12CV05,BRG_005,1,1,20424.0
P12CV05,BRG_005,2,1,15924.0
P12CV05,BRG_005,3,1,54708.0
P12CV05,BRG_005,4,0,29532.0
P12CV05,BRG_006,0,1,39792.0
P12CV05,BRG_006,1,1,23268.0
P12CV05,BRG_006,2,1,39336.0
P12CV05,BRG_006,3,1,47340.0
P12CV05,BRG_006,4,0,17124.0
P12CV05,BRG_007,0,1,42216.0
P12CV05,BRG_007,1,1,58620.0
P12CV05,BRG_007,2,1,57312.0
P12CV05,BRG_007,3,0,8712.0
P12CV05,BRG_008,0,1,46596.0
P12CV05,BRG_008,1,1,48012.0
P12CV05,BRG_008,2,1,43296.0
P12CV05,BRG_008,3,1,5772.0
P12CV05,BRG_008,4,0,23184.0
P12CV05,BRG_009,0,1,15864.0
P12CV05,BRG_009,1,1,32664.0
P12CV05,BRG_009,2,1,56160.0
P12CV05,BRG_009,3,0,62172.0
P12CV05,BRG_010,0,1,52596.0
P12CV05,BRG_010,1,1,40584.0
P12CV05,BRG_010,2,1,26208.0
P12CV05,BRG_010,3,0,47472.0
P12CV05,BRG_011,0,1,41856.0
P12CV05,BRG_011,1,1,37608.0
P12CV05,BRG_011,2,1,57216.0
P12CV05,BRG_011,3,0,30180.0
P12CV05,BRG_012,0,1,21636.0
P12CV05,BRG_012,1,1,37020.0
P12CV05,BRG_012,2,1,43200.0
P12CV05,BRG_012,3,1,26340.0
P12CV05,BRG_012,4,0,38664.0
P12CV05,BRG_013,0,1,39492.0
P12CV05,BRG_013,1,1,29580.0
P12CV05,BRG_013,2,1,42120.0
P12CV05,BRG_013,3,1,46368.0
P12CV05,BRG_013,4,0,9300.0
P12CV05,BRG_014,0,1,40164.0
P12CV05,BRG_014,1,1,24504.0
P12CV05,BRG_014,2,1,47652.0
P12CV05,BRG_014,3,1,31848.0
P12CV05,BRG_014,4,0,22692.0
P12CV05,BRG_015,0,1,31236.0
P12CV05,BRG_015,1,1,47196.0
P12CV05,BRG_015,2,1,60036.0
P12CV05,BRG_015,3,0,28392.0
P12CV05,BRG_016,0,1,37356.0
P12CV05,BRG_016,1,1,38916.0
P12CV05,BRG_016,2,1,30024.0
P12CV05,BRG_016,3,1,60372.0
P12CV05,BRG_016,4,0,192.0
P12CV05,BRG_017,0,1,46752.0
P12CV05,BRG_017,1,1,43644.0
P12CV05,BRG_017,2,1,50076.0
P12CV05,BRG_017,3,0,26388.0
P12CV05,BRG_018,0,1,49548.0
P12CV05,BRG_018,1,1,28776.0
P12CV05,BRG_018,2,1,48996.0
P12CV05,BRG_018,3,0,39540.0
P12CV05,BRG_019,0,1,42348.0
P12CV05,BRG_019,1,1,40764.0
P12CV05,BRG_019,2,1,43296.0
P12CV05,BRG_019,3,0,40452.0
P12CV05,BRG_020,0,1,25092.0
P12CV05,BRG_020,1,1,45132.0
P12CV05,BRG_020,2,1,52116.0
P12CV05,BRG_020,3,0,44520.0
P12CV05,BRG_021,0,1,80436.0
P12CV05,BRG_021,1,1,57168.0
P12CV05,BRG_021,2,1,14736.0
P12CV05,BRG_021,3,0,14520.0
P12CV05,BRG_022,0,1,59064.0
P12CV05,BRG_022,1,1,53412.0
P12CV05,BRG_022,2,1,29880.0
P12CV05,BRG_022,3,0,24504.0
P12CV05,BRG_023,0,1,54276.0
P12CV05,BRG_023,1,1,67692.0
P12CV05,BRG_023,2,0,44892.0
P12CV05,BRG_024,0,1,71508.0
P12CV05,BRG_024,1,1,56868.0
P12CV05,BRG_024,2,1,24144.0
P12CV05,BRG_024,3,0,14340.0
P12CV05,BRG_025,0,1,18096.0
P12CV05,BRG_025,1,1,65988.0
P12CV05,BRG_025,2,1,58188.0
P12CV05,BRG_025,3,0,24588.0
P12CV05,BRG_026,0,1,62256.0
P12CV05,BRG_026,1,1,38184.0
P12CV05,BRG_026,2,1,49968.0
P12CV05,BRG_026,3,0,16452.0
P12CV05,BRG_027,0,1,32136.0
P12CV05,BRG_027,1,1,40440.0
P12CV05,BRG_027,2,1,20856.0
P12CV05,BRG_027,3,1,28548.0
P12CV05,BRG_027,4,0,44880.0
P12CV05,BRG_028,0,1,22416.0
P12CV05,BRG_028,1,1,33288.0
P12CV05,BRG_028,2,1,22812.0
P12CV05,BRG_028,3,1,43224.0
P12CV05,BRG_028,4,1,43572.0
P12CV05,BRG_028,5,0,1548.0
P12CV05,BRG_029,0,1,45636.0
P12CV05,BRG_029,1,1,50784.0
P12CV05,BRG_029,2,1,55344.0
P12CV05,BRG_029,3,0,15096.0
P12CV05,BRG_030,0,1,58932.0
P12CV05,BRG_030,1,1,57828.0
P12CV05,BRG_030,2,1,48300.0
P12CV05,BRG_030,3,0,1800.0
P12CV05,BRG_031,0,1,31980.0
P12CV05,BRG_031,1,1,35616.0
P12CV05,BRG_031,2,1,44916.0
P12CV05,BRG_031,3,1,50232.0
P12CV05,BRG_031,4,0,4116.0
P12CV05,BRG_032,0,1,57096.0
P12CV05,BRG_032,1,1,48084.0
P12CV05,BRG_032,2,1,51516.0
P12CV05,BRG_032,3,0,10164.0
P12CV05,BRG_033,0,1,44796.0
P12CV05,BRG_033,1,1,44580.0
P12CV05,BRG_033,2,1,44424.0
P12CV05,BRG_033,3,0,33060.0
P12CV05,BRG_034,0,1,87756.0
P12CV05,BRG_034,1,1,25332.0
P12CV05,BRG_034,2,1,44124.0
P12CV05,BRG_034,3,0,9648.0
P12CV05,BRG_035,0,1,45360.0
P12CV05,BRG_035,1,1,27828.0
P12CV05,BRG_035,2,1,55824.0
P12CV05,BRG_035,3,1,27192.0
P12CV05,BRG_035,4,0,10656.0
P12CV05,BRG_036,0,1,20172.0
P12CV05,BRG_036,1,1,32136.0
P12CV05,BRG_036,2,1,23880.0
P12CV05,BRG_036,3,1,78696.0
P12CV05,BRG_036,4,0,11976.0
P12CV05,BRG_037,0,1,20592.0
P12CV05,BRG_037,1,1,56628.0
P12CV05,BRG_037,2,1,30024.0
P12CV05,BRG_037,3,1,35748.0
P12CV05,BRG_037,4,0,23868.0
P12CV05,BRG_038,0,1,48108.0
P12CV05,BRG_038,1,1,30972.0
P12CV05,BRG_038,2,1,34740.0
P12CV05,BRG_038,3,1,33360.0
P12CV05,BRG_038,4,0,19680.0
P12CV05,BRG_039,0,1,57108.0
P12CV05,BRG_039,1,1,52896.0
P12CV05,BRG_039,2,1,36876.0
P12CV05,BRG_039,3,0,19980.0
P12CV05,BRG_040,0,1,34740.0
P12CV05,BRG_040,1,1,50676.0
P12CV05,BRG_040,2,1,50940.0
P12CV05,BRG_040,3,0,30504.0
P12CV05,BRG_041,0,1,44448.0
P12CV05,BRG_041,1,1,37356.0
P12CV05,BRG_041,2,1,40236.0
P12CV05,BRG_041,3,1,24468.0
P12CV05,BRG_041,4,0,20352.0
P12CV05,BRG_042,0,1,23160.0
P12CV05,BRG_042,1,1,28728.0
P12CV05,BRG_042,2,1,25608.0
P12CV05,BRG_042,3,1,63468.0
P12CV05,BRG_042,4,0,25896.0
P12CV05,BRG_043,0,1,55956.0
P12CV05,BRG_043,1,1,41724.0
P12CV05,BRG_043,2,1,31560.0
P12CV05,BRG_043,3,0,37620.0
P12CV05,BRG_044,0,1,45648.0
P12CV05,BRG_044,1,1,46812.0
P12CV05,BRG_044,2,0,74400.0
P12CV05,BRG_045,0,1,13260.0
P12CV05,BRG_045,1,1,56100.0
P12CV05,BRG_045,2,1,57900.0
P12CV05,BRG_045,3,0,39600.0
P12CV05,BRG_046,0,1,14760.0
P12CV05,BRG_046,1,1,11112.0
P12CV05,BRG_046,2,1,42540.0
P12CV05,BRG_046,3,1,65928.0
P12CV05,BRG_046,4,0,32520.0
P12CV06,BRG_001,0,1,72636.0
P12CV06,BRG_001,1,1,42936.0
P12CV06,BRG_001,2,1,49656.0
P12CV06,BRG_001,3,0,1272.0
P12CV06,BRG_002,0,1,26484.0
P12CV06,BRG_002,1,1,31188.0
P12CV06,BRG_002,2,1,22032.0
P12CV06,BRG_002,3,1,64152.0
P12CV06,BRG_002,4,0,22644.0
P12CV06,BRG_003,0,1,94800.0
P12CV06,BRG_003,1,1,58524.0
P12CV06,BRG_003,2,0,13176.0
P12CV06,BRG_004,0,1,58524.0
P12CV06,BRG_004,1,1,45816.0
P12CV06,BRG_004,2,1,43056.0
P12CV06,BRG_004,3,0,19104.0
P12CV06,BRG_005,0,1,86580.0
P12CV06,BRG_005,1,1,52464.0
P12CV06,BRG_005,2,1,11280.0
P12CV06,BRG_005,3,0,16176.0
P12CV06,BRG_006,0,1,34644.0
P12CV06,BRG_006,1,1,18420.0
P12CV06,BRG_006,2,1,36084.0
P12CV06,BRG_006,3,1,41220.0
P12CV06,BRG_006,4,0,36132.0
P12CV06,BRG_007,0,1,49896.0
P12CV06,BRG_007,1,1,56676.0
P12CV06,BRG_007,2,0,59928.0
P12CV06,BRG_008,0,1,41208.0
P12CV06,BRG_008,1,1,27792.0
P12CV06,BRG_008,2,1,65256.0
P12CV06,BRG_008,3,0,32244.0
P12CV06,BRG_009,0,1,15684.0
P12CV06,BRG_009,1,1,52260.0
P12CV06,BRG_009,2,1,45336.0
P12CV06,BRG_009,3,1,51264.0
P12CV06,BRG_009,4,0,1956.0
P12CV06,BRG_010,0,1,65208.0
P12CV06,BRG_010,1,1,81516.0
P12CV06,BRG_010,2,0,19776.0
P12CV06,BRG_011,0,1,75456.0
P12CV06,BRG_011,1,1,48816.0
P12CV06,BRG_011,2,1,30192.0
P12CV06,BRG_011,3,0,12036.0
P12CV06,BRG_012,0,1,26592.0
P12CV06,BRG_012,1,1,40332.0
P12CV06,BRG_012,2,1,26280.0
P12CV06,BRG_012,3,1,48228.0
P12CV06,BRG_012,4,1,23376.0
P12CV06,BRG_012,5,0,1692.0
P12CV06,BRG_013,0,1,80244.0
P12CV06,BRG_013,1,1,33384.0
P12CV06,BRG_013,2,1,48540.0
P12CV06,BRG_013,3,0,4332.0
P12CV06,BRG_014,0,1,54156.0
P12CV06,BRG_014,1,1,52356.0
P12CV06,BRG_014,2,0,59988.0
P12CV06,BRG_015,0,1,39144.0
P12CV06,BRG_015,1,1,61752.0
P12CV06,BRG_015,2,1,60432.0
P12CV06,BRG_015,3,0,5172.0
P12CV06,BRG_016,0,1,39912.0
P12CV06,BRG_016,1,1,57576.0
P12CV06,BRG_016,2,1,56184.0
P12CV06,BRG_016,3,0,12828.0
P12CV06,BRG_017,0,1,29304.0
P12CV06,BRG_017,1,1,27156.0
P12CV06,BRG_017,2,1,35220.0
P12CV06,BRG_017,3,1,44688.0
P12CV06,BRG_017,4,0,30132.0
P12CV06,BRG_018,0,1,18240.0
P12CV06,BRG_018,1,1,63552.0
P12CV06,BRG_018,2,1,60132.0
P12CV06,BRG_018,3,1,10572.0
P12CV06,BRG_018,4,0,14004.0
P12CV06,BRG_019,0,1,38472.0
P12CV06,BRG_019,1,1,29940.0
P12CV06,BRG_019,2,1,45516.0
P12CV06,BRG_019,3,1,31668.0
P12CV06,BRG_019,4,0,20904.0
P12CV06,BRG_020,0,1,65316.0
P12CV06,BRG_020,1,1,25416.0
P12CV06,BRG_020,2,1,11652.0
P12CV06,BRG_020,3,1,43560.0
P12CV06,BRG_020,4,0,20556.0
P12CV06,BRG_021,0,1,20088.0
P12CV06,BRG_021,1,1,42324.0
P12CV06,BRG_021,2,1,29112.0
P12CV06,BRG_021,3,1,72024.0
P12CV06,BRG_021,4,0,2952.0
P12CV06,BRG_022,0,1,48480.0
P12CV06,BRG_022,1,1,23808.0
P12CV06,BRG_022,2,1,66696.0
P12CV06,BRG_022,3,1,17892.0
P12CV06,BRG_022,4,0,9624.0
P12CV06,BRG_023,0,1,6768.0
P12CV06,BRG_023,1,1,42852.0
P12CV06,BRG_023,2,1,12564.0
P12CV06,BRG_023,3,1,60504.0
P12CV06,BRG_023,4,1,37836.0
P12CV06,BRG_023,5,0,5976.0
P12CV06,BRG_024,0,1,38772.0
P12CV06,BRG_024,1,1,23184.0
P12CV06,BRG_024,2,1,24024.0
P12CV06,BRG_024,3,1,49320.0
P12CV06,BRG_024,4,1,11508.0
P12CV06,BRG_024,5,0,19692.0
P12CV06,BRG_025,0,1,62832.0
P12CV06,BRG_025,1,1,34920.0
P12CV06,BRG_025,2,1,13416.0
P12CV06,BRG_025,3,1,12780.0
P12CV06,BRG_025,4,1,21048.0
P12CV06,BRG_025,5,0,21504.0
P12CV06,BRG_026,0,1,54696.0
P12CV06,BRG_026,1,1,28356.0
P12CV06,BRG_026,2,1,21684.0
P12CV06,BRG_026,3,1,43920.0
P12CV06,BRG_026,4,0,17844.0
P12CV06,BRG_027,0,1,4164.0
P12CV06,BRG_027,1,1,6756.0
P12CV06,BRG_027,2,1,30156.0
P12CV06,BRG_027,3,1,39132.0
P12CV06,BRG_027,4,1,43296.0
P12CV06,BRG_027,5,1,21900.0
P12CV06,BRG_027,6,0,21096.0
P12CV06,BRG_028,0,1,73572.0
P12CV06,BRG_028,1,1,38040.0
P12CV06,BRG_028,2,1,33804.0
P12CV06,BRG_028,3,0,21084.0
P12CV06,BRG_029,0,1,24732.0
P12CV06,BRG_029,1,1,27912.0
P12CV06,BRG_029,2,1,53652.0
P12CV06,BRG_029,3,1,43500.0
P12CV06,BRG_029,4,0,16704.0
P12CV06,BRG_030,0,1,48264.0
P12CV06,BRG_030,1,1,74652.0
P12CV06,BRG_030,2,0,43584.0
P12CV06,BRG_031,0,1,33540.0
P12CV06,BRG_031,1,1,77256.0
P12CV06,BRG_031,2,1,48300.0
P12CV06,BRG_031,3,0,7404.0
P12CV06,BRG_032,0,1,56880.0
P12CV06,BRG_032,1,1,62124.0
P12CV06,BRG_032,2,0,47496.0
P12CV06,BRG_033,0,1,39852.0
P12CV06,BRG_033,1,1,49836.0
P12CV06,BRG_033,2,1,19176.0
P12CV06,BRG_033,3,1,45156.0
P12CV06,BRG_033,4,0,12480.0
P12CV06,BRG_034,0,1,39660.0
P12CV06,BRG_034,1,1,48660.0
P12CV06,BRG_034,2,1,56856.0
P12CV06,BRG_034,3,0,21324.0
P12CV06,BRG_035,0,1,37092.0
P12CV06,BRG_035,1,1,54228.0
P12CV06,BRG_035,2,0,75180.0
P12CV06,BRG_036,0,1,51972.0
P12CV06,BRG_036,1,1,31836.0
P12CV06,BRG_036,2,1,59016.0
P12CV06,BRG_036,3,0,23676.0
P12CV06,BRG_037,0,1,44124.0
P12CV06,BRG_037,1,1,42060.0
P12CV06,BRG_037,2,1,45732.0
P12CV06,BRG_037,3,0,34584.0
P12CV06,BRG_038,0,1,44280.0
P12CV06,BRG_038,1,1,62736.0
P12CV06,BRG_038,2,1,25320.0
P12CV06,BRG_038,3,0,34164.0
P12CV06,BRG_039,0,1,58884.0
P12CV06,BRG_039,1,1,22056.0
P12CV06,BRG_039,2,1,57912.0
P12CV06,BRG_039,3,1,22512.0
P12CV06,BRG_039,4,0,5136.0
P12CV06,BRG_040,0,1,47436.0
P12CV06,BRG_040,1,1,47520.0
P12CV06,BRG_040,2,1,31548.0
P12CV06,BRG_040,3,1,19356.0
P12CV06,BRG_040,4,0,20640.0
P12CV06,BRG_041,0,1,20028.0
P12CV06,BRG_041,1,1,43584.0
P12CV06,BRG_041,2,1,28944.0
P12CV06,BRG_041,3,1,50640.0
P12CV06,BRG_041,4,0,23304.0
P12CV06,BRG_042,0,1,57300.0
P12CV06,BRG_042,1,1,23052.0
P12CV06,BRG_042,2,1,33876.0
P12CV06,BRG_042,3,1,31596.0
P12CV06,BRG_042,4,0,20676.0
P12CV06,BRG_043,0,1,58392.0
P12CV06,BRG_043,1,1,40620.0
P12CV06,BRG_043,2,1,15972.0
P12CV06,BRG_043,3,0,51516.0
P12CV06,BRG_044,0,1,11484.0
P12CV06,BRG_044,1,1,23004.0
P12CV06,BRG_044,2,1,32208.0
P12CV06,BRG_044,3,1,30948.0
P12CV06,BRG_044,4,1,20064.0
P12CV06,BRG_044,5,0,48792.0
P12CV06,BRG_045,0,1,42960.0
P12CV06,BRG_045,1,1,36852.0
P12CV06,BRG_045,2,1,8244.0
P12CV06,BRG_045,3,1,36996.0
P12CV06,BRG_045,4,1,35148.0
P12CV06,BRG_045,5,0,6300.0
P12CV06,BRG_046,0,1,20436.0
P12CV06,BRG_046,1,1,15852.0
P12CV06,BRG_046,2,1,65292.0
P12CV06,BRG_046,3,1,58008.0
P12CV06,BRG_046,4,0,6912.0
P12CV07,BRG_001,0,1,31212.0
P12CV07,BRG_001,1,1,28464.0
P12CV07,BRG_001,2,1,32760.0
P12CV07,BRG_001,3,1,56640.0
P12CV07,BRG_001,4,0,17340.0
P12CV07,BRG_002,0,1,36936.0
P12CV07,BRG_002,1,1,59124.0
P12CV07,BRG_002,2,1,39276.0
P12CV07,BRG_002,3,0,31080.0
P12CV07,BRG_003,0,1,55992.0
P12CV07,BRG_003,1,1,51684.0
P12CV07,BRG_003,2,1,52860.0
P12CV07,BRG_003,3,0,5880.0
P12CV07,BRG_004,0,1,42516.0
P12CV07,BRG_004,1,1,53364.0
P12CV07,BRG_004,2,1,33060.0
P12CV07,BRG_004,3,0,37476.0
P12CV07,BRG_005,0,1,47448.0
P12CV07,BRG_005,1,1,69792.0
P12CV07,BRG_005,2,1,48696.0
P12CV07,BRG_005,3,0,480.0
P12CV07,BRG_006,0,1,46836.0
P12CV07,BRG_006,1,1,31164.0
P12CV07,BRG_006,2,1,40224.0
P12CV07,BRG_006,3,1,28692.0
P12CV07,BRG_006,4,0,19500.0
P12CV07,BRG_007,0,1,50484.0
P12CV07,BRG_007,1,1,37080.0
P12CV07,BRG_007,2,1,41628.0
P12CV07,BRG_007,3,1,15684.0
P12CV07,BRG_007,4,0,21540.0
P12CV07,BRG_008,0,1,58896.0
P12CV07,BRG_008,1,1,36744.0
P12CV07,BRG_008,2,1,35988.0
P12CV07,BRG_008,3,0,34788.0
P12CV07,BRG_009,0,1,43224.0
P12CV07,BRG_009,1,1,46776.0
P12CV07,BRG_009,2,1,66468.0
P12CV07,BRG_009,3,0,9948.0
P12CV07,BRG_010,0,1,32796.0
P12CV07,BRG_010,1,1,30636.0
P12CV07,BRG_010,2,1,39324.0
P12CV07,BRG_010,3,1,24084.0
P12CV07,BRG_010,4,0,39576.0
P12CV07,BRG_011,0,1,18348.0
P12CV07,BRG_011,1,1,64308.0
P12CV07,BRG_011,2,1,39492.0
P12CV07,BRG_011,3,0,44268.0
P12CV07,BRG_012,0,1,15360.0
P12CV07,BRG_012,1,1,59688.0
P12CV07,BRG_012,2,1,25728.0
P12CV07,BRG_012,3,1,51696.0
P12CV07,BRG_012,4,0,13944.0
P12CV07,BRG_013,0,1,65964.0
P12CV07,BRG_013,1,1,42768.0
P12CV07,BRG_013,2,1,42120.0
P12CV07,BRG_013,3,0,15564.0
P12CV07,BRG_014,0,1,37752.0
P12CV07,BRG_014,1,1,37764.0
P12CV07,BRG_014,2,1,40872.0
P12CV07,BRG_014,3,1,48192.0
P12CV07,BRG_014,4,0,1836.0
P12CV07,BRG_015,0,1,37716.0
P12CV07,BRG_015,1,1,77340.0
P12CV07,BRG_015,2,1,45732.0
P12CV07,BRG_015,3,0,5628.0
P12CV07,BRG_016,0,1,59100.0
P12CV07,BRG_016,1,1,58248.0
P12CV07,BRG_016,2,1,6312.0
P12CV07,BRG_016,3,1,41076.0
P12CV07,BRG_016,4,0,1680.0
P12CV07,BRG_017,0,1,55788.0
P12CV07,BRG_017,1,1,42516.0
P12CV07,BRG_017,2,1,33960.0
P12CV07,BRG_017,3,0,34152.0
P12CV07,BRG_018,0,1,50028.0
P12CV07,BRG_018,1,1,54432.0
P12CV07,BRG_018,2,0,61956.0
P12CV07,BRG_019,0,1,22500.0
P12CV07,BRG_019,1,1,32844.0
P12CV07,BRG_019,2,1,26856.0
P12CV07,BRG_019,3,1,62808.0
P12CV07,BRG_019,4,0,21408.0
P12CV07,BRG_020,0,1,26616.0
P12CV07,BRG_020,1,1,34140.0
P12CV07,BRG_020,2,1,41316.0
P12CV07,BRG_020,3,1,19776.0
P12CV07,BRG_020,4,1,39768.0
P12CV07,BRG_020,5,0,4800.0
P12CV07,BRG_021,0,1,52068.0
P12CV07,BRG_021,1,1,44400.0
P12CV07,BRG_021,2,1,28884.0
P12CV07,BRG_021,3,1,40764.0
P12CV07,BRG_021,4,0,300.0
P12CV07,BRG_022,0,1,86256.0
P12CV07,BRG_022,1,1,48444.0
P12CV07,BRG_022,2,0,31716.0
P12CV07,BRG_023,0,1,35772.0
P12CV07,BRG_023,1,1,50244.0
P12CV07,BRG_023,2,1,33768.0
P12CV07,BRG_023,3,0,46632.0
P12CV07,BRG_024,0,1,51888.0
P12CV07,BRG_024,1,1,44136.0
P12CV07,BRG_024,2,1,53040.0
P12CV07,BRG_024,3,0,17352.0
P12CV07,BRG_025,0,1,44400.0
P12CV07,BRG_025,1,1,38172.0
P12CV07,BRG_025,2,1,22884.0
P12CV07,BRG_025,3,1,46320.0
P12CV07,BRG_025,4,0,14640.0
P12CV07,BRG_026,0,1,70980.0
P12CV07,BRG_026,1,1,68892.0
P12CV07,BRG_026,2,1,13860.0
P12CV07,BRG_026,3,0,12684.0
P12CV07,BRG_027,0,1,54660.0
P12CV07,BRG_027,1,1,75828.0
P12CV07,BRG_027,2,1,34908.0
P12CV07,BRG_027,3,0,1020.0
P12CV07,BRG_028,0,1,11736.0
P12CV07,BRG_028,1,1,28704.0
P12CV07,BRG_028,2,1,54384.0
P12CV07,BRG_028,3,1,29544.0
P12CV07,BRG_028,4,1,30624.0
P12CV07,BRG_028,5,0,11424.0
P12CV07,BRG_029,0,1,44268.0
P12CV07,BRG_029,1,1,29076.0
P12CV07,BRG_029,2,1,57060.0
P12CV07,BRG_029,3,1,29448.0
P12CV07,BRG_029,4,0,6564.0
P12CV07,BRG_030,0,1,34332.0
P12CV07,BRG_030,1,1,51816.0
P12CV07,BRG_030,2,1,9840.0
P12CV07,BRG_030,3,1,48492.0
P12CV07,BRG_030,4,1,21936.0
P12CV07,BRG_030,5,0,0.0
P12CV07,BRG_031,0,1,33828.0
P12CV07,BRG_031,1,1,46644.0
P12CV07,BRG_031,2,1,51444.0
P12CV07,BRG_031,3,0,34500.0
P12CV07,BRG_032,0,1,31176.0
P12CV07,BRG_032,1,1,65136.0
P12CV07,BRG_032,2,1,61488.0
P12CV07,BRG_032,3,0,8616.0
P12CV07,BRG_033,0,1,60264.0
P12CV07,BRG_033,1,1,40260.0
P12CV07,BRG_033,2,1,41484.0
P12CV07,BRG_033,3,0,24408.0
P12CV07,BRG_034,0,1,25920.0
P12CV07,BRG_034,1,1,30492.0
P12CV07,BRG_034,2,1,39384.0
P12CV07,BRG_034,3,1,49704.0
P12CV07,BRG_034,4,0,20916.0
P12CV07,BRG_035,0,1,71952.0
P12CV07,BRG_035,1,1,26460.0
P12CV07,BRG_035,2,1,45840.0
P12CV07,BRG_035,3,0,22164.0
P12CV07,BRG_036,0,1,45624.0
P12CV07,BRG_036,1,1,48828.0
P12CV07,BRG_036,2,1,37308.0
P12CV07,BRG_036,3,0,34656.0
P12CV07,BRG_037,0,1,60888.0
P12CV07,BRG_037,1,1,71844.0
P12CV07,BRG_037,2,1,24528.0
P12CV07,BRG_037,3,0,9156.0
P12CV07,BRG_038,0,1,47748.0
P12CV07,BRG_038,1,1,15312.0
P12CV07,BRG_038,2,1,80868.0
P12CV07,BRG_038,3,0,22488.0
P12CV07,BRG_039,0,1,66720.0
P12CV07,BRG_039,1,1,33552.0
P12CV07,BRG_039,2,1,33696.0
P12CV07,BRG_039,3,0,32448.0
P12CV07,BRG_040,0,1,34560.0
P12CV07,BRG_040,1,1,18816.0
P12CV07,BRG_040,2,1,24036.0
P12CV07,BRG_040,3,1,37896.0
P12CV07,BRG_040,4,1,22368.0
P12CV07,BRG_040,5,0,28740.0
P12CV07,BRG_041,0,1,49380.0
P12CV07,BRG_041,1,1,66972.0
P12CV07,BRG_041,2,1,13944.0
P12CV07,BRG_041,3,0,36120.0
P12CV07,BRG_042,0,1,50664.0
P12CV07,BRG_042,1,1,8496.0
P12CV07,BRG_042,2,1,45900.0
P12CV07,BRG_042,3,1,25200.0
P12CV07,BRG_042,4,0,36156.0
P12CV07,BRG_043,0,1,21588.0
P12CV07,BRG_043,1,1,59376.0
P12CV07,BRG_043,2,1,27996.0
P12CV07,BRG_043,3,1,11820.0
P12CV07,BRG_043,4,0,45636.0
P12CV07,BRG_044,0,1,12060.0
P12CV07,BRG_044,1,1,38388.0
P12CV07,BRG_044,2,1,35028.0
P12CV07,BRG_044,3,1,22596.0
P12CV07,BRG_044,4,1,33744.0
P12CV07,BRG_044,5,0,24600.0
P12CV07,BRG_045,0,1,21960.0
P12CV07,BRG_045,1,1,52116.0
P12CV07,BRG_045,2,1,52056.0
P12CV07,BRG_045,3,0,40284.0
P12CV07,BRG_046,0,1,26172.0
P12CV07,BRG_046,1,1,46608.0
P12CV07,BRG_046,2,1,22800.0
P12CV07,BRG_046,3,1,50676.0
P12CV07,BRG_046,4,0,20160.0
P12CV08,BRG_001,0,1,54744.0
P12CV08,BRG_001,1,1,21516.0
P12CV08,BRG_001,2,1,29448.0
P12CV08,BRG_001,3,1,34068.0
P12CV08,BRG_001,4,0,26976.0
P12CV08,BRG_002,0,1,37776.0
P12CV08,BRG_002,1,1,26172.0
P12CV08,BRG_002,2,1,25068.0
P12CV08,BRG_002,3,1,39576.0
P12CV08,BRG_002,4,0,38160.0
P12CV08,BRG_003,0,1,64824.0
P12CV08,BRG_003,1,1,35916.0
P12CV08,BRG_003,2,1,46656.0
P12CV08,BRG_003,3,1,10188.0
P12CV08,BRG_003,4,0,9168.0
P12CV08,BRG_004,0,1,57240.0
P12CV08,BRG_004,1,1,23256.0
P12CV08,BRG_004,2,1,67500.0
P12CV08,BRG_004,3,0,18756.0
P12CV08,BRG_005,0,1,26532.0
P12CV08,BRG_005,1,1,47952.0
P12CV08,BRG_005,2,1,51444.0
P12CV08,BRG_005,3,0,40824.0
P12CV08,BRG_006,0,1,61608.0
P12CV08,BRG_006,1,1,33384.0
P12CV08,BRG_006,2,1,62988.0
P12CV08,BRG_006,3,0,8772.0
P12CV08,BRG_007,0,1,26424.0
P12CV08,BRG_007,1,1,62052.0
P12CV08,BRG_007,2,1,50664.0
P12CV08,BRG_007,3,0,27612.0
P12CV08,BRG_008,0,1,57132.0
P12CV08,BRG_008,1,1,15936.0
P12CV08,BRG_008,2,1,21192.0
P12CV08,BRG_008,3,1,29208.0
P12CV08,BRG_008,4,0,43284.0
P12CV08,BRG_009,0,1,42720.0
P12CV08,BRG_009,1,1,54288.0
P12CV08,BRG_009,2,1,37860.0
P12CV08,BRG_009,3,0,31884.0
P12CV08,BRG_010,0,1,54684.0
P12CV08,BRG_010,1,1,53184.0
P12CV08,BRG_010,2,1,38160.0
P12CV08,BRG_010,3,0,20724.0
P12CV08,BRG_011,0,1,47892.0
P12CV08,BRG_011,1,1,38232.0
P12CV08,BRG_011,2,1,57984.0
P12CV08,BRG_011,3,1,21000.0
P12CV08,BRG_011,4,0,1644.0
P12CV08,BRG_012,0,1,60228.0
P12CV08,BRG_012,1,1,46908.0
P12CV08,BRG_012,2,1,31392.0
P12CV08,BRG_012,3,1,22020.0
P12CV08,BRG_012,4,0,6204.0
P12CV08,BRG_013,0,1,38472.0
P12CV08,BRG_013,1,1,39120.0
P12CV08,BRG_013,2,1,56640.0
P12CV08,BRG_013,3,0,32520.0
P12CV08,BRG_014,0,1,77364.0
P12CV08,BRG_014,1,1,16080.0
P12CV08,BRG_014,2,1,69000.0
P12CV08,BRG_014,3,0,4308.0
P12CV08,BRG_015,0,1,59496.0
P12CV08,BRG_015,1,1,38904.0
P12CV08,BRG_015,2,1,26184.0
P12CV08,BRG_015,3,1,35148.0
P12CV08,BRG_015,4,0,7020.0
P12CV08,BRG_016,0,1,52356.0
P12CV08,BRG_016,1,1,38592.0
P12CV08,BRG_016,2,1,34584.0
P12CV08,BRG_016,3,0,41220.0
P12CV08,BRG_017,0,1,45792.0
P12CV08,BRG_017,1,1,32052.0
P12CV08,BRG_017,2,1,48732.0
P12CV08,BRG_017,3,0,40176.0
P12CV08,BRG_018,0,1,67020.0
P12CV08,BRG_018,1,1,42060.0
P12CV08,BRG_018,2,1,19896.0
P12CV08,BRG_018,3,1,19728.0
P12CV08,BRG_018,4,0,18048.0
P12CV08,BRG_019,0,1,67644.0
P12CV08,BRG_019,1,1,26508.0
P12CV08,BRG_019,2,1,34452.0
P12CV08,BRG_019,3,0,38148.0
P12CV08,BRG_020,0,1,36948.0
P12CV08,BRG_020,1,1,54060.0
P12CV08,BRG_020,2,1,38472.0
P12CV08,BRG_020,3,0,37272.0
P12CV08,BRG_021,0,1,58956.0
P12CV08,BRG_021,1,1,21984.0
P12CV08,BRG_021,2,1,39636.0
P12CV08,BRG_021,3,0,46176.0
P12CV08,BRG_022,0,1,40572.0
P12CV08,BRG_022,1,1,45780.0
P12CV08,BRG_022,2,1,33756.0
P12CV08,BRG_022,3,1,44688.0
P12CV08,BRG_022,4,0,1956.0
P12CV08,BRG_023,0,1,64956.0
P12CV08,BRG_023,1,1,32352.0
P12CV08,BRG_023,2,1,44040.0
P12CV08,BRG_023,3,0,25404.0
P12CV08,BRG_024,0,1,49956.0
P12CV08,BRG_024,1,1,48336.0
P12CV08,BRG_024,2,1,31296.0
P12CV08,BRG_024,3,1,15372.0
P12CV08,BRG_024,4,0,21792.0
P12CV08,BRG_025,0,1,49512.0
P12CV08,BRG_025,1,1,63192.0
P12CV08,BRG_025,2,1,42948.0
P12CV08,BRG_025,3,0,11100.0
P12CV08,BRG_026,0,1,36792.0
P12CV08,BRG_026,1,1,51696.0
P12CV08,BRG_026,2,1,26088.0
P12CV08,BRG_026,3,1,50112.0
P12CV08,BRG_026,4,0,2064.0
P12CV08,BRG_027,0,1,63912.0
P12CV08,BRG_027,1,1,78180.0
P12CV08,BRG_027,2,1,24204.0
P12CV08,BRG_027,3,0,456.0
P12CV08,BRG_028,0,1,43440.0
P12CV08,BRG_028,1,1,45204.0
P12CV08,BRG_028,2,1,40536.0
P12CV08,BRG_028,3,0,37572.0
P12CV08,BRG_029,0,1,29424.0
P12CV08,BRG_029,1,1,56256.0
P12CV08,BRG_029,2,1,58932.0
P12CV08,BRG_029,3,0,22140.0
P12CV08,BRG_030,0,1,33924.0
P12CV08,BRG_030,1,1,69144.0
P12CV08,BRG_030,2,1,53904.0
P12CV08,BRG_030,3,0,9780.0
P12CV08,BRG_031,0,1,16692.0
P12CV08,BRG_031,1,1,4524.0
P12CV08,BRG_031,2,1,78744.0
P12CV08,BRG_031,3,1,53304.0
P12CV08,BRG_031,4,0,13488.0
P12CV08,BRG_032,0,1,34440.0
P12CV08,BRG_032,1,1,33648.0
P12CV08,BRG_032,2,1,33840.0
P12CV08,BRG_032,3,1,19188.0
P12CV08,BRG_032,4,1,41472.0
P12CV08,BRG_032,5,0,4164.0
P12CV08,BRG_033,0,1,38316.0
P12CV08,BRG_033,1,1,40152.0
P12CV08,BRG_033,2,1,65988.0
P12CV08,BRG_033,3,0,22296.0
P12CV08,BRG_034,0,1,51768.0
P12CV08,BRG_034,1,1,45840.0
P12CV08,BRG_034,2,1,40896.0
P12CV08,BRG_034,3,0,28248.0
P12CV08,BRG_035,0,1,22452.0
P12CV08,BRG_035,1,1,28992.0
P12CV08,BRG_035,2,1,19380.0
P12CV08,BRG_035,3,1,13884.0
P12CV08,BRG_035,4,1,28320.0
P12CV08,BRG_035,5,1,52044.0
P12CV08,BRG_035,6,0,1680.0
P12CV08,BRG_036,0,1,22248.0
P12CV08,BRG_036,1,1,48420.0
P12CV08,BRG_036,2,1,76860.0
P12CV08,BRG_036,3,0,19224.0
P12CV08,BRG_037,0,1,57000.0
P12CV08,BRG_037,1,1,58476.0
P12CV08,BRG_037,2,0,51276.0
P12CV08,BRG_038,0,1,67344.0
P12CV08,BRG_038,1,1,32556.0
P12CV08,BRG_038,2,1,28512.0
P12CV08,BRG_038,3,1,27708.0
P12CV08,BRG_038,4,0,10632.0
P12CV08,BRG_039,0,1,36084.0
P12CV08,BRG_039,1,1,37392.0
P12CV08,BRG_039,2,1,24384.0
P12CV08,BRG_039,3,1,64596.0
P12CV08,BRG_039,4,0,4296.0
P12CV08,BRG_040,0,1,66072.0
P12CV08,BRG_040,1,1,57168.0
P12CV08,BRG_040,2,1,26292.0
P12CV08,BRG_040,3,0,17220.0
P12CV08,BRG_041,0,1,21060.0
P12CV08,BRG_041,1,1,32892.0
P12CV08,BRG_041,2,1,33012.0
P12CV08,BRG_041,3,1,56028.0
P12CV08,BRG_041,4,0,23760.0
P12CV08,BRG_042,0,1,21564.0
P12CV08,BRG_042,1,1,41040.0
P12CV08,BRG_042,2,1,20256.0
P12CV08,BRG_042,3,1,49152.0
P12CV08,BRG_042,4,0,34740.0
P12CV08,BRG_043,0,1,55548.0
P12CV08,BRG_043,1,1,58776.0
P12CV08,BRG_043,2,0,52428.0
P12CV08,BRG_044,0,1,33864.0
P12CV08,BRG_044,1,1,39408.0
P12CV08,BRG_044,2,1,48480.0
P12CV08,BRG_044,3,1,33000.0
P12CV08,BRG_044,4,0,12000.0
P12CV08,BRG_045,0,1,15528.0
P12CV08,BRG_045,1,1,45120.0
P12CV08,BRG_045,2,1,49956.0
P12CV08,BRG_045,3,0,56148.0
P12CV08,BRG_046,0,1,36096.0
P12CV08,BRG_046,1,1,47232.0
P12CV08,BRG_046,2,1,63024.0
P12CV08,BRG_046,3,0,20400.0
P12CV09,BRG_001,0,1,50868.0
P12CV09,BRG_001,1,1,12420.0
P12CV09,BRG_001,2,1,56496.0
P12CV09,BRG_001,3,1,19716.0
P12CV09,BRG_001,4,0,27396.0
P12CV09,BRG_002,0,1,33384.0
P12CV09,BRG_002,1,1,42696.0
P12CV09,BRG_002,2,1,26088.0
P12CV09,BRG_002,3,1,42192.0
P12CV09,BRG_002,4,1,17472.0
P12CV09,BRG_002,5,0,5064.0
P12CV09,BRG_003,0,1,36384.0
P12CV09,BRG_003,1,1,27312.0
P12CV09,BRG_003,2,1,42756.0
P12CV09,BRG_003,3,1,50868.0
P12CV09,BRG_003,4,0,9576.0
P12CV09,BRG_004,0,1,65088.0
P12CV09,BRG_004,1,1,42444.0
P12CV09,BRG_004,2,0,59364.0
P12CV09,BRG_005,0,1,55764.0
P12CV09,BRG_005,1,1,53388.0
P12CV09,BRG_005,2,1,43344.0
P12CV09,BRG_005,3,0,14400.0
P12CV09,BRG_006,0,1,44376.0
P12CV09,BRG_006,1,1,51564.0
P12CV09,BRG_006,2,1,29316.0
P12CV09,BRG_006,3,0,41640.0
P12CV09,BRG_007,0,1,30780.0
P12CV09,BRG_007,1,1,44448.0
P12CV09,BRG_007,2,1,29016.0
P12CV09,BRG_007,3,0,62652.0
P12CV09,BRG_008,0,1,55608.0
P12CV09,BRG_008,1,1,56376.0
P12CV09,BRG_008,2,1,50460.0
P12CV09,BRG_008,3,0,4452.0
P12CV09,BRG_009,0,1,34884.0
P12CV09,BRG_009,1,1,34608.0
P12CV09,BRG_009,2,1,16176.0
P12CV09,BRG_009,3,1,36852.0
P12CV09,BRG_009,4,1,19308.0
P12CV09,BRG_009,5,0,25068.0
P12CV09,BRG_010,0,1,54120.0
P12CV09,BRG_010,1,1,47856.0
P12CV09,BRG_010,2,1,36912.0
P12CV09,BRG_010,3,0,28008.0
P12CV09,BRG_011,0,1,37068.0
P12CV09,BRG_011,1,1,49284.0
P12CV09,BRG_011,2,1,29112.0
P12CV09,BRG_011,3,1,41100.0
P12CV09,BRG_011,4,0,10332.0
P12CV09,BRG_012,0,1,27876.0
P12CV09,BRG_012,1,1,42252.0
P12CV09,BRG_012,2,1,29412.0
P12CV09,BRG_012,3,1,51756.0
P12CV09,BRG_012,4,1,7908.0
P12CV09,BRG_012,5,0,7692.0
P12CV09,BRG_013,0,1,61596.0
P12CV09,BRG_013,1,1,29400.0
P12CV09,BRG_013,2,1,24432.0
P12CV09,BRG_013,3,0,51468.0
P12CV09,BRG_014,0,1,46764.0
P12CV09,BRG_014,1,1,54936.0
P12CV09,BRG_014,2,1,27936.0
P12CV09,BRG_014,3,0,37260.0
P12CV09,BRG_015,0,1,41580.0
P12CV09,BRG_015,1,1,30936.0
P12CV09,BRG_015,2,1,24000.0
P12CV09,BRG_015,3,1,29568.0
P12CV09,BRG_015,4,1,26424.0
P12CV09,BRG_015,5,0,14388.0
P12CV09,BRG_016,0,1,46404.0
P12CV09,BRG_016,1,1,42024.0
P12CV09,BRG_016,2,1,71292.0
P12CV09,BRG_016,3,0,7176.0
P12CV09,BRG_017,0,1,22440.0
P12CV09,BRG_017,1,1,55008.0
P12CV09,BRG_017,2,1,55584.0
P12CV09,BRG_017,3,0,33864.0
P12CV09,BRG_018,0,1,56640.0
P12CV09,BRG_018,1,1,52236.0
P12CV09,BRG_018,2,1,45252.0
P12CV09,BRG_018,3,0,12768.0
P12CV09,BRG_019,0,1,67776.0
P12CV09,BRG_019,1,1,29064.0
P12CV09,BRG_019,2,1,13776.0
P12CV09,BRG_019,3,1,44244.0
P12CV09,BRG_019,4,0,12036.0
P12CV09,BRG_020,0,1,46416.0
P12CV09,BRG_020,1,1,65676.0
P12CV09,BRG_020,2,0,54804.0
P12CV09,BRG_021,0,1,44268.0
P12CV09,BRG_021,1,1,54060.0
P12CV09,BRG_021,2,0,68568.0
P12CV09,BRG_022,0,1,51684.0
P12CV09,BRG_022,1,1,28464.0
P12CV09,BRG_022,2,1,29112.0
P12CV09,BRG_022,3,1,29160.0
P12CV09,BRG_022,4,0,28476.0
P12CV09,BRG_023,0,1,47760.0
P12CV09,BRG_023,1,1,33528.0
P12CV09,BRG_023,2,1,38160.0
P12CV09,BRG_023,3,1,43224.0
P12CV09,BRG_023,4,0,4224.0
P12CV09,BRG_024,0,1,43944.0
P12CV09,BRG_024,1,1,64560.0
P12CV09,BRG_024,2,1,42204.0
P12CV09,BRG_024,3,0,16188.0
P12CV09,BRG_025,0,1,59916.0
P12CV09,BRG_025,1,1,32916.0
P12CV09,BRG_025,2,1,33936.0
P12CV09,BRG_025,3,1,29124.0
P12CV09,BRG_025,4,0,11004.0
P12CV09,BRG_026,0,1,60144.0
P12CV09,BRG_026,1,1,69696.0
P12CV09,BRG_026,2,0,37056.0
P12CV09,BRG_027,0,1,36768.0
P12CV09,BRG_027,1,1,17784.0
P12CV09,BRG_027,2,1,52164.0
P12CV09,BRG_027,3,0,60180.0
P12CV09,BRG_028,0,1,45324.0
P12CV09,BRG_028,1,1,41796.0
P12CV09,BRG_028,2,1,30420.0
P12CV09,BRG_028,3,1,47208.0
P12CV09,BRG_028,4,0,2148.0
P12CV09,BRG_029,0,1,41664.0
P12CV09,BRG_029,1,1,21660.0
P12CV09,BRG_029,2,1,50124.0
P12CV09,BRG_029,3,1,37932.0
P12CV09,BRG_029,4,0,15516.0
P12CV09,BRG_030,0,1,31248.0
P12CV09,BRG_030,1,1,64464.0
P12CV09,BRG_030,2,1,43896.0
P12CV09,BRG_030,3,0,27288.0
P12CV09,BRG_031,0,1,48180.0
P12CV09,BRG_031,1,1,38760.0
P12CV09,BRG_031,2,1,35808.0
P12CV09,BRG_031,3,0,44148.0
P12CV09,BRG_032,0,1,48888.0
P12CV09,BRG_032,1,1,61884.0
P12CV09,BRG_032,2,1,45612.0
P12CV09,BRG_032,3,0,10512.0
P12CV09,BRG_033,0,1,53004.0
P12CV09,BRG_033,1,1,49512.0
P12CV09,BRG_033,2,1,62556.0
P12CV09,BRG_033,3,0,1824.0
P12CV09,BRG_034,0,1,42348.0
P12CV09,BRG_034,1,1,55968.0
P12CV09,BRG_034,2,1,43860.0
P12CV09,BRG_034,3,0,24720.0
P12CV09,BRG_035,0,1,29496.0
P12CV09,BRG_035,1,1,58488.0
P12CV09,BRG_035,2,1,47472.0
P12CV09,BRG_035,3,0,31440.0
P12CV09,BRG_036,0,1,43908.0
P12CV09,BRG_036,1,1,49560.0
P12CV09,BRG_036,2,1,26064.0
P12CV09,BRG_036,3,0,47364.0
P12CV09,BRG_037,0,1,39612.0
P12CV09,BRG_037,1,1,19668.0
P12CV09,BRG_037,2,1,47736.0
P12CV09,BRG_037,3,1,43392.0
P12CV09,BRG_037,4,0,16488.0
P12CV09,BRG_038,0,1,20292.0
P12CV09,BRG_038,1,1,30204.0
P12CV09,BRG_038,2,1,36876.0
P12CV09,BRG_038,3,1,67884.0
P12CV09,BRG_038,4,0,11640.0
P12CV09,BRG_039,0,1,38616.0
P12CV09,BRG_039,1,1,38772.0
P12CV09,BRG_039,2,1,27012.0
P12CV09,BRG_039,3,0,62496.0
P12CV09,BRG_040,0,1,39228.0
P12CV09,BRG_040,1,1,64476.0
P12CV09,BRG_040,2,1,41460.0
P12CV09,BRG_040,3,0,21732.0
P12CV09,BRG_041,0,1,55332.0
P12CV09,BRG_041,1,1,50472.0
P12CV09,BRG_041,2,1,54000.0
P12CV09,BRG_041,3,0,7092.0
P12CV09,BRG_042,0,1,45672.0
P12CV09,BRG_042,1,1,61008.0
P12CV09,BRG_042,2,1,39816.0
P12CV09,BRG_042,3,0,20400.0
P12CV09,BRG_043,0,1,39336.0
P12CV09,BRG_043,1,1,74544.0
P12CV09,BRG_043,2,1,49692.0
P12CV09,BRG_043,3,0,3324.0
P12CV09,BRG_044,0,1,32532.0
P12CV09,BRG_044,1,1,63852.0
P12CV09,BRG_044,2,1,30516.0
P12CV09,BRG_044,3,0,39996.0
P12CV09,BRG_045,0,1,36516.0
P12CV09,BRG_045,1,1,38388.0
P12CV09,BRG_045,2,1,61536.0
P12CV09,BRG_045,3,0,30456.0
P12CV09,BRG_046,0,1,43728.0
P12CV09,BRG_046,1,1,35928.0
P12CV09,BRG_046,2,1,40284.0
P12CV09,BRG_046,3,1,31668.0
P12CV09,BRG_046,4,0,15288.0
P12CV10,BRG_001,0,1,41700.0
P12CV10,BRG_001,1,1,55704.0
P12CV10,BRG_001,2,0,69744.0
P12CV10,BRG_002,0,1,27960.0
P12CV10,BRG_002,1,1,27960.0
P12CV10,BRG_002,2,1,60432.0
P12CV10,BRG_002,3,1,22536.0
P12CV10,BRG_002,4,0,28260.0
P12CV10,BRG_003,0,1,44832.0
P12CV10,BRG_003,1,1,32916.0
P12CV10,BRG_003,2,1,43872.0
P12CV10,BRG_003,3,0,45528.0
P12CV10,BRG_004,0,1,58092.0
P12CV10,BRG_004,1,1,50784.0
P12CV10,BRG_004,2,1,43380.0
P12CV10,BRG_004,3,0,14892.0
P12CV10,BRG_005,0,1,51780.0
P12CV10,BRG_005,1,1,25620.0
P12CV10,BRG_005,2,1,42264.0
P12CV10,BRG_005,3,1,40116.0
P12CV10,BRG_005,4,0,7368.0
P12CV10,BRG_006,0,1,43320.0
P12CV10,BRG_006,1,1,22008.0
P12CV10,BRG_006,2,1,60588.0
P12CV10,BRG_006,3,0,41232.0
P12CV10,BRG_007,0,1,54252.0
P12CV10,BRG_007,1,1,41868.0
P12CV10,BRG_007,2,1,38208.0
P12CV10,BRG_007,3,0,32820.0
P12CV10,BRG_008,0,1,50460.0
P12CV10,BRG_008,1,1,69552.0
P12CV10,BRG_008,2,1,45072.0
P12CV10,BRG_008,3,0,2064.0
P12CV10,BRG_009,0,1,52368.0
P12CV10,BRG_009,1,1,65976.0
P12CV10,BRG_009,2,0,48804.0
P12CV10,BRG_010,0,1,72804.0
P12CV10,BRG_010,1,1,56556.0
P12CV10,BRG_010,2,0,37788.0
P12CV10,BRG_011,0,1,61116.0
P12CV10,BRG_011,1,1,31188.0
P12CV10,BRG_011,2,1,50100.0
P12CV10,BRG_011,3,0,24744.0
P12CV10,BRG_012,0,1,29856.0
P12CV10,BRG_012,1,1,33816.0
P12CV10,BRG_012,2,1,46116.0
P12CV10,BRG_012,3,1,25980.0
P12CV10,BRG_012,4,0,31380.0
P12CV10,BRG_013,0,1,40656.0
P12CV10,BRG_013,1,1,49920.0
P12CV10,BRG_013,2,1,18600.0
P12CV10,BRG_013,3,0,57972.0
P12CV10,BRG_014,0,1,47256.0
P12CV10,BRG_014,1,1,59064.0
P12CV10,BRG_014,2,0,60828.0
P12CV10,BRG_015,0,1,25716.0
P12CV10,BRG_015,1,1,51204.0
P12CV10,BRG_015,2,1,29028.0
P12CV10,BRG_015,3,1,16092.0
P12CV10,BRG_015,4,1,30924.0
P12CV10,BRG_015,5,0,14184.0
P12CV10,BRG_016,0,1,40644.0
P12CV10,BRG_016,1,1,19908.0
P12CV10,BRG_016,2,1,22332.0
P12CV10,BRG_016,3,1,54336.0
P12CV10,BRG_016,4,0,29928.0
P12CV10,BRG_017,0,1,27420.0
P12CV10,BRG_017,1,1,57192.0
P12CV10,BRG_017,2,1,21960.0
P12CV10,BRG_017,3,1,34752.0
P12CV10,BRG_017,4,0,25824.0
P12CV10,BRG_018,0,1,39948.0
P12CV10,BRG_018,1,1,39888.0
P12CV10,BRG_018,2,1,8232.0
P12CV10,BRG_018,3,1,19260.0
P12CV10,BRG_018,4,1,52320.0
P12CV10,BRG_018,5,0,7500.0
P12CV10,BRG_019,0,1,59364.0
P12CV10,BRG_019,1,1,44688.0
P12CV10,BRG_019,2,1,21828.0
P12CV10,BRG_019,3,0,41268.0
P12CV10,BRG_020,0,1,20844.0
P12CV10,BRG_020,1,1,47532.0
P12CV10,BRG_020,2,1,50940.0
P12CV10,BRG_020,3,1,43068.0
P12CV10,BRG_020,4,0,4764.0
P12CV10,BRG_021,0,1,33252.0
P12CV10,BRG_021,1,1,49692.0
P12CV10,BRG_021,2,1,71124.0
P12CV10,BRG_021,3,0,13080.0
P12CV10,BRG_022,0,1,27156.0
P12CV10,BRG_022,1,1,11148.0
P12CV10,BRG_022,2,1,30804.0
P12CV10,BRG_022,3,1,55188.0
P12CV10,BRG_022,4,0,42852.0
P12CV10,BRG_023,0,1,27336.0
P12CV10,BRG_023,1,1,51336.0
P12CV10,BRG_023,2,1,63216.0
P12CV10,BRG_023,3,0,25260.0
P12CV10,BRG_024,0,1,93576.0
P12CV10,BRG_024,1,1,36144.0
P12CV10,BRG_024,2,1,16920.0
P12CV10,BRG_024,3,0,20508.0
P12CV10,BRG_025,0,1,100308.0
P12CV10,BRG_025,1,1,47628.0
P12CV10,BRG_025,2,0,19212.0
P12CV10,BRG_026,0,1,81864.0
P12CV10,BRG_026,1,1,49764.0
P12CV10,BRG_026,2,0,35520.0
P12CV10,BRG_027,0,1,43524.0
P12CV10,BRG_027,1,1,67560.0
P12CV10,BRG_027,2,1,47568.0
P12CV10,BRG_027,3,0,8496.0
P12CV10,BRG_028,0,1,25392.0
P12CV10,BRG_028,1,1,23340.0
P12CV10,BRG_028,2,1,28632.0
P12CV10,BRG_028,3,1,33948.0
P12CV10,BRG_028,4,1,35652.0
P12CV10,BRG_028,5,0,20184.0
P12CV10,BRG_029,0,1,64212.0
P12CV10,BRG_029,1,1,64440.0
P12CV10,BRG_029,2,0,38496.0
P12CV10,BRG_030,0,1,58224.0
P12CV10,BRG_030,1,1,16944.0
P12CV10,BRG_030,2,1,71460.0
P12CV10,BRG_030,3,0,20520.0
P12CV10,BRG_031,0,1,38268.0
P12CV10,BRG_031,1,1,33420.0
P12CV10,BRG_031,2,1,17940.0
P12CV10,BRG_031,3,1,37284.0
P12CV10,BRG_031,4,0,40236.0
P12CV10,BRG_032,0,1,40224.0
P12CV10,BRG_032,1,1,26700.0
P12CV10,BRG_032,2,1,18744.0
P12CV10,BRG_032,3,1,49044.0
P12CV10,BRG_032,4,1,31788.0
P12CV10,BRG_032,5,0,648.0
P12CV10,BRG_033,0,1,45468.0
P12CV10,BRG_033,1,1,84024.0
P12CV10,BRG_033,2,0,37656.0
P12CV10,BRG_034,0,1,36456.0
P12CV10,BRG_034,1,1,22236.0
P12CV10,BRG_034,2,1,26004.0
P12CV10,BRG_034,3,1,31596.0
P12CV10,BRG_034,4,0,50856.0
P12CV10,BRG_035,0,1,49920.0
P12CV10,BRG_035,1,1,31260.0
P12CV10,BRG_035,2,1,34788.0
P12CV10,BRG_035,3,1,28944.0
P12CV10,BRG_035,4,1,10812.0
P12CV10,BRG_035,5,0,11424.0
P12CV10,BRG_036,0,1,46620.0
P12CV10,BRG_036,1,1,12132.0
P12CV10,BRG_036,2,1,51432.0
P12CV10,BRG_036,3,1,39912.0
P12CV10,BRG_036,4,0,17052.0
P12CV10,BRG_037,0,1,57360.0
P12CV10,BRG_037,1,1,47112.0
P12CV10,BRG_037,2,1,33288.0
P12CV10,BRG_037,3,0,29388.0
P12CV10,BRG_038,0,1,36684.0
P12CV10,BRG_038,1,1,23172.0
P12CV10,BRG_038,2,1,65964.0
P12CV10,BRG_038,3,0,41328.0
P12CV10,BRG_039,0,1,66744.0
P12CV10,BRG_039,1,1,21624.0
P12CV10,BRG_039,2,1,31368.0
P12CV10,BRG_039,3,1,39780.0
P12CV10,BRG_039,4,0,7632.0
P12CV10,BRG_040,0,1,56580.0
P12CV10,BRG_040,1,1,36984.0
P12CV10,BRG_040,2,1,56928.0
P12CV10,BRG_040,3,0,16656.0
P12CV10,BRG_041,0,1,38256.0
P12CV10,BRG_041,1,1,19776.0
P12CV10,BRG_041,2,1,79812.0
P12CV10,BRG_041,3,0,29304.0
P12CV10,BRG_042,0,1,35124.0
P12CV10,BRG_042,1,1,41616.0
P12CV10,BRG_042,2,1,36960.0
P12CV10,BRG_042,3,1,36276.0
P12CV10,BRG_042,4,0,17172.0
P12CV10,BRG_043,0,1,57396.0
P12CV10,BRG_043,1,1,42780.0
P12CV10,BRG_043,2,1,47208.0
P12CV10,BRG_043,3,0,19764.0
P12CV10,BRG_044,0,1,26448.0
P12CV10,BRG_044,1,1,23592.0
P12CV10,BRG_044,2,1,49032.0
P12CV10,BRG_044,3,0,68076.0
P12CV10,BRG_045,0,1,25332.0
P12CV10,BRG_045,1,1,35040.0
P12CV10,BRG_045,2,1,60324.0
P12CV10,BRG_045,3,0,46452.0
P12CV10,BRG_046,0,1,54972.0
P12CV10,BRG_046,1,1,31764.0
P12CV10,BRG_046,2,1,62772.0
P12CV10,BRG_046,3,0,17640.0
P12CV11,BRG_001,0,1,56496.0
P12CV11,BRG_001,1,1,18768.0
P12CV11,BRG_001,2,1,6840.0
P12CV11,BRG_001,3,1,39012.0
P12CV11,BRG_001,4,0,45852.0
P12CV11,BRG_002,0,1,31584.0
P12CV11,BRG_002,1,1,61104.0
P12CV11,BRG_002,2,1,45312.0
P12CV11,BRG_002,3,0,28968.0
P12CV11,BRG_003,0,1,58608.0
P12CV11,BRG_003,1,1,47400.0
P12CV11,BRG_003,2,1,41244.0
P12CV11,BRG_003,3,0,19716.0
P12CV11,BRG_004,0,1,35628.0
P12CV11,BRG_004,1,1,35904.0
P12CV11,BRG_004,2,1,52380.0
P12CV11,BRG_004,3,1,36696.0
P12CV11,BRG_004,4,0,6360.0
P12CV11,BRG_005,0,1,38724.0
P12CV11,BRG_005,1,1,24012.0
P12CV11,BRG_005,2,1,25536.0
P12CV11,BRG_005,3,1,17772.0
P12CV11,BRG_005,4,1,46356.0
P12CV11,BRG_005,5,0,14568.0
P12CV11,BRG_006,0,1,72960.0
P12CV11,BRG_006,1,1,44280.0
P12CV11,BRG_006,2,1,49044.0
P12CV11,BRG_006,3,0,684.0
P12CV11,BRG_007,0,1,62412.0
P12CV11,BRG_007,1,1,50532.0
P12CV11,BRG_007,2,1,53904.0
P12CV11,BRG_007,3,0,120.0
P12CV11,BRG_008,0,1,40452.0
P12CV11,BRG_008,1,1,37440.0
P12CV11,BRG_008,2,1,41688.0
P12CV11,BRG_008,3,1,46524.0
P12CV11,BRG_008,4,0,864.0
P12CV11,BRG_009,0,1,54660.0
P12CV11,BRG_009,1,1,63996.0
P12CV11,BRG_009,2,0,48312.0
P12CV11,BRG_010,0,1,35100.0
P12CV11,BRG_010,1,1,45252.0
P12CV11,BRG_010,2,1,31092.0
P12CV11,BRG_010,3,1,18324.0
P12CV11,BRG_010,4,1,20064.0
P12CV11,BRG_010,5,0,17136.0
P12CV11,BRG_011,0,1,44712.0
P12CV11,BRG_011,1,1,50952.0
P12CV11,BRG_011,2,1,61932.0
P12CV11,BRG_011,3,0,9372.0
P12CV11,BRG_012,0,1,54672.0
P12CV11,BRG_012,1,1,27252.0
P12CV11,BRG_012,2,1,43932.0
P12CV11,BRG_012,3,1,38004.0
P12CV11,BRG_012,4,0,3108.0
P12CV11,BRG_013,0,1,56196.0
P12CV11,BRG_013,1,1,57684.0
P12CV11,BRG_013,2,1,16500.0
P12CV11,BRG_013,3,0,36588.0
P12CV11,BRG_014,0,1,32184.0
P12CV11,BRG_014,1,1,46344.0
P12CV11,BRG_014,2,1,45612.0
P12CV11,BRG_014,3,1,28224.0
P12CV11,BRG_014,4,0,14604.0
P12CV11,BRG_015,0,1,71400.0
P12CV11,BRG_015,1,1,50232.0
P12CV11,BRG_015,2,1,43020.0
P12CV11,BRG_015,3,0,2316.0
P12CV11,BRG_016,0,1,43620.0
P12CV11,BRG_016,1,1,38964.0
P12CV11,BRG_016,2,1,35724.0
P12CV11,BRG_016,3,1,33972.0
P12CV11,BRG_016,4,0,14688.0
P12CV11,BRG_017,0,1,40992.0
P12CV11,BRG_017,1,1,28440.0
P12CV11,BRG_017,2,1,59724.0
P12CV11,BRG_017,3,0,37812.0
P12CV11,BRG_018,0,1,39840.0
P12CV11,BRG_018,1,1,35628.0
P12CV11,BRG_018,2,1,44436.0
P12CV11,BRG_018,3,1,43968.0
P12CV11,BRG_018,4,0,3096.0
P12CV11,BRG_019,0,1,54804.0
P12CV11,BRG_019,1,1,81204.0
P12CV11,BRG_019,2,0,30960.0
P12CV11,BRG_020,0,1,47748.0
P12CV11,BRG_020,1,1,46248.0
P12CV11,BRG_020,2,1,60588.0
P12CV11,BRG_020,3,0,12384.0
P12CV11,BRG_021,0,1,49692.0
P12CV11,BRG_021,1,1,36168.0
P12CV11,BRG_021,2,1,22728.0
P12CV11,BRG_021,3,0,58380.0
P12CV11,BRG_022,0,1,29136.0
P12CV11,BRG_022,1,1,48432.0
P12CV11,BRG_022,2,1,39084.0
P12CV11,BRG_022,3,0,50316.0
P12CV11,BRG_023,0,1,59196.0
P12CV11,BRG_023,1,1,45216.0
P12CV11,BRG_023,2,1,21624.0
P12CV11,BRG_023,3,0,40932.0
P12CV11,BRG_024,0,1,48240.0
P12CV11,BRG_024,1,1,53364.0
P12CV11,BRG_024,2,1,49512.0
P12CV11,BRG_024,3,0,15852.0
P12CV11,BRG_025,0,1,59592.0
P12CV11,BRG_025,1,1,34584.0
P12CV11,BRG_025,2,1,39024.0
P12CV11,BRG_025,3,0,33768.0
P12CV11,BRG_026,0,1,63588.0
P12CV11,BRG_026,1,1,52512.0
P12CV11,BRG_026,2,0,50868.0
P12CV11,BRG_027,0,1,13500.0
P12CV11,BRG_027,1,1,50172.0
P12CV11,BRG_027,2,1,42864.0
P12CV11,BRG_027,3,1,44928.0
P12CV11,BRG_027,4,0,15504.0
P12CV11,BRG_028,0,1,71148.0
P12CV11,BRG_028,1,1,42240.0
P12CV11,BRG_028,2,1,49332.0
P12CV11,BRG_028,3,0,4248.0
P12CV11,BRG_029,0,1,88356.0
P12CV11,BRG_029,1,1,14148.0
P12CV11,BRG_029,2,1,49668.0
P12CV11,BRG_029,3,0,14796.0
P12CV11,BRG_030,0,1,67248.0
P12CV11,BRG_030,1,1,41616.0
P12CV11,BRG_030,2,0,58104.0
P12CV11,BRG_031,0,1,35160.0
P12CV11,BRG_031,1,1,65064.0
P12CV11,BRG_031,2,1,53340.0
P12CV11,BRG_031,3,0,13404.0
P12CV11,BRG_032,0,1,22572.0
P12CV11,BRG_032,1,1,39732.0
P12CV11,BRG_032,2,1,41724.0
P12CV11,BRG_032,3,1,59856.0
P12CV11,BRG_032,4,0,3084.0
P12CV11,BRG_033,0,1,35784.0
P12CV11,BRG_033,1,1,19200.0
P12CV11,BRG_033,2,1,81204.0
P12CV11,BRG_033,3,0,30780.0
P12CV11,BRG_034,0,1,72588.0
P12CV11,BRG_034,1,1,36528.0
P12CV11,BRG_034,2,1,19680.0
P12CV11,BRG_034,3,0,38172.0
P12CV11,BRG_035,0,1,39072.0
P12CV11,BRG_035,1,1,41220.0
P12CV11,BRG_035,2,1,18288.0
P12CV11,BRG_035,3,1,33912.0
P12CV11,BRG_035,4,1,27648.0
P12CV11,BRG_035,5,0,6828.0
P12CV11,BRG_036,0,1,24264.0
P12CV11,BRG_036,1,1,14988.0
P12CV11,BRG_036,2,1,49500.0
P12CV11,BRG_036,3,1,21696.0
P12CV11,BRG_036,4,1,51780.0
P12CV11,BRG_036,5,0,4740.0
P12CV11,BRG_037,0,1,59136.0
P12CV11,BRG_037,1,1,32244.0
P12CV11,BRG_037,2,1,37716.0
P12CV11,BRG_037,3,0,37872.0
P12CV11,BRG_038,0,1,45396.0
P12CV11,BRG_038,1,1,36696.0
P12CV11,BRG_038,2,1,39840.0
P12CV11,BRG_038,3,0,45036.0
P12CV11,BRG_039,0,1,41616.0
P12CV11,BRG_039,1,1,27228.0
P12CV11,BRG_039,2,1,27828.0
P12CV11,BRG_039,3,1,62112.0
P12CV11,BRG_039,4,0,8184.0
P12CV11,BRG_040,0,1,57696.0
P12CV11,BRG_040,1,1,55140.0
P12CV11,BRG_040,2,0,54132.0
P12CV11,BRG_041,0,1,25068.0
P12CV11,BRG_041,1,1,19452.0
P12CV11,BRG_041,2,1,45876.0
P12CV11,BRG_041,3,0,76572.0
P12CV11,BRG_042,0,1,21888.0
P12CV11,BRG_042,1,1,57432.0
P12CV11,BRG_042,2,1,37032.0
P12CV11,BRG_042,3,1,23748.0
P12CV11,BRG_042,4,0,26868.0
P12CV11,BRG_043,0,1,35988.0
P12CV11,BRG_043,1,1,28740.0
P12CV11,BRG_043,2,1,14532.0
P12CV11,BRG_043,3,1,48132.0
P12CV11,BRG_043,4,1,18672.0
P12CV11,BRG_043,5,0,20904.0
P12CV11,BRG_044,0,1,31380.0
P12CV11,BRG_044,1,1,65184.0
P12CV11,BRG_044,2,1,18516.0
P12CV11,BRG_044,3,0,51888.0
P12CV11,BRG_045,0,1,41580.0
P12CV11,BRG_045,1,1,8904.0
P12CV11,BRG_045,2,1,22920.0
P12CV11,BRG_045,3,1,46776.0
P12CV11,BRG_045,4,0,46788.0
P12CV11,BRG_046,0,1,58380.0
P12CV11,BRG_046,1,1,29784.0
P12CV11,BRG_046,2,1,57240.0
P12CV11,BRG_046,3,0,21564.0
P12CV12,BRG_001,0,1,37524.0
P12CV12,BRG_001,1,1,44472.0
P12CV12,BRG_001,2,1,62724.0
P12CV12,BRG_001,3,1,16260.0
P12CV12,BRG_001,4,0,5700.0
P12CV12,BRG_002,0,1,25488.0
P12CV12,BRG_002,1,1,65496.0
P12CV12,BRG_002,2,1,50892.0
P12CV12,BRG_002,3,1,16956.0
P12CV12,BRG_002,4,0,7848.0
P12CV12,BRG_003,0,1,45960.0
P12CV12,BRG_003,1,1,20328.0
P12CV12,BRG_003,2,1,30288.0
P12CV12,BRG_003,3,1,68976.0
P12CV12,BRG_003,4,0,1128.0
P12CV12,BRG_004,0,1,34020.0
P12CV12,BRG_004,1,1,31068.0
P12CV12,BRG_004,2,1,63564.0
P12CV12,BRG_004,3,1,37224.0
P12CV12,BRG_004,4,0,804.0
P12CV12,BRG_005,0,1,61836.0
P12CV12,BRG_005,1,1,36468.0
P12CV12,BRG_005,2,1,32688.0
P12CV12,BRG_005,3,0,35688.0
P12CV12,BRG_006,0,1,34992.0
P12CV12,BRG_006,1,1,27804.0
P12CV12,BRG_006,2,1,32460.0
P12CV12,BRG_006,3,1,58020.0
P12CV12,BRG_006,4,0,13404.0
P12CV12,BRG_007,0,1,34884.0
P12CV12,BRG_007,1,1,52380.0
P12CV12,BRG_007,2,1,58752.0
P12CV12,BRG_007,3,0,20664.0
P12CV12,BRG_008,0,1,62160.0
P12CV12,BRG_008,1,1,57288.0
P12CV12,BRG_008,2,1,18780.0
P12CV12,BRG_008,3,0,28452.0
P12CV12,BRG_009,0,1,56640.0
P12CV12,BRG_009,1,1,56940.0
P12CV12,BRG_009,2,1,43224.0
P12CV12,BRG_009,3,0,9876.0
P12CV12,BRG_010,0,1,17976.0
P12CV12,BRG_010,1,1,58404.0
P12CV12,BRG_010,2,1,21648.0
P12CV12,BRG_010,3,1,53352.0
P12CV12,BRG_010,4,0,15300.0
P12CV12,BRG_011,0,1,62952.0
P12CV12,BRG_011,1,1,36612.0
P12CV12,BRG_011,2,1,43932.0
P12CV12,BRG_011,3,0,23184.0
P12CV12,BRG_012,0,1,43332.0
P12CV12,BRG_012,1,1,15456.0
P12CV12,BRG_012,2,1,29784.0
P12CV12,BRG_012,3,1,49692.0
P12CV12,BRG_012,4,0,28416.0
P12CV12,BRG_013,0,1,30708.0
P12CV12,BRG_013,1,1,25524.0
P12CV12,BRG_013,2,1,58560.0
P12CV12,BRG_013,3,1,48972.0
P12CV12,BRG_013,4,0,2916.0
P12CV12,BRG_014,0,1,52524.0
P12CV12,BRG_014,1,1,20568.0
P12CV12,BRG_014,2,1,61464.0
P12CV12,BRG_014,3,0,32124.0
P12CV12,BRG_015,0,1,26928.0
P12CV12,BRG_015,1,1,22344.0
P12CV12,BRG_015,2,1,40236.0
P12CV12,BRG_015,3,1,26364.0
P12CV12,BRG_015,4,1,49620.0
P12CV12,BRG_015,5,0,1188.0
P12CV12,BRG_016,0,1,28632.0
P12CV12,BRG_016,1,1,56448.0
P12CV12,BRG_016,2,1,13260.0
P12CV12,BRG_016,3,1,19644.0
P12CV12,BRG_016,4,1,36108.0
P12CV12,BRG_016,5,0,12588.0
P12CV12,BRG_017,0,1,37608.0
P12CV12,BRG_017,1,1,65820.0
P12CV12,BRG_017,2,1,48156.0
P12CV12,BRG_017,3,0,15096.0
P12CV12,BRG_018,0,1,70212.0
P12CV12,BRG_018,1,1,33900.0
P12CV12,BRG_018,2,0,62568.0
P12CV12,BRG_019,0,1,51936.0
P12CV12,BRG_019,1,1,39384.0
P12CV12,BRG_019,2,1,33132.0
P12CV12,BRG_019,3,1,29052.0
P12CV12,BRG_019,4,0,13176.0
P12CV12,BRG_020,0,1,31560.0
P12CV12,BRG_020,1,1,57456.0
P12CV12,BRG_020,2,1,44736.0
P12CV12,BRG_020,3,0,32928.0
P12CV12,BRG_021,0,1,36336.0
P12CV12,BRG_021,1,1,31956.0
P12CV12,BRG_021,2,1,64740.0
P12CV12,BRG_021,3,1,31872.0
P12CV12,BRG_021,4,0,1776.0
P12CV12,BRG_022,0,1,53808.0
P12CV12,BRG_022,1,1,61236.0
P12CV12,BRG_022,2,1,42888.0
P12CV12,BRG_022,3,0,8748.0
P12CV12,BRG_023,0,1,32520.0
P12CV12,BRG_023,1,1,38136.0
P12CV12,BRG_023,2,1,46776.0
P12CV12,BRG_023,3,1,26028.0
P12CV12,BRG_023,4,0,23220.0
P12CV12,BRG_024,0,1,24084.0
P12CV12,BRG_024,1,1,54000.0
P12CV12,BRG_024,2,1,25044.0
P12CV12,BRG_024,3,1,42876.0
P12CV12,BRG_024,4,1,18552.0
P12CV12,BRG_024,5,0,2124.0
P12CV12,BRG_025,0,1,60660.0
P12CV12,BRG_025,1,1,15924.0
P12CV12,BRG_025,2,1,16872.0
P12CV12,BRG_025,3,1,44268.0
P12CV12,BRG_025,4,0,28956.0
P12CV12,BRG_026,0,1,54516.0
P12CV12,BRG_026,1,1,49092.0
P12CV12,BRG_026,2,1,62544.0
P12CV12,BRG_026,3,0,528.0
P12CV12,BRG_027,0,1,36828.0
P12CV12,BRG_027,1,1,63192.0
P12CV12,BRG_027,2,1,17640.0
P12CV12,BRG_027,3,1,41520.0
P12CV12,BRG_027,4,0,7500.0
P12CV12,BRG_028,0,1,59568.0
P12CV12,BRG_028,1,1,52452.0
P12CV12,BRG_028,2,0,54660.0
P12CV12,BRG_029,0,1,44856.0
P12CV12,BRG_029,1,1,47556.0
P12CV12,BRG_029,2,1,39960.0
P12CV12,BRG_029,3,1,18540.0
P12CV12,BRG_029,4,0,15768.0
P12CV12,BRG_030,0,1,37344.0
P12CV12,BRG_030,1,1,44904.0
P12CV12,BRG_030,2,1,25740.0
P12CV12,BRG_030,3,1,55308.0
P12CV12,BRG_030,4,0,3384.0
P12CV12,BRG_031,0,1,27456.0
P12CV12,BRG_031,1,1,53424.0
P12CV12,BRG_031,2,1,39564.0
P12CV12,BRG_031,3,0,46236.0
P12CV12,BRG_032,0,1,29148.0
P12CV12,BRG_032,1,1,47172.0
P12CV12,BRG_032,2,1,76140.0
P12CV12,BRG_032,3,0,14220.0
P12CV12,BRG_033,0,1,31836.0
P12CV12,BRG_033,1,1,44376.0
P12CV12,BRG_033,2,1,47868.0
P12CV12,BRG_033,3,0,42600.0
P12CV12,BRG_034,0,1,61488.0
P12CV12,BRG_034,1,1,21444.0
P12CV12,BRG_034,2,1,55068.0
P12CV12,BRG_034,3,0,28680.0
P12CV12,BRG_035,0,1,33360.0
P12CV12,BRG_035,1,1,19248.0
P12CV12,BRG_035,2,1,43548.0
P12CV12,BRG_035,3,1,27240.0
P12CV12,BRG_035,4,1,26952.0
P12CV12,BRG_035,5,0,16332.0
P12CV12,BRG_036,0,1,58152.0
P12CV12,BRG_036,1,1,35556.0
P12CV12,BRG_036,2,1,47376.0
P12CV12,BRG_036,3,0,25596.0
P12CV12,BRG_037,0,1,38748.0
P12CV12,BRG_037,1,1,42600.0
P12CV12,BRG_037,2,1,49464.0
P12CV12,BRG_037,3,0,35868.0
P12CV12,BRG_038,0,1,48396.0
P12CV12,BRG_038,1,1,34860.0
P12CV12,BRG_038,2,1,38448.0
P12CV12,BRG_038,3,0,44976.0
P12CV12,BRG_039,0,1,35580.0
P12CV12,BRG_039,1,1,59688.0
P12CV12,BRG_039,2,1,38040.0
P12CV12,BRG_039,3,1,23556.0
P12CV12,BRG_039,4,0,9816.0
P12CV12,BRG_040,0,1,69192.0
P12CV12,BRG_040,1,1,31560.0
P12CV12,BRG_040,2,0,65928.0
P12CV12,BRG_041,0,1,65700.0
P12CV12,BRG_041,1,1,21360.0
P12CV12,BRG_041,2,1,56688.0
P12CV12,BRG_041,3,0,22932.0
P12CV12,BRG_042,0,1,70284.0
P12CV12,BRG_042,1,1,34728.0
P12CV12,BRG_042,2,1,40320.0
P12CV12,BRG_042,3,0,21348.0
P12CV12,BRG_043,0,1,26916.0
P12CV12,BRG_043,1,1,54516.0
P12CV12,BRG_043,2,1,49032.0
P12CV12,BRG_043,3,1,16668.0
P12CV12,BRG_043,4,0,19548.0
P12CV12,BRG_044,0,1,42792.0
P12CV12,BRG_044,1,1,61020.0
P12CV12,BRG_044,2,1,56532.0
P12CV12,BRG_044,3,0,6336.0
P12CV12,BRG_045,0,1,27204.0
P12CV12,BRG_045,1,1,19668.0
P12CV12,BRG_045,2,1,51816.0
P12CV12,BRG_045,3,1,33564.0
P12CV12,BRG_045,4,0,34428.0
P12CV12,BRG_046,0,1,45300.0
P12CV12,BRG_046,1,1,45960.0
P12CV12,BRG_046,2,1,54564.0
P12CV12,BRG_046,3,0,20856.0
P12CV13,BRG_001,0,1,91044.0
P12CV13,BRG_001,1,1,57684.0
P12CV13,BRG_001,2,0,18264.0
P12CV13,BRG_002,0,1,33216.0
P12CV13,BRG_002,1,1,36936.0
P12CV13,BRG_002,2,1,24072.0
P12CV13,BRG_002,3,1,57396.0
P12CV13,BRG_002,4,0,15372.0
P12CV13,BRG_003,0,1,50580.0
P12CV13,BRG_003,1,1,36216.0
P12CV13,BRG_003,2,1,46800.0
P12CV13,BRG_003,3,0,33396.0
P12CV13,BRG_004,0,1,35844.0
P12CV13,BRG_004,1,1,63660.0
P12CV13,BRG_004,2,1,54768.0
P12CV13,BRG_004,3,0,12720.0
P12CV13,BRG_005,0,1,18924.0
P12CV13,BRG_005,1,1,67860.0
P12CV13,BRG_005,2,1,15912.0
P12CV13,BRG_005,3,1,27792.0
P12CV13,BRG_005,4,0,36504.0
P12CV13,BRG_006,0,1,77556.0
P12CV13,BRG_006,1,1,22176.0
P12CV13,BRG_006,2,1,33876.0
P12CV13,BRG_006,3,0,33384.0
P12CV13,BRG_007,0,1,27336.0
P12CV13,BRG_007,1,1,11520.0
P12CV13,BRG_007,2,1,31380.0
P12CV13,BRG_007,3,1,72888.0
P12CV13,BRG_007,4,0,23868.0
P12CV13,BRG_008,0,1,44352.0
P12CV13,BRG_008,1,1,56868.0
P12CV13,BRG_008,2,1,46320.0
P12CV13,BRG_008,3,0,19452.0
P12CV13,BRG_009,0,1,48108.0
P12CV13,BRG_009,1,1,77844.0
P12CV13,BRG_009,2,0,41040.0
P12CV13,BRG_010,0,1,41880.0
P12CV13,BRG_010,1,1,35544.0
P12CV13,BRG_010,2,1,46728.0
P12CV13,BRG_010,3,0,42840.0
P12CV13,BRG_011,0,1,42252.0
P12CV13,BRG_011,1,1,12012.0
P12CV13,BRG_011,2,1,32736.0
P12CV13,BRG_011,3,1,45180.0
P12CV13,BRG_011,4,1,27144.0
P12CV13,BRG_011,5,0,7668.0
P12CV13,BRG_012,0,1,49104.0
P12CV13,BRG_012,1,1,58584.0
P12CV13,BRG_012,2,1,42060.0
P12CV13,BRG_012,3,0,17244.0
P12CV13,BRG_013,0,1,35328.0
P12CV13,BRG_013,1,1,39912.0
P12CV13,BRG_013,2,1,42000.0
P12CV13,BRG_013,3,1,17808.0
P12CV13,BRG_013,4,0,31944.0
P12CV13,BRG_014,0,1,12372.0
P12CV13,BRG_014,1,1,17064.0
P12CV13,BRG_014,2,1,31692.0
P12CV13,BRG_014,3,1,55044.0
P12CV13,BRG_014,4,1,38976.0
P12CV13,BRG_014,5,0,11844.0
P12CV13,BRG_015,0,1,52584.0
P12CV13,BRG_015,1,1,62616.0
P12CV13,BRG_015,2,1,43344.0
P12CV13,BRG_015,3,0,8448.0
P12CV13,BRG_016,0,1,47604.0
P12CV13,BRG_016,1,1,23748.0
P12CV13,BRG_016,2,1,42408.0
P12CV13,BRG_016,3,1,36072.0
P12CV13,BRG_016,4,0,17160.0
P12CV13,BRG_017,0,1,43536.0
P12CV13,BRG_017,1,1,44208.0
P12CV13,BRG_017,2,1,32448.0
P12CV13,BRG_017,3,0,46800.0
P12CV13,BRG_018,0,1,36816.0
P12CV13,BRG_018,1,1,52632.0
P12CV13,BRG_018,2,1,44940.0
P12CV13,BRG_018,3,0,32604.0
P12CV13,BRG_019,0,1,38652.0
P12CV13,BRG_019,1,1,45324.0
P12CV13,BRG_019,2,1,51336.0
P12CV13,BRG_019,3,1,18804.0
P12CV13,BRG_019,4,0,12876.0
P12CV13,BRG_020,0,1,31728.0
P12CV13,BRG_020,1,1,57072.0
P12CV13,BRG_020,2,1,12168.0
P12CV13,BRG_020,3,1,50280.0
P12CV13,BRG_020,4,0,15744.0
P12CV13,BRG_021,0,1,14904.0
P12CV13,BRG_021,1,1,46812.0
P12CV13,BRG_021,2,1,48264.0
P12CV13,BRG_021,3,1,57012.0
P12CV13,BRG_021,4,0,0.0
P12CV13,BRG_022,0,1,29928.0
P12CV13,BRG_022,1,1,50544.0
P12CV13,BRG_022,2,1,29280.0
P12CV13,BRG_022,3,0,57240.0
P12CV13,BRG_023,0,1,44172.0
P12CV13,BRG_023,1,1,32040.0
P12CV13,BRG_023,2,1,38376.0
P12CV13,BRG_023,3,1,36924.0
P12CV13,BRG_023,4,0,15480.0
P12CV13,BRG_024,0,1,41868.0
P12CV13,BRG_024,1,1,53952.0
P12CV13,BRG_024,2,1,25536.0
P12CV13,BRG_024,3,1,36828.0
P12CV13,BRG_024,4,0,8808.0
P12CV13,BRG_025,0,1,58344.0
P12CV13,BRG_025,1,1,47184.0
P12CV13,BRG_025,2,1,45048.0
P12CV13,BRG_025,3,0,16416.0
P12CV13,BRG_026,0,1,58836.0
P12CV13,BRG_026,1,1,28704.0
P12CV13,BRG_026,2,1,71748.0
P12CV13,BRG_026,3,0,7704.0
P12CV13,BRG_027,0,1,23136.0
P12CV13,BRG_027,1,1,33180.0
P12CV13,BRG_027,2,1,50664.0
P12CV13,BRG_027,3,1,36372.0
P12CV13,BRG_027,4,0,23640.0
P12CV13,BRG_028,0,1,65748.0
P12CV13,BRG_028,1,1,69792.0
P12CV13,BRG_028,2,0,31452.0
P12CV13,BRG_029,0,1,52356.0
P12CV13,BRG_029,1,1,29640.0
P12CV13,BRG_029,2,1,69432.0
P12CV13,BRG_029,3,0,15564.0
P12CV13,BRG_030,0,1,66168.0
P12CV13,BRG_030,1,1,53604.0
P12CV13,BRG_030,2,0,47220.0
P12CV13,BRG_031,0,1,57000.0
P12CV13,BRG_031,1,1,46416.0
P12CV13,BRG_031,2,1,41976.0
P12CV13,BRG_031,3,0,21600.0
P12CV13,BRG_032,0,1,30324.0
P12CV13,BRG_032,1,1,28548.0
P12CV13,BRG_032,2,1,37692.0
P12CV13,BRG_032,3,1,50988.0
P12CV13,BRG_032,4,0,19440.0
P12CV13,BRG_033,0,1,54204.0
P12CV13,BRG_033,1,1,27156.0
P12CV13,BRG_033,2,1,51648.0
P12CV13,BRG_033,3,0,33984.0
P12CV13,BRG_034,0,1,41088.0
P12CV13,BRG_034,1,1,47292.0
P12CV13,BRG_034,2,1,63396.0
P12CV13,BRG_034,3,0,15216.0
P12CV13,BRG_035,0,1,42432.0
P12CV13,BRG_035,1,1,39732.0
P12CV13,BRG_035,2,1,58764.0
P12CV13,BRG_035,3,0,26064.0
P12CV13,BRG_036,0,1,50856.0
P12CV13,BRG_036,1,1,31176.0
P12CV13,BRG_036,2,1,42660.0
P12CV13,BRG_036,3,0,42300.0
P12CV13,BRG_037,0,1,29292.0
P12CV13,BRG_037,1,1,64176.0
P12CV13,BRG_037,2,1,58344.0
P12CV13,BRG_037,3,0,15180.0
P12CV13,BRG_038,0,1,79956.0
P12CV13,BRG_038,1,1,64908.0
P12CV13,BRG_038,2,0,22128.0
P12CV13,BRG_039,0,1,50568.0
P12CV13,BRG_039,1,1,43740.0
P12CV13,BRG_039,2,1,63204.0
P12CV13,BRG_039,3,0,9480.0
P12CV13,BRG_040,0,1,43044.0
P12CV13,BRG_040,1,1,43176.0
P12CV13,BRG_040,2,1,55716.0
P12CV13,BRG_040,3,0,25056.0
P12CV13,BRG_041,0,1,17784.0
P12CV13,BRG_041,1,1,29556.0
P12CV13,BRG_041,2,1,75792.0
P12CV13,BRG_041,3,1,35280.0
P12CV13,BRG_041,4,0,8580.0
P12CV13,BRG_042,0,1,58212.0
P12CV13,BRG_042,1,1,54072.0
P12CV13,BRG_042,2,1,32424.0
P12CV13,BRG_042,3,0,22284.0
P12CV13,BRG_043,0,1,39012.0
P12CV13,BRG_043,1,1,39996.0
P12CV13,BRG_043,2,1,30012.0
P12CV13,BRG_043,3,1,44940.0
P12CV13,BRG_043,4,0,13032.0
P12CV13,BRG_044,0,1,32436.0
P12CV13,BRG_044,1,1,63660.0
P12CV13,BRG_044,2,1,61860.0
P12CV13,BRG_044,3,0,9036.0
P12CV13,BRG_045,0,1,47472.0
P12CV13,BRG_045,1,1,65364.0
P12CV13,BRG_045,2,1,14952.0
P12CV13,BRG_045,3,0,39204.0
P12CV13,BRG_046,0,1,49020.0
P12CV13,BRG_046,1,1,13620.0
P12CV13,BRG_046,2,1,38124.0
P12CV13,BRG_046,3,1,57984.0
P12CV13,BRG_046,4,0,8244.0
P12CV14,BRG_001,0,1,62712.0
P12CV14,BRG_001,1,1,25224.0
P12CV14,BRG_001,2,1,43104.0
P12CV14,BRG_001,3,0,36252.0
P12CV14,BRG_002,0,1,37956.0
P12CV14,BRG_002,1,1,47304.0
P12CV14,BRG_002,2,1,44004.0
P12CV14,BRG_002,3,0,38028.0
P12CV14,BRG_003,0,1,35268.0
P12CV14,BRG_003,1,1,33576.0
P12CV14,BRG_003,2,1,60840.0
P12CV14,BRG_003,3,0,37608.0
P12CV14,BRG_004,0,1,40632.0
P12CV14,BRG_004,1,1,61164.0
P12CV14,BRG_004,2,1,24348.0
P12CV14,BRG_004,3,0,41148.0
P12CV14,BRG_005,0,1,17016.0
P12CV14,BRG_005,1,1,41328.0
P12CV14,BRG_005,2,1,54708.0
P12CV14,BRG_005,3,0,54240.0
P12CV14,BRG_006,0,1,36372.0
P12CV14,BRG_006,1,1,69552.0
P12CV14,BRG_006,2,1,32244.0
P12CV14,BRG_006,3,0,29124.0
P12CV14,BRG_007,0,1,63600.0
P12CV14,BRG_007,1,1,46488.0
P12CV14,BRG_007,2,0,57204.0
P12CV14,BRG_008,0,1,64632.0
P12CV14,BRG_008,1,1,26880.0
P12CV14,BRG_008,2,1,55332.0
P12CV14,BRG_008,3,0,20448.0
P12CV14,BRG_009,0,1,47904.0
P12CV14,BRG_009,1,1,42828.0
P12CV14,BRG_009,2,1,22488.0
P12CV14,BRG_009,3,1,41100.0
P12CV14,BRG_009,4,0,12972.0
P12CV14,BRG_010,0,1,42732.0
P12CV14,BRG_010,1,1,69996.0
P12CV14,BRG_010,2,0,54564.0
P12CV14,BRG_011,0,1,48708.0
P12CV14,BRG_011,1,1,21168.0
P12CV14,BRG_011,2,1,38280.0
P12CV14,BRG_011,3,0,59136.0
P12CV14,BRG_012,0,1,32400.0
P12CV14,BRG_012,1,1,36504.0
P12CV14,BRG_012,2,1,31524.0
P12CV14,BRG_012,3,1,45732.0
P12CV14,BRG_012,4,0,21132.0
P12CV14,BRG_013,0,1,13572.0
P12CV14,BRG_013,1,1,51288.0
P12CV14,BRG_013,2,1,29784.0
P12CV14,BRG_013,3,1,69948.0
P12CV14,BRG_013,4,0,2700.0
P12CV14,BRG_014,0,1,51516.0
P12CV14,BRG_014,1,1,62904.0
P12CV14,BRG_014,2,1,28020.0
P12CV14,BRG_014,3,0,24852.0
P12CV14,BRG_015,0,1,49320.0
P12CV14,BRG_015,1,1,18156.0
P12CV14,BRG_015,2,1,30960.0
P12CV14,BRG_015,3,1,53928.0
P12CV14,BRG_015,4,0,14928.0
P12CV14,BRG_016,0,1,55236.0
P12CV14,BRG_016,1,1,43500.0
P12CV14,BRG_016,2,0,68556.0
P12CV14,BRG_017,0,1,31068.0
P12CV14,BRG_017,1,1,59028.0
P12CV14,BRG_017,2,1,52116.0
P12CV14,BRG_017,3,0,25080.0
P12CV14,BRG_018,0,1,69456.0
P12CV14,BRG_018,1,1,37668.0
P12CV14,BRG_018,2,1,33108.0
P12CV14,BRG_018,3,0,27060.0
P12CV14,BRG_019,0,1,37428.0
P12CV14,BRG_019,1,1,32460.0
P12CV14,BRG_019,2,1,35952.0
P12CV14,BRG_019,3,1,46836.0
P12CV14,BRG_019,4,0,14616.0
P12CV14,BRG_020,0,1,34536.0
P12CV14,BRG_020,1,1,44352.0
P12CV14,BRG_020,2,1,36648.0
P12CV14,BRG_020,3,0,51756.0
P12CV14,BRG_021,0,1,37248.0
P12CV14,BRG_021,1,1,39060.0
P12CV14,BRG_021,2,1,43368.0
P12CV14,BRG_021,3,0,47616.0
P12CV14,BRG_022,0,1,26160.0
P12CV14,BRG_022,1,1,15276.0
P12CV14,BRG_022,2,1,43296.0
P12CV14,BRG_022,3,1,54456.0
P12CV14,BRG_022,4,0,28104.0
P12CV14,BRG_023,0,1,26652.0
P12CV14,BRG_023,1,1,71676.0
P12CV14,BRG_023,2,1,53376.0
P12CV14,BRG_023,3,0,15588.0
P12CV14,BRG_024,0,1,19356.0
P12CV14,BRG_024,1,1,31008.0
P12CV14,BRG_024,2,1,59772.0
P12CV14,BRG_024,3,1,38832.0
P12CV14,BRG_024,4,0,18324.0
P12CV14,BRG_025,0,1,61428.0
P12CV14,BRG_025,1,1,52656.0
P12CV14,BRG_025,2,0,53208.0
P12CV14,BRG_026,0,1,22236.0
P12CV14,BRG_026,1,1,46968.0
P12CV14,BRG_026,2,1,32148.0
P12CV14,BRG_026,3,1,58020.0
P12CV14,BRG_026,4,0,7920.0
P12CV14,BRG_027,0,1,52248.0
P12CV14,BRG_027,1,1,22656.0
P12CV14,BRG_027,2,1,66996.0
P12CV14,BRG_027,3,0,25392.0
P12CV14,BRG_028,0,1,30960.0
P12CV14,BRG_028,1,1,11256.0
P12CV14,BRG_028,2,1,43620.0
P12CV14,BRG_028,3,1,56316.0
P12CV14,BRG_028,4,0,25140.0
P12CV14,BRG_029,0,1,46704.0
P12CV14,BRG_029,1,1,29544.0
P12CV14,BRG_029,2,1,37392.0
P12CV14,BRG_029,3,1,12900.0
P12CV14,BRG_029,4,1,20892.0
P12CV14,BRG_029,5,1,18348.0
P12CV14,BRG_029,6,0,1512.0
P12CV14,BRG_030,0,1,67968.0
P12CV14,BRG_030,1,1,39096.0
P12CV14,BRG_030,2,1,43764.0
P12CV14,BRG_030,3,0,16464.0
P12CV14,BRG_031,0,1,63900.0
P12CV14,BRG_031,1,1,29868.0
P12CV14,BRG_031,2,1,62280.0
P12CV14,BRG_031,3,0,11244.0
P12CV14,BRG_032,0,1,36384.0
P12CV14,BRG_032,1,1,57636.0
P12CV14,BRG_032,2,1,26640.0
P12CV14,BRG_032,3,0,46632.0
P12CV14,BRG_033,0,1,56484.0
P12CV14,BRG_033,1,1,47760.0
P12CV14,BRG_033,2,1,44352.0
P12CV14,BRG_033,3,0,18696.0
P12CV14,BRG_034,0,1,47532.0
P12CV14,BRG_034,1,1,36276.0
P12CV14,BRG_034,2,1,71412.0
P12CV14,BRG_034,3,0,12072.0
P12CV14,BRG_035,0,1,20256.0
P12CV14,BRG_035,1,1,44856.0
P12CV14,BRG_035,2,1,24732.0
P12CV14,BRG_035,3,1,65064.0
P12CV14,BRG_035,4,0,12384.0
P12CV14,BRG_036,0,1,60204.0
P12CV14,BRG_036,1,1,25116.0
P12CV14,BRG_036,2,1,34032.0
P12CV14,BRG_036,3,0,47940.0
P12CV14,BRG_037,0,1,31344.0
P12CV14,BRG_037,1,1,60588.0
P12CV14,BRG_037,2,1,18192.0
P12CV14,BRG_037,3,1,27720.0
P12CV14,BRG_037,4,0,29448.0
P12CV14,BRG_038,0,1,41196.0
P12CV14,BRG_038,1,1,21000.0
P12CV14,BRG_038,2,1,19272.0
P12CV14,BRG_038,3,1,47616.0
P12CV14,BRG_038,4,1,10560.0
P12CV14,BRG_038,5,0,27648.0
P12CV14,BRG_039,0,1,41304.0
P12CV14,BRG_039,1,1,40128.0
P12CV14,BRG_039,2,1,62064.0
P12CV14,BRG_039,3,0,23796.0
P12CV14,BRG_040,0,1,18456.0
P12CV14,BRG_040,1,1,37536.0
P12CV14,BRG_040,2,1,70116.0
P12CV14,BRG_040,3,0,41184.0
P12CV14,BRG_041,0,1,37044.0
P12CV14,BRG_041,1,1,62472.0
P12CV14,BRG_041,2,1,28476.0
P12CV14,BRG_041,3,0,39300.0
P12CV14,BRG_042,0,1,38304.0
P12CV14,BRG_042,1,1,41916.0
P12CV14,BRG_042,2,1,51312.0
P12CV14,BRG_042,3,0,35760.0
P12CV14,BRG_043,0,1,39132.0
P12CV14,BRG_043,1,1,35640.0
P12CV14,BRG_043,2,1,57156.0
P12CV14,BRG_043,3,0,35364.0
P12CV14,BRG_044,0,1,35448.0
P12CV14,BRG_044,1,1,27924.0
P12CV14,BRG_044,2,1,60864.0
P12CV14,BRG_044,3,0,43056.0
P12CV14,BRG_045,0,1,51432.0
P12CV14,BRG_045,1,1,43008.0
P12CV14,BRG_045,2,1,54708.0
P12CV14,BRG_045,3,0,18144.0
P12CV14,BRG_046,0,1,31884.0
P12CV14,BRG_046,1,1,53004.0
P12CV14,BRG_046,2,1,54336.0
P12CV14,BRG_046,3,0,28068.0
P12CV15,BRG_001,0,1,43248.0
P12CV15,BRG_001,1,1,76764.0
P12CV15,BRG_001,2,0,46632.0
P12CV15,BRG_002,0,1,39576.0
P12CV15,BRG_002,1,1,54804.0
P12CV15,BRG_002,2,1,59952.0
P12CV15,BRG_002,3,0,12312.0
P12CV15,BRG_003,0,1,26292.0
P12CV15,BRG_003,1,1,41784.0
P12CV15,BRG_003,2,1,34248.0
P12CV15,BRG_003,3,1,48684.0
P12CV15,BRG_003,4,0,15636.0
P12CV15,BRG_004,0,1,39804.0
P12CV15,BRG_004,1,1,18576.0
P12CV15,BRG_004,2,1,37392.0
P12CV15,BRG_004,3,1,65772.0
P12CV15,BRG_004,4,0,5100.0
P12CV15,BRG_005,0,1,46920.0
P12CV15,BRG_005,1,1,49188.0
P12CV15,BRG_005,2,1,21108.0
P12CV15,BRG_005,3,1,36288.0
P12CV15,BRG_005,4,0,13140.0
P12CV15,BRG_006,0,1,44448.0
P12CV15,BRG_006,1,1,65040.0
P12CV15,BRG_006,2,1,41940.0
P12CV15,BRG_006,3,0,15216.0
P12CV15,BRG_007,0,1,49896.0
P12CV15,BRG_007,1,1,46380.0
P12CV15,BRG_007,2,1,52932.0
P12CV15,BRG_007,3,0,17436.0
P12CV15,BRG_008,0,1,36324.0
P12CV15,BRG_008,1,1,46956.0
P12CV15,BRG_008,2,1,29388.0
P12CV15,BRG_008,3,0,53976.0
P12CV15,BRG_009,0,1,36192.0
P12CV15,BRG_009,1,1,22632.0
P12CV15,BRG_009,2,1,28944.0
P12CV15,BRG_009,3,1,29580.0
P12CV15,BRG_009,4,1,27900.0
P12CV15,BRG_009,5,0,21396.0
P12CV15,BRG_010,0,1,36396.0
P12CV15,BRG_010,1,1,34992.0
P12CV15,BRG_010,2,1,19596.0
P12CV15,BRG_010,3,1,54024.0
P12CV15,BRG_010,4,0,21636.0
P12CV15,BRG_011,0,1,55776.0
P12CV15,BRG_011,1,1,67140.0
P12CV15,BRG_011,2,0,43728.0
P12CV15,BRG_012,0,1,51516.0
P12CV15,BRG_012,1,1,13224.0
P12CV15,BRG_012,2,1,48960.0
P12CV15,BRG_012,3,1,43296.0
P12CV15,BRG_012,4,0,9648.0
P12CV15,BRG_013,0,1,38052.0
P12CV15,BRG_013,1,1,21288.0
P12CV15,BRG_013,2,1,8628.0
P12CV15,BRG_013,3,1,36240.0
P12CV15,BRG_013,4,1,40932.0
P12CV15,BRG_013,5,0,21504.0
P12CV15,BRG_014,0,1,21948.0
P12CV15,BRG_014,1,1,56124.0
P12CV15,BRG_014,2,1,20556.0
P12CV15,BRG_014,3,1,33060.0
P12CV15,BRG_014,4,1,18252.0
P12CV15,BRG_014,5,0,16704.0
P12CV15,BRG_015,0,1,65340.0
P12CV15,BRG_015,1,1,61464.0
P12CV15,BRG_015,2,1,22884.0
P12CV15,BRG_015,3,0,16956.0
P12CV15,BRG_016,0,1,26952.0
P12CV15,BRG_016,1,1,45996.0
P12CV15,BRG_016,2,1,57540.0
P12CV15,BRG_016,3,1,33852.0
P12CV15,BRG_016,4,0,2304.0
P12CV15,BRG_017,0,1,33180.0
P12CV15,BRG_017,1,1,70152.0
P12CV15,BRG_017,2,1,23340.0
P12CV15,BRG_017,3,1,29904.0
P12CV15,BRG_017,4,0,10068.0
P12CV15,BRG_018,0,1,66036.0
P12CV15,BRG_018,1,1,55248.0
P12CV15,BRG_018,2,0,45360.0
P12CV15,BRG_019,0,1,35568.0
P12CV15,BRG_019,1,1,50880.0
P12CV15,BRG_019,2,1,63852.0
P12CV15,BRG_019,3,0,16344.0
P12CV15,BRG_020,0,1,63216.0
P12CV15,BRG_020,1,1,59664.0
P12CV15,BRG_020,2,0,43764.0
P12CV15,BRG_021,0,1,53676.0
P12CV15,BRG_021,1,1,18972.0
P12CV15,BRG_021,2,1,76716.0
P12CV15,BRG_021,3,0,17280.0
P12CV15,BRG_022,0,1,53280.0
P12CV15,BRG_022,1,1,35616.0
P12CV15,BRG_022,2,1,58152.0
P12CV15,BRG_022,3,0,19596.0
P12CV15,BRG_023,0,1,49908.0
P12CV15,BRG_023,1,1,30288.0
P12CV15,BRG_023,2,1,44928.0
P12CV15,BRG_023,3,1,38124.0
P12CV15,BRG_023,4,0,3396.0
P12CV15,BRG_024,0,1,23112.0
P12CV15,BRG_024,1,1,51552.0
P12CV15,BRG_024,2,1,64056.0
P12CV15,BRG_024,3,0,27924.0
P12CV15,BRG_025,0,1,32592.0
P12CV15,BRG_025,1,1,28116.0
P12CV15,BRG_025,2,1,21216.0
P12CV15,BRG_025,3,1,51300.0
P12CV15,BRG_025,4,1,30804.0
P12CV15,BRG_025,5,0,2616.0
P12CV15,BRG_026,0,1,34740.0
P12CV15,BRG_026,1,1,35568.0
P12CV15,BRG_026,2,1,50292.0
P12CV15,BRG_026,3,1,43392.0
P12CV15,BRG_026,4,0,2652.0
P12CV15,BRG_027,0,1,43260.0
P12CV15,BRG_027,1,1,55476.0
P12CV15,BRG_027,2,1,46644.0
P12CV15,BRG_027,3,0,21264.0
P12CV15,BRG_028,0,1,41280.0
P12CV15,BRG_028,1,1,44148.0
P12CV15,BRG_028,2,1,66852.0
P12CV15,BRG_028,3,0,14364.0
P12CV15,BRG_029,0,1,17604.0
P12CV15,BRG_029,1,1,45288.0
P12CV15,BRG_029,2,1,34716.0
P12CV15,BRG_029,3,0,69036.0
P12CV15,BRG_030,0,1,33216.0
P12CV15,BRG_030,1,1,45420.0
P12CV15,BRG_030,2,1,51840.0
P12CV15,BRG_030,3,0,36168.0
P12CV15,BRG_031,0,1,47508.0
P12CV15,BRG_031,1,1,23172.0
P12CV15,BRG_031,2,1,30432.0
P12CV15,BRG_031,3,1,62004.0
P12CV15,BRG_031,4,0,3528.0
P12CV15,BRG_032,0,1,51312.0
P12CV15,BRG_032,1,1,55908.0
P12CV15,BRG_032,2,1,25560.0
P12CV15,BRG_032,3,1,21768.0
P12CV15,BRG_032,4,0,12096.0
P12CV15,BRG_033,0,1,6120.0
P12CV15,BRG_033,1,1,45012.0
P12CV15,BRG_033,2,1,20772.0
P12CV15,BRG_033,3,1,22704.0
P12CV15,BRG_033,4,1,18780.0
P12CV15,BRG_033,5,0,53256.0
P12CV15,BRG_034,0,1,60384.0
P12CV15,BRG_034,1,1,34380.0
P12CV15,BRG_034,2,0,71880.0
P12CV15,BRG_035,0,1,36336.0
P12CV15,BRG_035,1,1,25656.0
P12CV15,BRG_035,2,1,34224.0
P12CV15,BRG_035,3,1,29928.0
P12CV15,BRG_035,4,1,33900.0
P12CV15,BRG_035,5,0,6600.0
P12CV15,BRG_036,0,1,33996.0
P12CV15,BRG_036,1,1,52656.0
P12CV15,BRG_036,2,1,36348.0
P12CV15,BRG_036,3,1,35196.0
P12CV15,BRG_036,4,0,8448.0
P12CV15,BRG_037,0,1,28752.0
P12CV15,BRG_037,1,1,33660.0
P12CV15,BRG_037,2,1,22572.0
P12CV15,BRG_037,3,1,36840.0
P12CV15,BRG_037,4,1,11460.0
P12CV15,BRG_037,5,1,30552.0
P12CV15,BRG_037,6,0,2808.0
P12CV15,BRG_038,0,1,62544.0
P12CV15,BRG_038,1,1,56784.0
P12CV15,BRG_038,2,0,47316.0
P12CV15,BRG_039,0,1,38424.0
P12CV15,BRG_039,1,1,61344.0
P12CV15,BRG_039,2,1,22716.0
P12CV15,BRG_039,3,1,36828.0
P12CV15,BRG_039,4,0,7332.0
P12CV15,BRG_040,0,1,25416.0
P12CV15,BRG_040,1,1,51948.0
P12CV15,BRG_040,2,1,18252.0
P12CV15,BRG_040,3,1,43308.0
P12CV15,BRG_040,4,0,27720.0
P12CV15,BRG_041,0,1,74460.0
P12CV15,BRG_041,1,1,59412.0
P12CV15,BRG_041,2,0,32772.0
P12CV15,BRG_042,0,1,64848.0
P12CV15,BRG_042,1,1,43236.0
P12CV15,BRG_042,2,1,49908.0
P12CV15,BRG_042,3,0,8652.0
P12CV15,BRG_043,0,1,34536.0
P12CV15,BRG_043,1,1,56148.0
P12CV15,BRG_043,2,1,50364.0
P12CV15,BRG_043,3,0,25596.0
P12CV15,BRG_044,0,1,10128.0
P12CV15,BRG_044,1,1,27144.0
P12CV15,BRG_044,2,1,36936.0
P12CV15,BRG_044,3,1,52452.0
P12CV15,BRG_044,4,0,39984.0
P12CV15,BRG_045,0,1,35772.0
P12CV15,BRG_045,1,1,45780.0
P12CV15,BRG_045,2,1,31680.0
P12CV15,BRG_045,3,0,53412.0
P12CV15,BRG_046,0,1,45276.0
P12CV15,BRG_046,1,1,34308.0
P12CV15,BRG_046,2,1,34008.0
P12CV15,BRG_046,3,1,48744.0
P12CV15,BRG_046,4,0,4308.0
P12CV16,BRG_001,0,1,36480.0
P12CV16,BRG_001,1,1,28428.0
P12CV16,BRG_001,2,1,37572.0
P12CV16,BRG_001,3,1,29208.0
P12CV16,BRG_001,4,0,35460.0
P12CV16,BRG_002,0,1,20784.0
P12CV16,BRG_002,1,1,57408.0
P12CV16,BRG_002,2,1,20604.0
P12CV16,BRG_002,3,1,34272.0
P12CV16,BRG_002,4,0,34080.0
P12CV16,BRG_003,0,1,63828.0
P12CV16,BRG_003,1,1,90960.0
P12CV16,BRG_003,2,0,12360.0
P12CV16,BRG_004,0,1,59400.0
P12CV16,BRG_004,1,1,66816.0
P12CV16,BRG_004,2,0,40932.0
P12CV16,BRG_005,0,1,24192.0
P12CV16,BRG_005,1,1,55332.0
P12CV16,BRG_005,2,1,48252.0
P12CV16,BRG_005,3,1,31992.0
P12CV16,BRG_005,4,0,7380.0
P12CV16,BRG_006,0,1,29064.0
P12CV16,BRG_006,1,1,45924.0
P12CV16,BRG_006,2,1,34920.0
P12CV16,BRG_006,3,1,46272.0
P12CV16,BRG_006,4,0,10968.0
P12CV16,BRG_007,0,1,50916.0
P12CV16,BRG_007,1,1,45360.0
P12CV16,BRG_007,2,1,43464.0
P12CV16,BRG_007,3,0,27408.0
P12CV16,BRG_008,0,1,50316.0
P12CV16,BRG_008,1,1,32928.0
P12CV16,BRG_008,2,1,37824.0
P12CV16,BRG_008,3,0,46080.0
P12CV16,BRG_009,0,1,28392.0
P12CV16,BRG_009,1,1,29172.0
P12CV16,BRG_009,2,1,38700.0
P12CV16,BRG_009,3,1,45312.0
P12CV16,BRG_009,4,0,25572.0
P12CV16,BRG_010,0,1,22044.0
P12CV16,BRG_010,1,1,52788.0
P12CV16,BRG_010,2,1,59604.0
P12CV16,BRG_010,3,0,32712.0
P12CV16,BRG_011,0,1,36924.0
P12CV16,BRG_011,1,1,63156.0
P12CV16,BRG_011,2,1,37860.0
P12CV16,BRG_011,3,0,29208.0
P12CV16,BRG_012,0,1,26688.0
P12CV16,BRG_012,1,1,40284.0
P12CV16,BRG_012,2,1,15360.0
P12CV16,BRG_012,3,1,35796.0
P12CV16,BRG_012,4,0,49020.0
P12CV16,BRG_013,0,1,13104.0
P12CV16,BRG_013,1,1,35616.0
P12CV16,BRG_013,2,1,42108.0
P12CV16,BRG_013,3,1,72600.0
P12CV16,BRG_013,4,0,3720.0
P12CV16,BRG_014,0,1,62232.0
P12CV16,BRG_014,1,1,50208.0
P12CV16,BRG_014,2,1,43248.0
P12CV16,BRG_014,3,0,11460.0
P12CV16,BRG_015,0,1,52368.0
P12CV16,BRG_015,1,1,40728.0
P12CV16,BRG_015,2,1,54228.0
P12CV16,BRG_015,3,1,5556.0
P12CV16,BRG_015,4,0,14268.0
P12CV16,BRG_016,0,1,48012.0
P12CV16,BRG_016,1,1,26040.0
P12CV16,BRG_016,2,1,28704.0
P12CV16,BRG_016,3,1,39192.0
P12CV16,BRG_016,4,0,25200.0
P12CV16,BRG_017,0,1,33192.0
P12CV16,BRG_017,1,1,64260.0
P12CV16,BRG_017,2,1,28476.0
P12CV16,BRG_017,3,0,41220.0
P12CV16,BRG_018,0,1,58236.0
P12CV16,BRG_018,1,1,37824.0
P12CV16,BRG_018,2,1,47976.0
P12CV16,BRG_018,3,0,23112.0
P12CV16,BRG_019,0,1,52944.0
P12CV16,BRG_019,1,1,20148.0
P12CV16,BRG_019,2,1,34836.0
P12CV16,BRG_019,3,1,56712.0
P12CV16,BRG_019,4,0,2508.0
P12CV16,BRG_020,0,1,58692.0
P12CV16,BRG_020,1,1,23652.0
P12CV16,BRG_020,2,1,33168.0
P12CV16,BRG_020,3,1,32472.0
P12CV16,BRG_020,4,0,19164.0
P12CV16,BRG_021,0,1,18744.0
P12CV16,BRG_021,1,1,25164.0
P12CV16,BRG_021,2,1,28212.0
P12CV16,BRG_021,3,1,68460.0
P12CV16,BRG_021,4,0,26568.0
P12CV16,BRG_022,0,1,27348.0
P12CV16,BRG_022,1,1,33348.0
P12CV16,BRG_022,2,1,38292.0
P12CV16,BRG_022,3,1,45204.0
P12CV16,BRG_022,4,1,20676.0
P12CV16,BRG_022,5,0,2280.0
P12CV16,BRG_023,0,1,58056.0
P12CV16,BRG_023,1,1,31296.0
P12CV16,BRG_023,2,1,42444.0
P12CV16,BRG_023,3,0,35352.0
P12CV16,BRG_024,0,1,53940.0
P12CV16,BRG_024,1,1,20676.0
P12CV16,BRG_024,2,1,27192.0
P12CV16,BRG_024,3,1,59880.0
P12CV16,BRG_024,4,0,5460.0
P12CV16,BRG_025,0,1,52500.0
P12CV16,BRG_025,1,1,42756.0
P12CV16,BRG_025,2,1,53004.0
P12CV16,BRG_025,3,0,18888.0
P12CV16,BRG_026,0,1,64320.0
P12CV16,BRG_026,1,1,37692.0
P12CV16,BRG_026,2,0,65136.0
P12CV16,BRG_027,0,1,47232.0
P12CV16,BRG_027,1,1,12876.0
P12CV16,BRG_027,2,1,38820.0
P12CV16,BRG_027,3,1,38784.0
P12CV16,BRG_027,4,1,28872.0
P12CV16,BRG_027,5,0,564.0
P12CV16,BRG_028,0,1,44220.0
P12CV16,BRG_028,1,1,34884.0
P12CV16,BRG_028,2,1,54216.0
P12CV16,BRG_028,3,0,33828.0
P12CV16,BRG_029,0,1,14268.0
P12CV16,BRG_029,1,1,47592.0
P12CV16,BRG_029,2,1,56976.0
P12CV16,BRG_029,3,0,48312.0
P12CV16,BRG_030,0,1,26148.0
P12CV16,BRG_030,1,1,44292.0
P12CV16,BRG_030,2,1,27672.0
P12CV16,BRG_030,3,1,45252.0
P12CV16,BRG_030,4,0,23784.0
P12CV16,BRG_031,0,1,32988.0
P12CV16,BRG_031,1,1,38448.0
P12CV16,BRG_031,2,1,25212.0
P12CV16,BRG_031,3,1,22536.0
P12CV16,BRG_031,4,0,47964.0
P12CV16,BRG_032,0,1,66216.0
P12CV16,BRG_032,1,1,56304.0
P12CV16,BRG_032,2,0,44628.0
P12CV16,BRG_033,0,1,55560.0
P12CV16,BRG_033,1,1,49428.0
P12CV16,BRG_033,2,1,12504.0
P12CV16,BRG_033,3,1,25668.0
P12CV16,BRG_033,4,0,23988.0
P12CV16,BRG_034,0,1,12948.0
P12CV16,BRG_034,1,1,75936.0
P12CV16,BRG_034,2,1,61272.0
P12CV16,BRG_034,3,0,16992.0
P12CV16,BRG_035,0,1,27048.0
P12CV16,BRG_035,1,1,41244.0
P12CV16,BRG_035,2,1,32448.0
P12CV16,BRG_035,3,1,56268.0
P12CV16,BRG_035,4,0,10140.0
P12CV16,BRG_036,0,1,73344.0
P12CV16,BRG_036,1,1,33324.0
P12CV16,BRG_036,2,1,23052.0
P12CV16,BRG_036,3,0,37428.0
P12CV16,BRG_037,0,1,75372.0
P12CV16,BRG_037,1,1,55152.0
P12CV16,BRG_037,2,0,36624.0
P12CV16,BRG_038,0,1,42156.0
P12CV16,BRG_038,1,1,62364.0
P12CV16,BRG_038,2,0,62628.0
P12CV16,BRG_039,0,1,41328.0
P12CV16,BRG_039,1,1,51612.0
P12CV16,BRG_039,2,1,28416.0
P12CV16,BRG_039,3,1,45192.0
P12CV16,BRG_039,4,0,600.0
P12CV16,BRG_040,0,1,69120.0
P12CV16,BRG_040,1,1,55020.0
P12CV16,BRG_040,2,0,43008.0
P12CV16,BRG_041,0,1,78108.0
P12CV16,BRG_041,1,1,28044.0
P12CV16,BRG_041,2,1,31164.0
P12CV16,BRG_041,3,0,29832.0
P12CV16,BRG_042,0,1,39852.0
P12CV16,BRG_042,1,1,4332.0
P12CV16,BRG_042,2,1,39576.0
P12CV16,BRG_042,3,1,56136.0
P12CV16,BRG_042,4,0,27252.0
P12CV16,BRG_043,0,1,34452.0
P12CV16,BRG_043,1,1,40884.0
P12CV16,BRG_043,2,1,40752.0
P12CV16,BRG_043,3,0,51060.0
P12CV16,BRG_044,0,1,39264.0
P12CV16,BRG_044,1,1,42660.0
P12CV16,BRG_044,2,1,50076.0
P12CV16,BRG_044,3,0,35148.0
P12CV16,BRG_045,0,1,69588.0
P12CV16,BRG_045,1,1,46368.0
P12CV16,BRG_045,2,1,49740.0
P12CV16,BRG_045,3,0,1452.0
P12CV16,BRG_046,0,1,54192.0
P12CV16,BRG_046,1,1,38448.0
P12CV16,BRG_046,2,1,45996.0
P12CV16,BRG_046,3,0,28512.0
P12CV17,BRG_001,0,1,28860.0
P12CV17,BRG_001,1,1,64632.0
P12CV17,BRG_001,2,1,46152.0
P12CV17,BRG_001,3,0,26820.0
P12CV17,BRG_002,0,1,61320.0
P12CV17,BRG_002,1,1,39948.0
P12CV17,BRG_002,2,1,55104.0
P12CV17,BRG_002,3,0,10092.0
P12CV17,BRG_003,0,1,44532.0
P12CV17,BRG_003,1,1,52284.0
P12CV17,BRG_003,2,1,8760.0
P12CV17,BRG_003,3,1,26220.0
P12CV17,BRG_003,4,0,34668.0
P12CV17,BRG_004,0,1,33132.0
P12CV17,BRG_004,1,1,18984.0
P12CV17,BRG_004,2,1,68256.0
P12CV17,BRG_004,3,1,28872.0
P12CV17,BRG_004,4,0,17220.0
P12CV17,BRG_005,0,1,33876.0
P12CV17,BRG_005,1,1,37152.0
P12CV17,BRG_005,2,1,28356.0
P12CV17,BRG_005,3,0,67080.0
P12CV17,BRG_006,0,1,28752.0
P12CV17,BRG_006,1,1,39888.0
P12CV17,BRG_006,2,1,66120.0
P12CV17,BRG_006,3,0,31704.0
P12CV17,BRG_007,0,1,33624.0
P12CV17,BRG_007,1,1,68916.0
P12CV17,BRG_007,2,1,43752.0
P12CV17,BRG_007,3,1,16740.0
P12CV17,BRG_007,4,0,3432.0
P12CV17,BRG_008,0,1,30792.0
P12CV17,BRG_008,1,1,62568.0
P12CV17,BRG_008,2,1,18096.0
P12CV17,BRG_008,3,1,26436.0
P12CV17,BRG_008,4,0,28572.0
P12CV17,BRG_009,0,1,46332.0
P12CV17,BRG_009,1,1,39276.0
P12CV17,BRG_009,2,1,28548.0
P12CV17,BRG_009,3,1,39912.0
P12CV17,BRG_009,4,0,12396.0
P12CV17,BRG_010,0,1,47196.0
P12CV17,BRG_010,1,1,25344.0
P12CV17,BRG_010,2,1,32304.0
P12CV17,BRG_010,3,0,61620.0
P12CV17,BRG_011,0,1,11112.0
P12CV17,BRG_011,1,1,44496.0
P12CV17,BRG_011,2,1,77100.0
P12CV17,BRG_011,3,0,33756.0
P12CV17,BRG_012,0,1,63168.0
P12CV17,BRG_012,1,1,50904.0
P12CV17,BRG_012,2,1,49800.0
P12CV17,BRG_012,3,0,2592.0
P12CV17,BRG_013,0,1,59616.0
P12CV17,BRG_013,1,1,49368.0
P12CV17,BRG_013,2,1,50676.0
P12CV17,BRG_013,3,0,6804.0
P12CV17,BRG_014,0,1,29268.0
P12CV17,BRG_014,1,1,28776.0
P12CV17,BRG_014,2,1,60696.0
P12CV17,BRG_014,3,1,14040.0
P12CV17,BRG_014,4,1,26076.0
P12CV17,BRG_014,5,0,7608.0
P12CV17,BRG_015,0,1,43740.0
P12CV17,BRG_015,1,1,52944.0
P12CV17,BRG_015,2,1,46224.0
P12CV17,BRG_015,3,0,23556.0
P12CV17,BRG_016,0,1,38040.0
P12CV17,BRG_016,1,1,34740.0
P12CV17,BRG_016,2,1,49668.0
P12CV17,BRG_016,3,1,41388.0
P12CV17,BRG_016,4,0,2628.0
P12CV17,BRG_017,0,1,51852.0
P12CV17,BRG_017,1,1,27552.0
P12CV17,BRG_017,2,1,83388.0
P12CV17,BRG_017,3,0,3672.0
P12CV17,BRG_018,0,1,22296.0
P12CV17,BRG_018,1,1,17892.0
P12CV17,BRG_018,2,1,51744.0
P12CV17,BRG_018,3,1,50364.0
P12CV17,BRG_018,4,0,24168.0
P12CV17,BRG_019,0,1,31692.0
P12CV17,BRG_019,1,1,56448.0
P12CV17,BRG_019,2,0,78324.0
P12CV17,BRG_020,0,1,51864.0
P12CV17,BRG_020,1,1,40668.0
P12CV17,BRG_020,2,1,60408.0
P12CV17,BRG_020,3,0,13524.0
P12CV17,BRG_021,0,1,47352.0
P12CV17,BRG_021,1,1,52644.0
P12CV17,BRG_021,2,1,33564.0
P12CV17,BRG_021,3,1,31788.0
P12CV17,BRG_021,4,0,1116.0
P12CV17,BRG_022,0,1,36000.0
P12CV17,BRG_022,1,1,51240.0
P12CV17,BRG_022,2,1,54144.0
P12CV17,BRG_022,3,0,25080.0
P12CV17,BRG_023,0,1,56076.0
P12CV17,BRG_023,1,1,16692.0
P12CV17,BRG_023,2,1,44664.0
P12CV17,BRG_023,3,0,49032.0
P12CV17,BRG_024,0,1,21276.0
P12CV17,BRG_024,1,1,27648.0
P12CV17,BRG_024,2,1,51924.0
P12CV17,BRG_024,3,1,27864.0
P12CV17,BRG_024,4,1,32916.0
P12CV17,BRG_024,5,0,4836.0
P12CV17,BRG_025,0,1,24348.0
P12CV17,BRG_025,1,1,25428.0
P12CV17,BRG_025,2,1,29568.0
P12CV17,BRG_025,3,1,20724.0
P12CV17,BRG_025,4,1,39276.0
P12CV17,BRG_025,5,0,27120.0
P12CV17,BRG_026,0,1,43968.0
P12CV17,BRG_026,1,1,58896.0
P12CV17,BRG_026,2,1,53928.0
P12CV17,BRG_026,3,0,9672.0
P12CV17,BRG_027,0,1,27972.0
P12CV17,BRG_027,1,1,36048.0
P12CV17,BRG_027,2,1,66888.0
P12CV17,BRG_027,3,1,33900.0
P12CV17,BRG_027,4,0,1656.0
P12CV17,BRG_028,0,1,44712.0
P12CV17,BRG_028,1,1,6888.0
P12CV17,BRG_028,2,1,44568.0
P12CV17,BRG_028,3,1,27468.0
P12CV17,BRG_028,4,0,42828.0
P12CV17,BRG_029,0,1,40656.0
P12CV17,BRG_029,1,1,47712.0
P12CV17,BRG_029,2,1,27312.0
P12CV17,BRG_029,3,1,45624.0
P12CV17,BRG_029,4,0,5160.0
P12CV17,BRG_030,0,1,24816.0
P12CV17,BRG_030,1,1,76680.0
P12CV17,BRG_030,2,1,51456.0
P12CV17,BRG_030,3,0,13512.0
P12CV17,BRG_031,0,1,52164.0
P12CV17,BRG_031,1,1,59760.0
P12CV17,BRG_031,2,1,46104.0
P12CV17,BRG_031,3,0,8436.0
P12CV17,BRG_032,0,1,29088.0
P12CV17,BRG_032,1,1,49140.0
P12CV17,BRG_032,2,1,24840.0
P12CV17,BRG_032,3,1,37560.0
P12CV17,BRG_032,4,0,25836.0
P12CV17,BRG_033,0,1,52776.0
P12CV17,BRG_033,1,1,32628.0
P12CV17,BRG_033,2,1,40980.0
P12CV17,BRG_033,3,1,37848.0
P12CV17,BRG_033,4,0,2232.0
P12CV17,BRG_034,0,1,66600.0
P12CV17,BRG_034,1,1,20436.0
P12CV17,BRG_034,2,1,45684.0
P12CV17,BRG_034,3,0,33744.0
P12CV17,BRG_035,0,1,37932.0
P12CV17,BRG_035,1,1,38688.0
P12CV17,BRG_035,2,1,35448.0
P12CV17,BRG_035,3,1,49104.0
P12CV17,BRG_035,4,0,5292.0
P12CV17,BRG_036,0,1,59820.0
P12CV17,BRG_036,1,1,50664.0
P12CV17,BRG_036,2,1,44244.0
P12CV17,BRG_036,3,0,11736.0
P12CV17,BRG_037,0,1,15372.0
P12CV17,BRG_037,1,1,50976.0
P12CV17,BRG_037,2,1,52620.0
P12CV17,BRG_037,3,0,47496.0
P12CV17,BRG_038,0,1,52200.0
P12CV17,BRG_038,1,1,65340.0
P12CV17,BRG_038,2,1,31068.0
P12CV17,BRG_038,3,0,17856.0
P12CV17,BRG_039,0,1,57504.0
P12CV17,BRG_039,1,1,46128.0
P12CV17,BRG_039,2,1,18876.0
P12CV17,BRG_039,3,1,42024.0
P12CV17,BRG_039,4,0,1932.0
P12CV17,BRG_040,0,1,31920.0
P12CV17,BRG_040,1,1,57324.0
P12CV17,BRG_040,2,1,73656.0
P12CV17,BRG_040,3,0,3564.0
P12CV17,BRG_041,0,1,34536.0
P12CV17,BRG_041,1,1,55392.0
P12CV17,BRG_041,2,1,40032.0
P12CV17,BRG_041,3,1,35760.0
P12CV17,BRG_041,4,0,744.0
P12CV17,BRG_042,0,1,34392.0
P12CV17,BRG_042,1,1,57720.0
P12CV17,BRG_042,2,1,37788.0
P12CV17,BRG_042,3,1,30660.0
P12CV17,BRG_042,4,0,5904.0
P12CV17,BRG_043,0,1,55332.0
P12CV17,BRG_043,1,1,43848.0
P12CV17,BRG_043,2,1,50892.0
P12CV17,BRG_043,3,0,16392.0
P12CV17,BRG_044,0,1,76440.0
P12CV17,BRG_044,1,1,18780.0
P12CV17,BRG_044,2,1,36828.0
P12CV17,BRG_044,3,0,34416.0
P12CV17,BRG_045,0,1,46560.0
P12CV17,BRG_045,1,1,51252.0
P12CV17,BRG_045,2,1,45444.0
P12CV17,BRG_045,3,0,23208.0
P12CV17,BRG_046,0,1,34428.0
P12CV17,BRG_046,1,1,43164.0
P12CV17,BRG_046,2,1,45000.0
P12CV17,BRG_046,3,0,43872.0
P12CV18,BRG_001,0,1,33084.0
P12CV18,BRG_001,1,1,64560.0
P12CV18,BRG_001,2,1,50700.0
P12CV18,BRG_001,3,0,18120.0
P12CV18,BRG_002,0,1,45672.0
P12CV18,BRG_002,1,1,55884.0
P12CV18,BRG_002,2,0,64908.0
P12CV18,BRG_003,0,1,23544.0
P12CV18,BRG_003,1,1,40680.0
P12CV18,BRG_003,2,1,35184.0
P12CV18,BRG_003,3,1,49368.0
P12CV18,BRG_003,4,0,17688.0
P12CV18,BRG_004,0,1,64836.0
P12CV18,BRG_004,1,1,26232.0
P12CV18,BRG_004,2,1,29448.0
P12CV18,BRG_004,3,1,20664.0
P12CV18,BRG_004,4,1,22188.0
P12CV18,BRG_004,5,0,3096.0
P12CV18,BRG_005,0,1,45900.0
P12CV18,BRG_005,1,1,23616.0
P12CV18,BRG_005,2,1,50100.0
P12CV18,BRG_005,3,1,46608.0
P12CV18,BRG_005,4,0,240.0
P12CV18,BRG_006,0,1,68928.0
P12CV18,BRG_006,1,1,14628.0
P12CV18,BRG_006,2,1,41832.0
P12CV18,BRG_006,3,1,36948.0
P12CV18,BRG_006,4,0,4128.0
P12CV18,BRG_007,0,1,21348.0
P12CV18,BRG_007,1,1,27480.0
P12CV18,BRG_007,2,1,35844.0
P12CV18,BRG_007,3,1,64116.0
P12CV18,BRG_007,4,0,17676.0
P12CV18,BRG_008,0,1,29316.0
P12CV18,BRG_008,1,1,16320.0
P12CV18,BRG_008,2,1,8832.0
P12CV18,BRG_008,3,1,51852.0
P12CV18,BRG_008,4,1,23160.0
P12CV18,BRG_008,5,0,36984.0
P12CV18,BRG_009,0,1,43464.0
P12CV18,BRG_009,1,1,41292.0
P12CV18,BRG_009,2,1,33000.0
P12CV18,BRG_009,3,0,48708.0
P12CV18,BRG_010,0,1,34776.0
P12CV18,BRG_010,1,1,31836.0
P12CV18,BRG_010,2,1,52920.0
P12CV18,BRG_010,3,1,32436.0
P12CV18,BRG_010,4,0,14496.0
P12CV18,BRG_011,0,1,61740.0
P12CV18,BRG_011,1,1,29652.0
P12CV18,BRG_011,2,1,18576.0
P12CV18,BRG_011,3,1,48780.0
P12CV18,BRG_011,4,0,7716.0
P12CV18,BRG_012,0,1,46356.0
P12CV18,BRG_012,1,1,18492.0
P12CV18,BRG_012,2,1,43776.0
P12CV18,BRG_012,3,1,27768.0
P12CV18,BRG_012,4,0,30072.0
P12CV18,BRG_013,0,1,22380.0
P12CV18,BRG_013,1,1,67092.0
P12CV18,BRG_013,2,1,31152.0
P12CV18,BRG_013,3,1,42972.0
P12CV18,BRG_013,4,0,2868.0
P12CV18,BRG_014,0,1,38304.0
P12CV18,BRG_014,1,1,53580.0
P12CV18,BRG_014,2,1,30816.0
P12CV18,BRG_014,3,1,13944.0
P12CV18,BRG_014,4,0,29820.0
P12CV18,BRG_015,0,1,46068.0
P12CV18,BRG_015,1,1,28800.0
P12CV18,BRG_015,2,1,79020.0
P12CV18,BRG_015,3,0,12576.0
P12CV18,BRG_016,0,1,38052.0
P12CV18,BRG_016,1,1,62292.0
P12CV18,BRG_016,2,1,32928.0
P12CV18,BRG_016,3,0,33192.0
P12CV18,BRG_017,0,1,42012.0
P12CV18,BRG_017,1,1,29664.0
P12CV18,BRG_017,2,1,32520.0
P12CV18,BRG_017,3,1,34824.0
P12CV18,BRG_017,4,1,25188.0
P12CV18,BRG_017,5,0,2256.0
P12CV18,BRG_018,0,1,49176.0
P12CV18,BRG_018,1,1,42840.0
P12CV18,BRG_018,2,1,26616.0
P12CV18,BRG_018,3,0,47832.0
P12CV18,BRG_019,0,1,43404.0
P12CV18,BRG_019,1,1,33528.0
P12CV18,BRG_019,2,1,53484.0
P12CV18,BRG_019,3,1,28104.0
P12CV18,BRG_019,4,0,7944.0
P12CV18,BRG_020,0,1,47496.0
P12CV18,BRG_020,1,1,38868.0
P12CV18,BRG_020,2,1,71904.0
P12CV18,BRG_020,3,0,8196.0
P12CV18,BRG_021,0,1,37236.0
P12CV18,BRG_021,1,1,15444.0
P12CV18,BRG_021,2,1,26484.0
P12CV18,BRG_021,3,1,48168.0
P12CV18,BRG_021,4,0,39132.0
P12CV18,BRG_022,0,1,19476.0
P12CV18,BRG_022,1,1,50196.0
P12CV18,BRG_022,2,1,50340.0
P12CV18,BRG_022,3,1,27348.0
P12CV18,BRG_022,4,1,15804.0
P12CV18,BRG_022,5,0,3300.0
P12CV18,BRG_023,0,1,46008.0
P12CV18,BRG_023,1,1,36984.0
P12CV18,BRG_023,2,1,20208.0
P12CV18,BRG_023,3,1,39468.0
P12CV18,BRG_023,4,0,23796.0
P12CV18,BRG_024,0,1,46344.0
P12CV18,BRG_024,1,1,45684.0
P12CV18,BRG_024,2,1,59424.0
P12CV18,BRG_024,3,0,15012.0
P12CV18,BRG_025,0,1,53952.0
P12CV18,BRG_025,1,1,16284.0
P12CV18,BRG_025,2,1,59808.0
P12CV18,BRG_025,3,0,36420.0
P12CV18,BRG_026,0,1,48168.0
P12CV18,BRG_026,1,1,48408.0
P12CV18,BRG_026,2,1,34236.0
P12CV18,BRG_026,3,1,19044.0
P12CV18,BRG_026,4,0,16608.0
P12CV18,BRG_027,0,1,18612.0
P12CV18,BRG_027,1,1,28200.0
P12CV18,BRG_027,2,1,34596.0
P12CV18,BRG_027,3,1,15396.0
P12CV18,BRG_027,4,1,51336.0
P12CV18,BRG_027,5,0,18324.0
P12CV18,BRG_028,0,1,42936.0
P12CV18,BRG_028,1,1,33480.0
P12CV18,BRG_028,2,1,76716.0
P12CV18,BRG_028,3,0,13332.0
P12CV18,BRG_029,0,1,59844.0
P12CV18,BRG_029,1,1,62004.0
P12CV18,BRG_029,2,1,33468.0
P12CV18,BRG_029,3,0,11148.0
P12CV18,BRG_030,0,1,52356.0
P12CV18,BRG_030,1,1,69480.0
P12CV18,BRG_030,2,1,43416.0
P12CV18,BRG_030,3,0,1212.0
P12CV18,BRG_031,0,1,29184.0
P12CV18,BRG_031,1,1,45780.0
P12CV18,BRG_031,2,1,50436.0
P12CV18,BRG_031,3,0,41064.0
P12CV18,BRG_032,0,1,57672.0
P12CV18,BRG_032,1,1,33744.0
P12CV18,BRG_032,2,1,38028.0
P12CV18,BRG_032,3,0,37020.0
P12CV18,BRG_033,0,1,45168.0
P12CV18,BRG_033,1,1,39972.0
P12CV18,BRG_033,2,1,54144.0
P12CV18,BRG_033,3,0,27180.0
P12CV18,BRG_034,0,1,30264.0
P12CV18,BRG_034,1,1,51348.0
P12CV18,BRG_034,2,1,60036.0
P12CV18,BRG_034,3,0,24816.0
P12CV18,BRG_035,0,1,31848.0
P12CV18,BRG_035,1,1,43104.0
P12CV18,BRG_035,2,1,68016.0
P12CV18,BRG_035,3,0,23496.0
P12CV18,BRG_036,0,1,38040.0
P12CV18,BRG_036,1,1,33480.0
P12CV18,BRG_036,2,1,23484.0
P12CV18,BRG_036,3,1,48648.0
P12CV18,BRG_036,4,1,12636.0
P12CV18,BRG_036,5,0,10176.0
P12CV18,BRG_037,0,1,57972.0
P12CV18,BRG_037,1,1,33432.0
P12CV18,BRG_037,2,1,41568.0
P12CV18,BRG_037,3,1,22140.0
P12CV18,BRG_037,4,0,11352.0
P12CV18,BRG_038,0,1,41496.0
P12CV18,BRG_038,1,1,43536.0
P12CV18,BRG_038,2,1,28188.0
P12CV18,BRG_038,3,1,41784.0
P12CV18,BRG_038,4,0,11460.0
P12CV18,BRG_039,0,1,67452.0
P12CV18,BRG_039,1,1,8928.0
P12CV18,BRG_039,2,1,43692.0
P12CV18,BRG_039,3,1,30048.0
P12CV18,BRG_039,4,0,16344.0
P12CV18,BRG_040,0,1,78096.0
P12CV18,BRG_040,1,1,31932.0
P12CV18,BRG_040,2,1,17076.0
P12CV18,BRG_040,3,0,39360.0
P12CV18,BRG_041,0,1,78132.0
P12CV18,BRG_041,1,1,61740.0
P12CV18,BRG_041,2,0,26592.0
P12CV18,BRG_042,0,1,47772.0
P12CV18,BRG_042,1,1,18900.0
P12CV18,BRG_042,2,1,56376.0
P12CV18,BRG_042,3,1,34848.0
P12CV18,BRG_042,4,0,8568.0
P12CV18,BRG_043,0,1,58704.0
P12CV18,BRG_043,1,1,77364.0
P12CV18,BRG_043,2,0,30396.0
P12CV18,BRG_044,0,1,50616.0
P12CV18,BRG_044,1,1,62940.0
P12CV18,BRG_044,2,1,47064.0
P12CV18,BRG_044,3,0,5844.0
P12CV18,BRG_045,0,1,38628.0
P12CV18,BRG_045,1,1,42096.0
P12CV18,BRG_045,2,1,47496.0
P12CV18,BRG_045,3,1,29280.0
P12CV18,BRG_045,4,0,8964.0
P12CV18,BRG_046,0,1,61248.0
P12CV18,BRG_046,1,1,12144.0
P12CV18,BRG_046,2,1,36516.0
P12CV18,BRG_046,3,0,56556.0
P12CV19,BRG_001,0,1,50376.0
P12CV19,BRG_001,1,1,50676.0
P12CV19,BRG_001,2,1,25872.0
P12CV19,BRG_001,3,0,40296.0
P12CV19,BRG_002,0,1,29532.0
P12CV19,BRG_002,1,1,60492.0
P12CV19,BRG_002,2,1,74940.0
P12CV19,BRG_002,3,0,2256.0
P12CV19,BRG_003,0,1,32904.0
P12CV19,BRG_003,1,1,49056.0
P12CV19,BRG_003,2,1,60204.0
P12CV19,BRG_003,3,0,25056.0
P12CV19,BRG_004,0,1,46464.0
P12CV19,BRG_004,1,1,70476.0
P12CV19,BRG_004,2,0,50280.0
P12CV19,BRG_005,0,1,43644.0
P12CV19,BRG_005,1,1,14460.0
P12CV19,BRG_005,2,1,61032.0
P12CV19,BRG_005,3,0,48084.0
P12CV19,BRG_006,0,1,48012.0
P12CV19,BRG_006,1,1,45876.0
P12CV19,BRG_006,2,1,57276.0
P12CV19,BRG_006,3,0,16056.0
P12CV19,BRG_007,0,1,51516.0
P12CV19,BRG_007,1,1,49308.0
P12CV19,BRG_007,2,1,52116.0
P12CV19,BRG_007,3,0,14280.0
P12CV19,BRG_008,0,1,44472.0
P12CV19,BRG_008,1,1,44028.0
P12CV19,BRG_008,2,1,43404.0
P12CV19,BRG_008,3,0,35316.0
P12CV19,BRG_009,0,1,56628.0
P12CV19,BRG_009,1,1,36744.0
P12CV19,BRG_009,2,1,64248.0
P12CV19,BRG_009,3,0,9600.0
P12CV19,BRG_010,0,1,51552.0
P12CV19,BRG_010,1,1,28128.0
P12CV19,BRG_010,2,1,47304.0
P12CV19,BRG_010,3,0,40236.0
P12CV19,BRG_011,0,1,33084.0
P12CV19,BRG_011,1,1,17592.0
P12CV19,BRG_011,2,1,51432.0
P12CV19,BRG_011,3,0,65112.0
P12CV19,BRG_012,0,1,53040.0
P12CV19,BRG_012,1,1,52272.0
P12CV19,BRG_012,2,1,45912.0
P12CV19,BRG_012,3,0,15996.0
P12CV19,BRG_013,0,1,32652.0
P12CV19,BRG_013,1,1,57984.0
P12CV19,BRG_013,2,1,33384.0
P12CV19,BRG_013,3,1,35148.0
P12CV19,BRG_013,4,0,8052.0
P12CV19,BRG_014,0,1,37944.0
P12CV19,BRG_014,1,1,28536.0
P12CV19,BRG_014,2,1,58212.0
P12CV19,BRG_014,3,0,42528.0
P12CV19,BRG_015,0,1,25680.0
P12CV19,BRG_015,1,1,44856.0
P12CV19,BRG_015,2,1,51924.0
P12CV19,BRG_015,3,1,21468.0
P12CV19,BRG_015,4,1,20016.0
P12CV19,BRG_015,5,0,3276.0
P12CV19,BRG_016,0,1,60612.0
P12CV19,BRG_016,1,1,29184.0
P12CV19,BRG_016,2,1,26340.0
P12CV19,BRG_016,3,1,32208.0
P12CV19,BRG_016,4,0,18876.0
P12CV19,BRG_017,0,1,50880.0
P12CV19,BRG_017,1,1,72756.0
P12CV19,BRG_017,2,1,29532.0
P12CV19,BRG_017,3,0,14052.0
P12CV19,BRG_018,0,1,42264.0
P12CV19,BRG_018,1,1,60960.0
P12CV19,BRG_018,2,1,59052.0
P12CV19,BRG_018,3,0,4944.0
P12CV19,BRG_019,0,1,2724.0
P12CV19,BRG_019,1,1,26988.0
P12CV19,BRG_019,2,1,23748.0
P12CV19,BRG_019,3,1,51024.0
P12CV19,BRG_019,4,1,44532.0
P12CV19,BRG_019,5,0,18204.0
P12CV19,BRG_020,0,1,56424.0
P12CV19,BRG_020,1,1,55128.0
P12CV19,BRG_020,2,1,13536.0
P12CV19,BRG_020,3,1,27360.0
P12CV19,BRG_020,4,0,14772.0
P12CV19,BRG_021,0,1,27168.0
P12CV19,BRG_021,1,1,21408.0
P12CV19,BRG_021,2,1,26796.0
P12CV19,BRG_021,3,1,53952.0
P12CV19,BRG_021,4,1,19968.0
P12CV19,BRG_021,5,0,17928.0
P12CV19,BRG_022,0,1,9756.0
P12CV19,BRG_022,1,1,75012.0
P12CV19,BRG_022,2,1,59100.0
P12CV19,BRG_022,3,1,17028.0
P12CV19,BRG_022,4,0,6324.0
P12CV19,BRG_023,0,1,50364.0
P12CV19,BRG_023,1,1,34920.0
P12CV19,BRG_023,2,1,25944.0
P12CV19,BRG_023,3,1,11556.0
P12CV19,BRG_023,4,1,27768.0
P12CV19,BRG_023,5,0,16668.0
P12CV19,BRG_024,0,1,49944.0
P12CV19,BRG_024,1,1,49440.0
P12CV19,BRG_024,2,1,61788.0
P12CV19,BRG_024,3,0,6048.0
P12CV19,BRG_025,0,1,53616.0
P12CV19,BRG_025,1,1,56232.0
P12CV19,BRG_025,2,1,26220.0
P12CV19,BRG_025,3,0,31152.0
P12CV19,BRG_026,0,1,50184.0
P12CV19,BRG_026,1,1,18996.0
P12CV19,BRG_026,2,1,77940.0
P12CV19,BRG_026,3,0,20100.0
P12CV19,BRG_027,0,1,29916.0
P12CV19,BRG_027,1,1,92292.0
P12CV19,BRG_027,2,1,25980.0
P12CV19,BRG_027,3,0,19032.0
P12CV19,BRG_028,0,1,34896.0
P12CV19,BRG_028,1,1,27456.0
P12CV19,BRG_028,2,1,23808.0
P12CV19,BRG_028,3,1,10716.0
P12CV19,BRG_028,4,1,64308.0
P12CV19,BRG_028,5,0,6036.0
P12CV19,BRG_029,0,1,31680.0
P12CV19,BRG_029,1,1,51324.0
P12CV19,BRG_029,2,1,80328.0
P12CV19,BRG_029,3,0,3888.0
P12CV19,BRG_030,0,1,55884.0
P12CV19,BRG_030,1,1,45996.0
P12CV19,BRG_030,2,1,44244.0
P12CV19,BRG_030,3,0,21096.0
P12CV19,BRG_031,0,1,38580.0
P12CV19,BRG_031,1,1,43848.0
P12CV19,BRG_031,2,1,46284.0
P12CV19,BRG_031,3,0,38508.0
P12CV19,BRG_032,0,1,22272.0
P12CV19,BRG_032,1,1,26916.0
P12CV19,BRG_032,2,1,58704.0
P12CV19,BRG_032,3,1,51864.0
P12CV19,BRG_032,4,0,7464.0
P12CV19,BRG_033,0,1,16104.0
P12CV19,BRG_033,1,1,71556.0
P12CV19,BRG_033,2,1,38796.0
P12CV19,BRG_033,3,0,40764.0
P12CV19,BRG_034,0,1,58428.0
P12CV19,BRG_034,1,1,28740.0
P12CV19,BRG_034,2,1,69480.0
P12CV19,BRG_034,3,0,10572.0
P12CV19,BRG_035,0,1,41724.0
P12CV19,BRG_035,1,1,42816.0
P12CV19,BRG_035,2,1,41184.0
P12CV19,BRG_035,3,0,41496.0
P12CV19,BRG_036,0,1,45552.0
P12CV19,BRG_036,1,1,42264.0
P12CV19,BRG_036,2,1,33444.0
P12CV19,BRG_036,3,1,41076.0
P12CV19,BRG_036,4,0,4884.0
P12CV19,BRG_037,0,1,57072.0
P12CV19,BRG_037,1,1,39312.0
P12CV19,BRG_037,2,0,70836.0
P12CV19,BRG_038,0,1,31128.0
P12CV19,BRG_038,1,1,79416.0
P12CV19,BRG_038,2,1,31584.0
P12CV19,BRG_038,3,0,25092.0
P12CV19,BRG_039,0,1,39576.0
P12CV19,BRG_039,1,1,53040.0
P12CV19,BRG_039,2,1,59004.0
P12CV19,BRG_039,3,0,15600.0
P12CV19,BRG_040,0,1,49680.0
P12CV19,BRG_040,1,1,83376.0
P12CV19,BRG_040,2,0,34164.0
P12CV19,BRG_041,0,1,49692.0
P12CV19,BRG_041,1,1,36624.0
P12CV19,BRG_041,2,1,40332.0
P12CV19,BRG_041,3,0,40572.0
P12CV19,BRG_042,0,1,57804.0
P12CV19,BRG_042,1,1,31116.0
P12CV19,BRG_042,2,1,24216.0
P12CV19,BRG_042,3,0,54084.0
P12CV19,BRG_043,0,1,23940.0
P12CV19,BRG_043,1,1,57480.0
P12CV19,BRG_043,2,1,42228.0
P12CV19,BRG_043,3,0,43572.0
P12CV19,BRG_044,0,1,44628.0
P12CV19,BRG_044,1,1,56604.0
P12CV19,BRG_044,2,1,61764.0
P12CV19,BRG_044,3,0,4224.0
P12CV19,BRG_045,0,1,71844.0
P12CV19,BRG_045,1,1,36132.0
P12CV19,BRG_045,2,1,48060.0
P12CV19,BRG_045,3,0,11184.0
P12CV19,BRG_046,0,1,51588.0
P12CV19,BRG_046,1,1,52080.0
P12CV19,BRG_046,2,1,46680.0
P12CV19,BRG_046,3,0,16872.0
P12CV20,BRG_001,0,1,52176.0
P12CV20,BRG_001,1,1,23268.0
P12CV20,BRG_001,2,1,35316.0
P12CV20,BRG_001,3,1,35640.0
P12CV20,BRG_001,4,0,20820.0
P12CV20,BRG_002,0,1,39552.0
P12CV20,BRG_002,1,1,67116.0
P12CV20,BRG_002,2,1,23400.0
P12CV20,BRG_002,3,0,37152.0
P12CV20,BRG_003,0,1,27960.0
P12CV20,BRG_003,1,1,43212.0
P12CV20,BRG_003,2,1,31344.0
P12CV20,BRG_003,3,1,51804.0
P12CV20,BRG_003,4,0,12900.0
P12CV20,BRG_004,0,1,58692.0
P12CV20,BRG_004,1,1,55188.0
P12CV20,BRG_004,2,1,26136.0
P12CV20,BRG_004,3,0,27204.0
P12CV20,BRG_005,0,1,32880.0
P12CV20,BRG_005,1,1,28584.0
P12CV20,BRG_005,2,1,45732.0
P12CV20,BRG_005,3,1,36624.0
P12CV20,BRG_005,4,0,23400.0
P12CV20,BRG_006,0,1,44748.0
P12CV20,BRG_006,1,1,49764.0
P12CV20,BRG_006,2,1,55668.0
P12CV20,BRG_006,3,0,17040.0
P12CV20,BRG_007,0,1,50748.0
P12CV20,BRG_007,1,1,69888.0
P12CV20,BRG_007,2,1,35448.0
P12CV20,BRG_007,3,0,11136.0
P12CV20,BRG_008,0,1,22068.0
P12CV20,BRG_008,1,1,31308.0
P12CV20,BRG_008,2,1,65124.0
P12CV20,BRG_008,3,0,48720.0
P12CV20,BRG_009,0,1,25992.0
P12CV20,BRG_009,1,1,37176.0
P12CV20,BRG_009,2,1,60732.0
P12CV20,BRG_009,3,1,27936.0
P12CV20,BRG_009,4,0,15384.0
P12CV20,BRG_010,0,1,51540.0
P12CV20,BRG_010,1,1,41232.0
P12CV20,BRG_010,2,1,55452.0
P12CV20,BRG_010,3,0,18996.0
P12CV20,BRG_011,0,1,35580.0
P12CV20,BRG_011,1,1,65508.0
P12CV20,BRG_011,2,1,39036.0
P12CV20,BRG_011,3,0,27096.0
P12CV20,BRG_012,0,1,30792.0
P12CV20,BRG_012,1,1,63732.0
P12CV20,BRG_012,2,1,47424.0
P12CV20,BRG_012,3,0,25272.0
P12CV20,BRG_013,0,1,47484.0
P12CV20,BRG_013,1,1,50292.0
P12CV20,BRG_013,2,1,62316.0
P12CV20,BRG_013,3,0,7128.0
P12CV20,BRG_014,0,1,24888.0
P12CV20,BRG_014,1,1,57180.0
P12CV20,BRG_014,2,1,58704.0
P12CV20,BRG_014,3,0,26448.0
P12CV20,BRG_015,0,1,40620.0
P12CV20,BRG_015,1,1,24768.0
P12CV20,BRG_015,2,1,47160.0
P12CV20,BRG_015,3,0,54672.0
P12CV20,BRG_016,0,1,66768.0
P12CV20,BRG_016,1,1,9384.0
P12CV20,BRG_016,2,1,30936.0
P12CV20,BRG_016,3,1,37740.0
P12CV20,BRG_016,4,0,22392.0
P12CV20,BRG_017,0,1,22272.0
P12CV20,BRG_017,1,1,61980.0
P12CV20,BRG_017,2,1,35436.0
P12CV20,BRG_017,3,0,47532.0
P12CV20,BRG_018,0,1,34992.0
P12CV20,BRG_018,1,1,22728.0
P12CV20,BRG_018,2,1,70620.0
P12CV20,BRG_018,3,1,16212.0
P12CV20,BRG_018,4,0,22668.0
P12CV20,BRG_019,0,1,22716.0
P12CV20,BRG_019,1,1,33396.0
P12CV20,BRG_019,2,1,84072.0
P12CV20,BRG_019,3,0,27036.0
P12CV20,BRG_020,0,1,40896.0
P12CV20,BRG_020,1,1,37968.0
P12CV20,BRG_020,2,1,25872.0
P12CV20,BRG_020,3,1,37536.0
P12CV20,BRG_020,4,0,24948.0
P12CV20,BRG_021,0,1,30444.0
P12CV20,BRG_021,1,1,41148.0
P12CV20,BRG_021,2,1,51744.0
P12CV20,BRG_021,3,1,33024.0
P12CV20,BRG_021,4,0,10860.0
P12CV20,BRG_022,0,1,33300.0
P12CV20,BRG_022,1,1,14832.0
P12CV20,BRG_022,2,1,29400.0
P12CV20,BRG_022,3,1,28500.0
P12CV20,BRG_022,4,1,19524.0
P12CV20,BRG_022,5,0,41664.0
P12CV20,BRG_023,0,1,83184.0
P12CV20,BRG_023,1,1,56532.0
P12CV20,BRG_023,2,0,27504.0
P12CV20,BRG_024,0,1,27252.0
P12CV20,BRG_024,1,1,42240.0
P12CV20,BRG_024,2,1,27864.0
P12CV20,BRG_024,3,1,56616.0
P12CV20,BRG_024,4,0,13248.0
P12CV20,BRG_025,0,1,24600.0
P12CV20,BRG_025,1,1,37956.0
P12CV20,BRG_025,2,1,42672.0
P12CV20,BRG_025,3,1,34476.0
P12CV20,BRG_025,4,0,27516.0
P12CV20,BRG_026,0,1,63852.0
P12CV20,BRG_026,1,1,18108.0
P12CV20,BRG_026,2,1,45012.0
P12CV20,BRG_026,3,1,35664.0
P12CV20,BRG_026,4,0,4584.0
P12CV20,BRG_027,0,1,50832.0
P12CV20,BRG_027,1,1,63060.0
P12CV20,BRG_027,2,0,53328.0
P12CV20,BRG_028,0,1,43896.0
P12CV20,BRG_028,1,1,42732.0
P12CV20,BRG_028,2,1,45528.0
P12CV20,BRG_028,3,0,35064.0
P12CV20,BRG_029,0,1,66420.0
P12CV20,BRG_029,1,1,50004.0
P12CV20,BRG_029,2,0,50796.0
P12CV20,BRG_030,0,1,46368.0
P12CV20,BRG_030,1,1,40704.0
P12CV20,BRG_030,2,1,40224.0
P12CV20,BRG_030,3,0,39924.0
P12CV20,BRG_031,0,1,76824.0
P12CV20,BRG_031,1,1,23508.0
P12CV20,BRG_031,2,0,66888.0
P12CV20,BRG_032,0,1,46032.0
P12CV20,BRG_032,1,1,48276.0
P12CV20,BRG_032,2,1,44256.0
P12CV20,BRG_032,3,0,28656.0
P12CV20,BRG_033,0,1,29976.0
P12CV20,BRG_033,1,1,30156.0
P12CV20,BRG_033,2,1,42756.0
P12CV20,BRG_033,3,1,18348.0
P12CV20,BRG_033,4,0,45984.0
P12CV20,BRG_034,0,1,52344.0
P12CV20,BRG_034,1,1,43992.0
P12CV20,BRG_034,2,1,69348.0
P12CV20,BRG_034,3,0,1536.0
P12CV20,BRG_035,0,1,48720.0
P12CV20,BRG_035,1,1,44616.0
P12CV20,BRG_035,2,1,33576.0
P12CV20,BRG_035,3,1,15780.0
P12CV20,BRG_035,4,0,24528.0
P12CV20,BRG_036,0,1,36816.0
P12CV20,BRG_036,1,1,39636.0
P12CV20,BRG_036,2,1,36660.0
P12CV20,BRG_036,3,1,39924.0
P12CV20,BRG_036,4,0,14184.0
P12CV20,BRG_037,0,1,31440.0
P12CV20,BRG_037,1,1,33384.0
P12CV20,BRG_037,2,1,63648.0
P12CV20,BRG_037,3,0,38748.0
P12CV20,BRG_038,0,1,47928.0
P12CV20,BRG_038,1,1,66456.0
P12CV20,BRG_038,2,1,46416.0
P12CV20,BRG_038,3,0,6420.0
P12CV20,BRG_039,0,1,70944.0
P12CV20,BRG_039,1,1,50112.0
P12CV20,BRG_039,2,1,30384.0
P12CV20,BRG_039,3,0,15780.0
P12CV20,BRG_040,0,1,46068.0
P12CV20,BRG_040,1,1,65652.0
P12CV20,BRG_040,2,1,52296.0
P12CV20,BRG_040,3,0,3204.0
P12CV20,BRG_041,0,1,19128.0
P12CV20,BRG_041,1,1,33348.0
P12CV20,BRG_041,2,1,58536.0
P12CV20,BRG_041,3,0,56208.0
P12CV20,BRG_042,0,1,38052.0
P12CV20,BRG_042,1,1,51780.0
P12CV20,BRG_042,2,1,62976.0
P12CV20,BRG_042,3,0,14412.0
P12CV20,BRG_043,0,1,31428.0
P12CV20,BRG_043,1,1,34164.0
P12CV20,BRG_043,2,1,26712.0
P12CV20,BRG_043,3,1,49128.0
P12CV20,BRG_043,4,0,25788.0
P12CV20,BRG_044,0,1,28452.0
P12CV20,BRG_044,1,1,31188.0
P12CV20,BRG_044,2,1,39948.0
P12CV20,BRG_044,3,1,40056.0
P12CV20,BRG_044,4,0,27576.0
P12CV20,BRG_045,0,1,48492.0
P12CV20,BRG_045,1,1,40608.0
P12CV20,BRG_045,2,1,49956.0
P12CV20,BRG_045,3,0,28164.0
P12CV20,BRG_046,0,1,53580.0
P12CV20,BRG_046,1,1,37380.0
P12CV20,BRG_046,2,1,34536.0
P12CV20,BRG_046,3,1,22116.0
P12CV20,BRG_046,4,0,19608.0
P12CV21,BRG_001,0,1,20736.0
P12CV21,BRG_001,1,1,27528.0
P12CV21,BRG_001,2,1,65136.0
P12CV21,BRG_001,3,0,53352.0
P12CV21,BRG_002,0,1,25260.0
P12CV21,BRG_002,1,1,32544.0
P12CV21,BRG_002,2,1,22044.0
P12CV21,BRG_002,3,1,33012.0
P12CV21,BRG_002,4,0,53892.0
P12CV21,BRG_003,0,1,27816.0
P12CV21,BRG_003,1,1,67932.0
P12CV21,BRG_003,2,1,43020.0
P12CV21,BRG_003,3,0,27984.0
P12CV21,BRG_004,0,1,27540.0
P12CV21,BRG_004,1,1,44220.0
P12CV21,BRG_004,2,1,67044.0
P12CV21,BRG_004,3,0,27948.0
P12CV21,BRG_005,0,1,55968.0
P12CV21,BRG_005,1,1,48360.0
P12CV21,BRG_005,2,1,59580.0
P12CV21,BRG_005,3,0,2844.0
P12CV21,BRG_006,0,1,56172.0
P12CV21,BRG_006,1,1,63192.0
P12CV21,BRG_006,2,0,47388.0
P12CV21,BRG_007,0,1,58740.0
P12CV21,BRG_007,1,1,76260.0
P12CV21,BRG_007,2,0,31752.0
P12CV21,BRG_008,0,1,47580.0
P12CV21,BRG_008,1,1,27228.0
P12CV21,BRG_008,2,1,20952.0
P12CV21,BRG_008,3,1,46104.0
P12CV21,BRG_008,4,0,24888.0
P12CV21,BRG_009,0,1,42252.0
P12CV21,BRG_009,1,1,34236.0
P12CV21,BRG_009,2,1,40236.0
P12CV21,BRG_009,3,1,43800.0
P12CV21,BRG_009,4,0,6228.0
P12CV21,BRG_010,0,1,35892.0
P12CV21,BRG_010,1,1,44184.0
P12CV21,BRG_010,2,1,52596.0
P12CV21,BRG_010,3,0,34080.0
P12CV21,BRG_011,0,1,83064.0
P12CV21,BRG_011,1,1,39240.0
P12CV21,BRG_011,2,1,20580.0
P12CV21,BRG_011,3,0,23868.0
P12CV21,BRG_012,0,1,14208.0
P12CV21,BRG_012,1,1,16248.0
P12CV21,BRG_012,2,1,37008.0
P12CV21,BRG_012,3,1,67440.0
P12CV21,BRG_012,4,1,23748.0
P12CV21,BRG_012,5,0,8100.0
P12CV21,BRG_013,0,1,25704.0
P12CV21,BRG_013,1,1,77364.0
P12CV21,BRG_013,2,0,63684.0
P12CV21,BRG_014,0,1,41544.0
P12CV21,BRG_014,1,1,45444.0
P12CV21,BRG_014,2,1,28200.0
P12CV21,BRG_014,3,1,33552.0
P12CV21,BRG_014,4,0,18012.0
P12CV21,BRG_015,0,1,53964.0
P12CV21,BRG_015,1,1,21324.0
P12CV21,BRG_015,2,1,36228.0
P12CV21,BRG_015,3,1,27564.0
P12CV21,BRG_015,4,0,27672.0
P12CV21,BRG_016,0,1,22572.0
P12CV21,BRG_016,1,1,46356.0
P12CV21,BRG_016,2,1,61380.0
P12CV21,BRG_016,3,0,36444.0
P12CV21,BRG_017,0,1,57840.0
P12CV21,BRG_017,1,1,36336.0
P12CV21,BRG_017,2,1,37464.0
P12CV21,BRG_017,3,0,35112.0
P12CV21,BRG_018,0,1,56808.0
P12CV21,BRG_018,1,1,31692.0
P12CV21,BRG_018,2,1,41412.0
P12CV21,BRG_018,3,0,36840.0
P12CV21,BRG_019,0,1,23916.0
P12CV21,BRG_019,1,1,40896.0
P12CV21,BRG_019,2,1,34788.0
P12CV21,BRG_019,3,1,33348.0
P12CV21,BRG_019,4,0,33804.0
P12CV21,BRG_020,0,1,70500.0
P12CV21,BRG_020,1,1,17376.0
P12CV21,BRG_020,2,1,41724.0
P12CV21,BRG_020,3,1,22584.0
P12CV21,BRG_020,4,0,14568.0
P12CV21,BRG_021,0,1,19668.0
P12CV21,BRG_021,1,1,27408.0
P12CV21,BRG_021,2,1,21696.0
P12CV21,BRG_021,3,1,33336.0
P12CV21,BRG_021,4,1,38556.0
P12CV21,BRG_021,5,0,26088.0
P12CV21,BRG_022,0,1,47472.0
P12CV21,BRG_022,1,1,35556.0
P12CV21,BRG_022,2,1,29868.0
P12CV21,BRG_022,3,0,53856.0
P12CV21,BRG_023,0,1,13044.0
P12CV21,BRG_023,1,1,56424.0
P12CV21,BRG_023,2,1,45924.0
P12CV21,BRG_023,3,1,14460.0
P12CV21,BRG_023,4,0,36900.0
P12CV21,BRG_024,0,1,56184.0
P12CV21,BRG_024,1,1,52440.0
P12CV21,BRG_024,2,1,27456.0
P12CV21,BRG_024,3,0,30672.0
P12CV21,BRG_025,0,1,59016.0
P12CV21,BRG_025,1,1,61824.0
P12CV21,BRG_025,2,0,45912.0
P12CV21,BRG_026,0,1,41388.0
P12CV21,BRG_026,1,1,69024.0
P12CV21,BRG_026,2,0,56340.0
P12CV21,BRG_027,0,1,34344.0
P12CV21,BRG_027,1,1,46392.0
P12CV21,BRG_027,2,1,25164.0
P12CV21,BRG_027,3,1,39840.0
P12CV21,BRG_027,4,0,21012.0
P12CV21,BRG_028,0,1,38904.0
P12CV21,BRG_028,1,1,40740.0
P12CV21,BRG_028,2,1,49068.0
P12CV21,BRG_028,3,0,38040.0
P12CV21,BRG_029,0,1,40848.0
P12CV21,BRG_029,1,1,47220.0
P12CV21,BRG_029,2,1,73500.0
P12CV21,BRG_029,3,0,5184.0
P12CV21,BRG_030,0,1,59772.0
P12CV21,BRG_030,1,1,17496.0
P12CV21,BRG_030,2,1,71460.0
P12CV21,BRG_030,3,0,18024.0
P12CV21,BRG_031,0,1,26316.0
P12CV21,BRG_031,1,1,17976.0
P12CV21,BRG_031,2,1,26808.0
P12CV21,BRG_031,3,1,18876.0
P12CV21,BRG_031,4,1,24852.0
P12CV21,BRG_031,5,1,41460.0
P12CV21,BRG_031,6,0,10464.0
P12CV21,BRG_032,0,1,42624.0
P12CV21,BRG_032,1,1,38604.0
P12CV21,BRG_032,2,1,28080.0
P12CV21,BRG_032,3,1,31080.0
P12CV21,BRG_032,4,0,26364.0
P12CV21,BRG_033,0,1,23712.0
P12CV21,BRG_033,1,1,54816.0
P12CV21,BRG_033,2,1,16884.0
P12CV21,BRG_033,3,1,39408.0
P12CV21,BRG_033,4,0,31932.0
P12CV21,BRG_034,0,1,52368.0
P12CV21,BRG_034,1,1,45156.0
P12CV21,BRG_034,2,1,23484.0
P12CV21,BRG_034,3,1,14652.0
P12CV21,BRG_034,4,0,31092.0
P12CV21,BRG_035,0,1,70704.0
P12CV21,BRG_035,1,1,40944.0
P12CV21,BRG_035,2,1,33792.0
P12CV21,BRG_035,3,1,15924.0
P12CV21,BRG_035,4,0,5388.0
P12CV21,BRG_036,0,1,30852.0
P12CV21,BRG_036,1,1,44352.0
P12CV21,BRG_036,2,1,16824.0
P12CV21,BRG_036,3,1,67668.0
P12CV21,BRG_036,4,0,7056.0
P12CV21,BRG_037,0,1,39900.0
P12CV21,BRG_037,1,1,61524.0
P12CV21,BRG_037,2,1,13656.0
P12CV21,BRG_037,3,1,32808.0
P12CV21,BRG_037,4,0,18864.0
P12CV21,BRG_038,0,1,46212.0
P12CV21,BRG_038,1,1,35436.0
P12CV21,BRG_038,2,1,54852.0
P12CV21,BRG_038,3,1,24708.0
P12CV21,BRG_038,4,0,5544.0
P12CV21,BRG_039,0,1,34140.0
P12CV21,BRG_039,1,1,44940.0
P12CV21,BRG_039,2,1,38928.0
P12CV21,BRG_039,3,0,48744.0
P12CV21,BRG_040,0,1,36336.0
P12CV21,BRG_040,1,1,52104.0
P12CV21,BRG_040,2,1,24756.0
P12CV21,BRG_040,3,1,37644.0
P12CV21,BRG_040,4,0,15912.0
P12CV21,BRG_041,0,1,83292.0
P12CV21,BRG_041,1,1,59976.0
P12CV21,BRG_041,2,0,23484.0
P12CV21,BRG_042,0,1,46632.0
P12CV21,BRG_042,1,1,41376.0
P12CV21,BRG_042,2,1,44652.0
P12CV21,BRG_042,3,0,34092.0
P12CV21,BRG_043,0,1,44256.0
P12CV21,BRG_043,1,1,51384.0
P12CV21,BRG_043,2,1,52500.0
P12CV21,BRG_043,3,1,14580.0
P12CV21,BRG_043,4,0,4032.0
P12CV21,BRG_044,0,1,48372.0
P12CV21,BRG_044,1,1,30312.0
P12CV21,BRG_044,2,1,62568.0
P12CV21,BRG_044,3,0,25500.0
P12CV21,BRG_045,0,1,24384.0
P12CV21,BRG_045,1,1,13404.0
P12CV21,BRG_045,2,1,52032.0
P12CV21,BRG_045,3,1,65880.0
P12CV21,BRG_045,4,0,11052.0
P12CV21,BRG_046,0,1,52092.0
P12CV21,BRG_046,1,1,50604.0
P12CV21,BRG_046,2,0,64056.0
P12CV22,BRG_001,0,1,64104.0
P12CV22,BRG_001,1,1,58560.0
P12CV22,BRG_001,2,0,44268.0
P12CV22,BRG_002,0,1,41904.0
P12CV22,BRG_002,1,1,55860.0
P12CV22,BRG_002,2,0,69168.0
P12CV22,BRG_003,0,1,55848.0
P12CV22,BRG_003,1,1,78456.0
P12CV22,BRG_003,2,1,8904.0
P12CV22,BRG_003,3,0,23724.0
P12CV22,BRG_004,0,1,50784.0
P12CV22,BRG_004,1,1,48600.0
P12CV22,BRG_004,2,1,22692.0
P12CV22,BRG_004,3,1,31428.0
P12CV22,BRG_004,4,0,13428.0
P12CV22,BRG_005,0,1,57120.0
P12CV22,BRG_005,1,1,25824.0
P12CV22,BRG_005,2,1,64656.0
P12CV22,BRG_005,3,0,19332.0
P12CV22,BRG_006,0,1,18288.0
P12CV22,BRG_006,1,1,41124.0
P12CV22,BRG_006,2,1,50508.0
P12CV22,BRG_006,3,0,57012.0
P12CV22,BRG_007,0,1,56532.0
P12CV22,BRG_007,1,1,18636.0
P12CV22,BRG_007,2,1,35460.0
P12CV22,BRG_007,3,0,56304.0
P12CV22,BRG_008,0,1,54912.0
P12CV22,BRG_008,1,1,49380.0
P12CV22,BRG_008,2,1,39996.0
P12CV22,BRG_008,3,0,22644.0
P12CV22,BRG_009,0,1,35652.0
P12CV22,BRG_009,1,1,38388.0
P12CV22,BRG_009,2,1,30000.0
P12CV22,BRG_009,3,1,58920.0
P12CV22,BRG_009,4,0,3972.0
P12CV22,BRG_010,0,1,40896.0
P12CV22,BRG_010,1,1,41328.0
P12CV22,BRG_010,2,1,37236.0
P12CV22,BRG_010,3,1,32400.0
P12CV22,BRG_010,4,0,15072.0
P12CV22,BRG_011,0,1,48432.0
P12CV22,BRG_011,1,1,55704.0
P12CV22,BRG_011,2,0,62796.0
P12CV22,BRG_012,0,1,38052.0
P12CV22,BRG_012,1,1,21756.0
P12CV22,BRG_012,2,1,14784.0
P12CV22,BRG_012,3,1,58800.0
P12CV22,BRG_012,4,0,33540.0
P12CV22,BRG_013,0,1,33312.0
P12CV22,BRG_013,1,1,60132.0
P12CV22,BRG_013,2,1,40920.0
P12CV22,BRG_013,3,0,32568.0
P12CV22,BRG_014,0,1,18876.0
P12CV22,BRG_014,1,1,20796.0
P12CV22,BRG_014,2,1,54744.0
P12CV22,BRG_014,3,1,42972.0
P12CV22,BRG_014,4,0,29544.0
P12CV22,BRG_015,0,1,62556.0
P12CV22,BRG_015,1,1,31824.0
P12CV22,BRG_015,2,1,50424.0
P12CV22,BRG_015,3,0,22128.0
P12CV22,BRG_016,0,1,60420.0
P12CV22,BRG_016,1,1,55152.0
P12CV22,BRG_016,2,1,48960.0
P12CV22,BRG_016,3,0,2400.0
P12CV22,BRG_017,0,1,66372.0
P12CV22,BRG_017,1,1,51972.0
P12CV22,BRG_017,2,1,22620.0
P12CV22,BRG_017,3,1,24924.0
P12CV22,BRG_017,4,0,1044.0
P12CV22,BRG_018,0,1,61656.0
P12CV22,BRG_018,1,1,45624.0
P12CV22,BRG_018,2,1,50964.0
P12CV22,BRG_018,3,0,8688.0
P12CV22,BRG_019,0,1,41052.0
P12CV22,BRG_019,1,1,47652.0
P12CV22,BRG_019,2,1,45888.0
P12CV22,BRG_019,3,1,32220.0
P12CV22,BRG_019,4,0,120.0
P12CV22,BRG_020,0,1,46656.0
P12CV22,BRG_020,1,1,68460.0
P12CV22,BRG_020,2,1,11328.0
P12CV22,BRG_020,3,1,29556.0
P12CV22,BRG_020,4,0,10932.0
P12CV22,BRG_021,0,1,9000.0
P12CV22,BRG_021,1,1,34884.0
P12CV22,BRG_021,2,1,49236.0
P12CV22,BRG_021,3,1,62364.0
P12CV22,BRG_021,4,0,11448.0
P12CV22,BRG_022,0,1,40044.0
P12CV22,BRG_022,1,1,41640.0
P12CV22,BRG_022,2,1,70308.0
P12CV22,BRG_022,3,0,14940.0
P12CV22,BRG_023,0,1,61968.0
P12CV22,BRG_023,1,1,49392.0
P12CV22,BRG_023,2,1,44376.0
P12CV22,BRG_023,3,0,11196.0
P12CV22,BRG_024,0,1,55284.0
P12CV22,BRG_024,1,1,33912.0
P12CV22,BRG_024,2,1,42756.0
P12CV22,BRG_024,3,0,34980.0
P12CV22,BRG_025,0,1,29640.0
P12CV22,BRG_025,1,1,68136.0
P12CV22,BRG_025,2,1,51012.0
P12CV22,BRG_025,3,0,18144.0
P12CV22,BRG_026,0,1,50652.0
P12CV22,BRG_026,1,1,54156.0
P12CV22,BRG_026,2,1,36048.0
P12CV22,BRG_026,3,0,26076.0
P12CV22,BRG_027,0,1,62976.0
P12CV22,BRG_027,1,1,58176.0
P12CV22,BRG_027,2,1,22452.0
P12CV22,BRG_027,3,0,23328.0
P12CV22,BRG_028,0,1,34476.0
P12CV22,BRG_028,1,1,62988.0
P12CV22,BRG_028,2,1,44820.0
P12CV22,BRG_028,3,1,23664.0
P12CV22,BRG_028,4,0,984.0
P12CV22,BRG_029,0,1,37272.0
P12CV22,BRG_029,1,1,43152.0
P12CV22,BRG_029,2,1,24372.0
P12CV22,BRG_029,3,1,49932.0
P12CV22,BRG_029,4,0,12204.0
P12CV22,BRG_030,0,1,32592.0
P12CV22,BRG_030,1,1,46824.0
P12CV22,BRG_030,2,1,42768.0
P12CV22,BRG_030,3,1,42972.0
P12CV22,BRG_030,4,0,1776.0
P12CV22,BRG_031,0,1,51252.0
P12CV22,BRG_031,1,1,17772.0
P12CV22,BRG_031,2,1,67008.0
P12CV22,BRG_031,3,1,17196.0
P12CV22,BRG_031,4,0,13704.0
P12CV22,BRG_032,0,1,61128.0
P12CV22,BRG_032,1,1,41292.0
P12CV22,BRG_032,2,1,56400.0
P12CV22,BRG_032,3,0,8112.0
P12CV22,BRG_033,0,1,44820.0
P12CV22,BRG_033,1,1,71652.0
P12CV22,BRG_033,2,1,23316.0
P12CV22,BRG_033,3,0,27144.0
P12CV22,BRG_034,0,1,32916.0
P12CV22,BRG_034,1,1,28344.0
P12CV22,BRG_034,2,1,74160.0
P12CV22,BRG_034,3,0,31512.0
P12CV22,BRG_035,0,1,28284.0
P12CV22,BRG_035,1,1,29208.0
P12CV22,BRG_035,2,1,30192.0
P12CV22,BRG_035,3,1,38412.0
P12CV22,BRG_035,4,0,40836.0
P12CV22,BRG_036,0,1,59112.0
P12CV22,BRG_036,1,1,48660.0
P12CV22,BRG_036,2,1,28164.0
P12CV22,BRG_036,3,0,30996.0
P12CV22,BRG_037,0,1,22560.0
P12CV22,BRG_037,1,1,27348.0
P12CV22,BRG_037,2,1,49536.0
P12CV22,BRG_037,3,1,31056.0
P12CV22,BRG_037,4,0,36432.0
P12CV22,BRG_038,0,1,63876.0
P12CV22,BRG_038,1,1,31680.0
P12CV22,BRG_038,2,1,33324.0
P12CV22,BRG_038,3,1,37680.0
P12CV22,BRG_038,4,0,372.0
P12CV22,BRG_039,0,1,30828.0
P12CV22,BRG_039,1,1,17400.0
P12CV22,BRG_039,2,1,56532.0
P12CV22,BRG_039,3,1,53952.0
P12CV22,BRG_039,4,0,8220.0
P12CV22,BRG_040,0,1,82596.0
P12CV22,BRG_040,1,1,40968.0
P12CV22,BRG_040,2,0,43368.0
P12CV22,BRG_041,0,1,61692.0
P12CV22,BRG_041,1,1,36288.0
P12CV22,BRG_041,2,1,34920.0
P12CV22,BRG_041,3,0,34032.0
P12CV22,BRG_042,0,1,77436.0
P12CV22,BRG_042,1,1,26664.0
P12CV22,BRG_042,2,1,52512.0
P12CV22,BRG_042,3,0,10320.0
P12CV22,BRG_043,0,1,16452.0
P12CV22,BRG_043,1,1,57912.0
P12CV22,BRG_043,2,1,39276.0
P12CV22,BRG_043,3,1,48516.0
P12CV22,BRG_043,4,0,4776.0
P12CV22,BRG_044,0,1,47004.0
P12CV22,BRG_044,1,1,29160.0
P12CV22,BRG_044,2,1,79680.0
P12CV22,BRG_044,3,0,11088.0
P12CV22,BRG_045,0,1,42900.0
P12CV22,BRG_045,1,1,31944.0
P12CV22,BRG_045,2,1,79272.0
P12CV22,BRG_045,3,0,12816.0
P12CV22,BRG_046,0,1,68988.0
P12CV22,BRG_046,1,1,37008.0
P12CV22,BRG_046,2,1,39132.0
P12CV22,BRG_046,3,0,21804.0
P12CV23,BRG_001,0,1,40512.0
P12CV23,BRG_001,1,1,38352.0
P12CV23,BRG_001,2,1,50688.0
P12CV23,BRG_001,3,0,37596.0
P12CV23,BRG_002,0,1,40644.0
P12CV23,BRG_002,1,1,35748.0
P12CV23,BRG_002,2,1,41220.0
P12CV23,BRG_002,3,1,28236.0
P12CV23,BRG_002,4,0,21300.0
P12CV23,BRG_003,0,1,45276.0
P12CV23,BRG_003,1,1,22404.0
P12CV23,BRG_003,2,1,58788.0
P12CV23,BRG_003,3,1,30612.0
P12CV23,BRG_003,4,0,10068.0
P12CV23,BRG_004,0,1,32292.0
P12CV23,BRG_004,1,1,18312.0
P12CV23,BRG_004,2,1,50760.0
P12CV23,BRG_004,3,1,56136.0
P12CV23,BRG_004,4,0,9648.0
P12CV23,BRG_005,0,1,40104.0
P12CV23,BRG_005,1,1,56892.0
P12CV23,BRG_005,2,1,63792.0
P12CV23,BRG_005,3,0,6360.0
P12CV23,BRG_006,0,1,31512.0
P12CV23,BRG_006,1,1,54852.0
P12CV23,BRG_006,2,1,36936.0
P12CV23,BRG_006,3,0,43848.0
P12CV23,BRG_007,0,1,16404.0
P12CV23,BRG_007,1,1,53676.0
P12CV23,BRG_007,2,1,46368.0
P12CV23,BRG_007,3,0,50700.0
P12CV23,BRG_008,0,1,35844.0
P12CV23,BRG_008,1,1,46236.0
P12CV23,BRG_008,2,1,24984.0
P12CV23,BRG_008,3,1,35280.0
P12CV23,BRG_008,4,1,21660.0
P12CV23,BRG_008,5,0,3144.0
P12CV23,BRG_009,0,1,47484.0
P12CV23,BRG_009,1,1,56232.0
P12CV23,BRG_009,2,1,23556.0
P12CV23,BRG_009,3,0,39876.0
P12CV23,BRG_010,0,1,45192.0
P12CV23,BRG_010,1,1,37404.0
P12CV23,BRG_010,2,1,37128.0
P12CV23,BRG_010,3,0,47424.0
P12CV23,BRG_011,0,1,49032.0
P12CV23,BRG_011,1,1,56136.0
P12CV23,BRG_011,2,1,61920.0
P12CV23,BRG_011,3,0,60.0
P12CV23,BRG_012,0,1,20424.0
P12CV23,BRG_012,1,1,68064.0
P12CV23,BRG_012,2,1,32088.0
P12CV23,BRG_012,3,0,46572.0
P12CV23,BRG_013,0,1,50880.0
P12CV23,BRG_013,1,1,23412.0
P12CV23,BRG_013,2,1,50184.0
P12CV23,BRG_013,3,1,31392.0
P12CV23,BRG_013,4,0,11280.0
P12CV23,BRG_014,0,1,51636.0
P12CV23,BRG_014,1,1,32220.0
P12CV23,BRG_014,2,1,22044.0
P12CV23,BRG_014,3,1,47208.0
P12CV23,BRG_014,4,0,14040.0
P12CV23,BRG_015,0,1,48624.0
P12CV23,BRG_015,1,1,40920.0
P12CV23,BRG_015,2,1,39336.0
P12CV23,BRG_015,3,0,38268.0
P12CV23,BRG_016,0,1,46200.0
P12CV23,BRG_016,1,1,98004.0
P12CV23,BRG_016,2,0,22944.0
P12CV23,BRG_017,0,1,57672.0
P12CV23,BRG_017,1,1,31380.0
P12CV23,BRG_017,2,1,33792.0
P12CV23,BRG_017,3,0,44304.0
P12CV23,BRG_018,0,1,40920.0
P12CV23,BRG_018,1,1,39096.0
P12CV23,BRG_018,2,1,55020.0
P12CV23,BRG_018,3,0,32112.0
P12CV23,BRG_019,0,1,48732.0
P12CV23,BRG_019,1,1,27072.0
P12CV23,BRG_019,2,1,53736.0
P12CV23,BRG_019,3,0,37608.0
P12CV23,BRG_020,0,1,55716.0
P12CV23,BRG_020,1,1,72456.0
P12CV23,BRG_020,2,1,30828.0
P12CV23,BRG_020,3,0,8148.0
P12CV23,BRG_021,0,1,62400.0
P12CV23,BRG_021,1,1,16980.0
P12CV23,BRG_021,2,1,64716.0
P12CV23,BRG_021,3,0,23052.0
P12CV23,BRG_022,0,1,50196.0
P12CV23,BRG_022,1,1,59124.0
P12CV23,BRG_022,2,0,57828.0
P12CV23,BRG_023,0,1,60096.0
P12CV23,BRG_023,1,1,30852.0
P12CV23,BRG_023,2,1,30996.0
P12CV23,BRG_023,3,1,33480.0
P12CV23,BRG_023,4,0,11724.0
P12CV23,BRG_024,0,1,8172.0
P12CV23,BRG_024,1,1,41520.0
P12CV23,BRG_024,2,1,77544.0
P12CV23,BRG_024,3,0,39912.0
P12CV23,BRG_025,0,1,42252.0
P12CV23,BRG_025,1,1,60036.0
P12CV23,BRG_025,2,1,52812.0
P12CV23,BRG_025,3,0,12048.0
P12CV23,BRG_026,0,1,29100.0
P12CV23,BRG_026,1,1,51576.0
P12CV23,BRG_026,2,1,30600.0
P12CV23,BRG_026,3,0,55872.0
P12CV23,BRG_027,0,1,62988.0
P12CV23,BRG_027,1,1,37332.0
P12CV23,BRG_027,2,1,23976.0
P12CV23,BRG_027,3,0,42852.0
P12CV23,BRG_028,0,1,18936.0
P12CV23,BRG_028,1,1,28044.0
P12CV23,BRG_028,2,1,62148.0
P12CV23,BRG_028,3,1,44616.0
P12CV23,BRG_028,4,0,13404.0
P12CV23,BRG_029,0,1,78492.0
P12CV23,BRG_029,1,1,48396.0
P12CV23,BRG_029,2,1,33720.0
P12CV23,BRG_029,3,0,6540.0
P12CV23,BRG_030,0,1,23004.0
P12CV23,BRG_030,1,1,37656.0
P12CV23,BRG_030,2,1,53904.0
P12CV23,BRG_030,3,1,48372.0
P12CV23,BRG_030,4,0,4212.0
P12CV23,BRG_031,0,1,54780.0
P12CV23,BRG_031,1,1,62796.0
P12CV23,BRG_031,2,0,49572.0
P12CV23,BRG_032,0,1,42084.0
P12CV23,BRG_032,1,1,22776.0
P12CV23,BRG_032,2,1,36084.0
P12CV23,BRG_032,3,1,47436.0
P12CV23,BRG_032,4,0,18768.0
P12CV23,BRG_033,0,1,47856.0
P12CV23,BRG_033,1,1,48168.0
P12CV23,BRG_033,2,1,25740.0
P12CV23,BRG_033,3,0,45384.0
P12CV23,BRG_034,0,1,63768.0
P12CV23,BRG_034,1,1,74280.0
P12CV23,BRG_034,2,0,29100.0
P12CV23,BRG_035,0,1,29808.0
P12CV23,BRG_035,1,1,24288.0
P12CV23,BRG_035,2,1,44640.0
P12CV23,BRG_035,3,1,27024.0
P12CV23,BRG_035,4,1,17148.0
P12CV23,BRG_035,5,0,24240.0
P12CV23,BRG_036,0,1,54984.0
P12CV23,BRG_036,1,1,53004.0
P12CV23,BRG_036,2,1,39816.0
P12CV23,BRG_036,3,0,19344.0
P12CV23,BRG_037,0,1,28440.0
P12CV23,BRG_037,1,1,47112.0
P12CV23,BRG_037,2,1,49716.0
P12CV23,BRG_037,3,1,35940.0
P12CV23,BRG_037,4,0,5940.0
P12CV23,BRG_038,0,1,48468.0
P12CV23,BRG_038,1,1,25500.0
P12CV23,BRG_038,2,1,22044.0
P12CV23,BRG_038,3,1,47196.0
P12CV23,BRG_038,4,0,23940.0
P12CV23,BRG_039,0,1,40164.0
P12CV23,BRG_039,1,1,57060.0
P12CV23,BRG_039,2,1,47364.0
P12CV23,BRG_039,3,0,22560.0
P12CV23,BRG_040,0,1,32616.0
P12CV23,BRG_040,1,1,76620.0
P12CV23,BRG_040,2,1,20808.0
P12CV23,BRG_040,3,0,37104.0
P12CV23,BRG_041,0,1,26808.0
P12CV23,BRG_041,1,1,61380.0
P12CV23,BRG_041,2,1,19932.0
P12CV23,BRG_041,3,1,28188.0
P12CV23,BRG_041,4,0,30840.0
P12CV23,BRG_042,0,1,37020.0
P12CV23,BRG_042,1,1,44904.0
P12CV23,BRG_042,2,1,35472.0
P12CV23,BRG_042,3,0,49752.0
P12CV23,BRG_043,0,1,59796.0
P12CV23,BRG_043,1,1,40608.0
P12CV23,BRG_043,2,1,22596.0
P12CV23,BRG_043,3,1,38220.0
P12CV23,BRG_043,4,0,5928.0
P12CV23,BRG_044,0,1,46032.0
P12CV23,BRG_044,1,1,40824.0
P12CV23,BRG_044,2,1,56580.0
P12CV23,BRG_044,3,0,23712.0
P12CV23,BRG_045,0,1,26412.0
P12CV23,BRG_045,1,1,64836.0
P12CV23,BRG_045,2,1,22200.0
P12CV23,BRG_045,3,1,22320.0
P12CV23,BRG_045,4,0,31380.0
P12CV23,BRG_046,0,1,30300.0
P12CV23,BRG_046,1,1,29220.0
P12CV23,BRG_046,2,1,11268.0
P12CV23,BRG_046,3,1,37068.0
P12CV23,BRG_046,4,1,36600.0
P12CV23,BRG_046,5,0,22692.0
P12CV24,BRG_001,0,1,57084.0
P12CV24,BRG_001,1,1,2988.0
P12CV24,BRG_001,2,1,25932.0
P12CV24,BRG_001,3,1,32304.0
P12CV24,BRG_001,4,0,48552.0
P12CV24,BRG_002,0,1,26904.0
P12CV24,BRG_002,1,1,46404.0
P12CV24,BRG_002,2,1,44208.0
P12CV24,BRG_002,3,0,49344.0
P12CV24,BRG_003,0,1,47712.0
P12CV24,BRG_003,1,1,44616.0
P12CV24,BRG_003,2,1,60828.0
P12CV24,BRG_003,3,0,13704.0
P12CV24,BRG_004,0,1,44196.0
P12CV24,BRG_004,1,1,26040.0
P12CV24,BRG_004,2,1,43416.0
P12CV24,BRG_004,3,1,51444.0
P12CV24,BRG_004,4,0,1764.0
P12CV24,BRG_005,0,1,44976.0
P12CV24,BRG_005,1,1,70872.0
P12CV24,BRG_005,2,1,46416.0
P12CV24,BRG_005,3,0,4596.0
P12CV24,BRG_006,0,1,34248.0
P12CV24,BRG_006,1,1,18132.0
P12CV24,BRG_006,2,1,20988.0
P12CV24,BRG_006,3,1,66036.0
P12CV24,BRG_006,4,0,27456.0
P12CV24,BRG_007,0,1,71352.0
P12CV24,BRG_007,1,1,69408.0
P12CV24,BRG_007,2,1,18192.0
P12CV24,BRG_007,3,0,7908.0
P12CV24,BRG_008,0,1,46356.0
P12CV24,BRG_008,1,1,39276.0
P12CV24,BRG_008,2,1,41844.0
P12CV24,BRG_008,3,0,39384.0
P12CV24,BRG_009,0,1,47076.0
P12CV24,BRG_009,1,1,55416.0
P12CV24,BRG_009,2,1,44628.0
P12CV24,BRG_009,3,0,19740.0
P12CV24,BRG_010,0,1,32880.0
P12CV24,BRG_010,1,1,49008.0
P12CV24,BRG_010,2,1,67440.0
P12CV24,BRG_010,3,0,17532.0
P12CV24,BRG_011,0,1,37896.0
P12CV24,BRG_011,1,1,48576.0
P12CV24,BRG_011,2,1,25008.0
P12CV24,BRG_011,3,0,55380.0
P12CV24,BRG_012,0,1,48552.0
P12CV24,BRG_012,1,1,53124.0
P12CV24,BRG_012,2,1,46692.0
P12CV24,BRG_012,3,0,18492.0
P12CV24,BRG_013,0,1,57972.0
P12CV24,BRG_013,1,1,31860.0
P12CV24,BRG_013,2,1,70320.0
P12CV24,BRG_013,3,0,6708.0
P12CV24,BRG_014,0,1,46920.0
P12CV24,BRG_014,1,1,30036.0
P12CV24,BRG_014,2,1,34848.0
P12CV24,BRG_014,3,1,42972.0
P12CV24,BRG_014,4,0,12084.0
P12CV24,BRG_015,0,1,57936.0
P12CV24,BRG_015,1,1,41736.0
P12CV24,BRG_015,2,1,60036.0
P12CV24,BRG_015,3,0,7152.0
P12CV24,BRG_016,0,1,23700.0
P12CV24,BRG_016,1,1,25500.0
P12CV24,BRG_016,2,1,65892.0
P12CV24,BRG_016,3,1,42756.0
P12CV24,BRG_016,4,0,9012.0
P12CV24,BRG_017,0,1,33924.0
P12CV24,BRG_017,1,1,37848.0
P12CV24,BRG_017,2,1,47316.0
P12CV24,BRG_017,3,1,34788.0
P12CV24,BRG_017,4,0,12984.0
P12CV24,BRG_018,0,1,37332.0
P12CV24,BRG_018,1,1,36780.0
P12CV24,BRG_018,2,1,32328.0
P12CV24,BRG_018,3,1,21888.0
P12CV24,BRG_018,4,0,38532.0
P12CV24,BRG_019,0,1,45156.0
P12CV24,BRG_019,1,1,65448.0
P12CV24,BRG_019,2,1,28404.0
P12CV24,BRG_019,3,0,27852.0
P12CV24,BRG_020,0,1,32076.0
P12CV24,BRG_020,1,1,10776.0
P12CV24,BRG_020,2,1,40908.0
P12CV24,BRG_020,3,1,64116.0
P12CV24,BRG_020,4,0,18984.0
P12CV24,BRG_021,0,1,34728.0
P12CV24,BRG_021,1,1,44760.0
P12CV24,BRG_021,2,1,44220.0
P12CV24,BRG_021,3,1,31056.0
P12CV24,BRG_021,4,0,12096.0
P12CV24,BRG_022,0,1,52224.0
P12CV24,BRG_022,1,1,34836.0
P12CV24,BRG_022,2,1,27396.0
P12CV24,BRG_022,3,0,52404.0
P12CV24,BRG_023,0,1,35052.0
P12CV24,BRG_023,1,1,41364.0
P12CV24,BRG_023,2,1,30768.0
P12CV24,BRG_023,3,0,59676.0
P12CV24,BRG_024,0,1,35316.0
P12CV24,BRG_024,1,1,55056.0
P12CV24,BRG_024,2,1,31092.0
P12CV24,BRG_024,3,0,45396.0
P12CV24,BRG_025,0,1,41136.0
P12CV24,BRG_025,1,1,55092.0
P12CV24,BRG_025,2,1,21492.0
P12CV24,BRG_025,3,1,36600.0
P12CV24,BRG_025,4,0,12540.0
P12CV24,BRG_026,0,1,57312.0
P12CV24,BRG_026,1,1,32832.0
P12CV24,BRG_026,2,1,36048.0
P12CV24,BRG_026,3,0,40668.0
P12CV24,BRG_027,0,1,35064.0
P12CV24,BRG_027,1,1,45000.0
P12CV24,BRG_027,2,1,75636.0
P12CV24,BRG_027,3,0,11160.0
P12CV24,BRG_028,0,1,15564.0
P12CV24,BRG_028,1,1,18792.0
P12CV24,BRG_028,2,1,48720.0
P12CV24,BRG_028,3,1,49764.0
P12CV24,BRG_028,4,1,12444.0
P12CV24,BRG_028,5,0,21576.0
P12CV24,BRG_029,0,1,23784.0
P12CV24,BRG_029,1,1,68088.0
P12CV24,BRG_029,2,1,45612.0
P12CV24,BRG_029,3,0,29376.0
P12CV24,BRG_030,0,1,27204.0
P12CV24,BRG_030,1,1,46584.0
P12CV24,BRG_030,2,1,58440.0
P12CV24,BRG_030,3,0,34632.0
P12CV24,BRG_031,0,1,41172.0
P12CV24,BRG_031,1,1,30828.0
P12CV24,BRG_031,2,1,9372.0
P12CV24,BRG_031,3,1,55596.0
P12CV24,BRG_031,4,0,29892.0
P12CV24,BRG_032,0,1,48636.0
P12CV24,BRG_032,1,1,57384.0
P12CV24,BRG_032,2,1,55224.0
P12CV24,BRG_032,3,0,5616.0
P12CV24,BRG_033,0,1,54264.0
P12CV24,BRG_033,1,1,21012.0
P12CV24,BRG_033,2,1,56976.0
P12CV24,BRG_033,3,0,34608.0
P12CV24,BRG_034,0,1,46248.0
P12CV24,BRG_034,1,1,43812.0
P12CV24,BRG_034,2,1,49980.0
P12CV24,BRG_034,3,0,26820.0
P12CV24,BRG_035,0,1,45516.0
P12CV24,BRG_035,1,1,38280.0
P12CV24,BRG_035,2,1,37584.0
P12CV24,BRG_035,3,1,35640.0
P12CV24,BRG_035,4,0,9840.0
P12CV24,BRG_036,0,1,29796.0
P12CV24,BRG_036,1,1,73212.0
P12CV24,BRG_036,2,1,33600.0
P12CV24,BRG_036,3,1,22896.0
P12CV24,BRG_036,4,0,7356.0
P12CV24,BRG_037,0,1,49356.0
P12CV24,BRG_037,1,1,16824.0
P12CV24,BRG_037,2,1,43380.0
P12CV24,BRG_037,3,1,23532.0
P12CV24,BRG_037,4,1,19836.0
P12CV24,BRG_037,5,0,13932.0
P12CV24,BRG_038,0,1,79932.0
P12CV24,BRG_038,1,1,68760.0
P12CV24,BRG_038,2,0,18168.0
P12CV24,BRG_039,0,1,57072.0
P12CV24,BRG_039,1,1,40440.0
P12CV24,BRG_039,2,1,39372.0
P12CV24,BRG_039,3,0,29976.0
P12CV24,BRG_040,0,1,28476.0
P12CV24,BRG_040,1,1,30516.0
P12CV24,BRG_040,2,1,42840.0
P12CV24,BRG_040,3,1,27012.0
P12CV24,BRG_040,4,1,31056.0
P12CV24,BRG_040,5,0,6960.0
P12CV24,BRG_041,0,1,53796.0
P12CV24,BRG_041,1,1,40488.0
P12CV24,BRG_041,2,1,59124.0
P12CV24,BRG_041,3,0,13452.0
P12CV24,BRG_042,0,1,57828.0
P12CV24,BRG_042,1,1,50136.0
P12CV24,BRG_042,2,1,44136.0
P12CV24,BRG_042,3,0,14760.0
P12CV24,BRG_043,0,1,38172.0
P12CV24,BRG_043,1,1,17208.0
P12CV24,BRG_043,2,1,43224.0
P12CV24,BRG_043,3,1,33636.0
P12CV24,BRG_043,4,0,34620.0
P12CV24,BRG_044,0,1,27624.0
P12CV24,BRG_044,1,1,54948.0
P12CV24,BRG_044,2,1,11988.0
P12CV24,BRG_044,3,1,29952.0
P12CV24,BRG_044,4,0,42348.0
P12CV24,BRG_045,0,1,24444.0
P12CV24,BRG_045,1,1,58332.0
P12CV24,BRG_045,2,1,7920.0
P12CV24,BRG_045,3,1,65232.0
P12CV24,BRG_045,4,0,10932.0
P12CV24,BRG_046,0,1,51636.0
P12CV24,BRG_046,1,1,49116.0
P12CV24,BRG_046,2,0,66108.0
P12CV25,BRG_001,0,1,28944.0
P12CV25,BRG_001,1,1,40272.0
P12CV25,BRG_001,2,1,55908.0
P12CV25,BRG_001,3,0,41988.0
P12CV25,BRG_002,0,1,52164.0
P12CV25,BRG_002,1,1,50292.0
P12CV25,BRG_002,2,0,64656.0
P12CV25,BRG_003,0,1,50376.0
P12CV25,BRG_003,1,1,19260.0
P12CV25,BRG_003,2,1,35892.0
P12CV25,BRG_003,3,1,30132.0
P12CV25,BRG_003,4,1,27036.0
P12CV25,BRG_003,5,0,4416.0
P12CV25,BRG_004,0,1,31836.0
P12CV25,BRG_004,1,1,41544.0
P12CV25,BRG_004,2,1,68376.0
P12CV25,BRG_004,3,0,25356.0
P12CV25,BRG_005,0,1,39780.0
P12CV25,BRG_005,1,1,46956.0
P12CV25,BRG_005,2,1,68736.0
P12CV25,BRG_005,3,0,11640.0
P12CV25,BRG_006,0,1,36444.0
P12CV25,BRG_006,1,1,48888.0
P12CV25,BRG_006,2,1,27684.0
P12CV25,BRG_006,3,0,54096.0
P12CV25,BRG_007,0,1,36240.0
P12CV25,BRG_007,1,1,60348.0
P12CV25,BRG_007,2,1,24288.0
P12CV25,BRG_007,3,0,46236.0
P12CV25,BRG_008,0,1,37920.0
P12CV25,BRG_008,1,1,62292.0
P12CV25,BRG_008,2,1,55020.0
P12CV25,BRG_008,3,0,11880.0
P12CV25,BRG_009,0,1,29928.0
P12CV25,BRG_009,1,1,50856.0
P12CV25,BRG_009,2,1,60564.0
P12CV25,BRG_009,3,0,25764.0
P12CV25,BRG_010,0,1,36732.0
P12CV25,BRG_010,1,1,15444.0
P12CV25,BRG_010,2,1,53652.0
P12CV25,BRG_010,3,0,61284.0
P12CV25,BRG_011,0,1,26616.0
P12CV25,BRG_011,1,1,32016.0
P12CV25,BRG_011,2,1,67824.0
P12CV25,BRG_011,3,0,40656.0
P12CV25,BRG_012,0,1,26340.0
P12CV25,BRG_012,1,1,43428.0
P12CV25,BRG_012,2,1,40152.0
P12CV25,BRG_012,3,1,50364.0
P12CV25,BRG_012,4,0,6828.0
P12CV25,BRG_013,0,1,44124.0
P12CV25,BRG_013,1,1,50832.0
P12CV25,BRG_013,2,1,51468.0
P12CV25,BRG_013,3,0,20688.0
P12CV25,BRG_014,0,1,82608.0
P12CV25,BRG_014,1,1,40884.0
P12CV25,BRG_014,2,1,21168.0
P12CV25,BRG_014,3,1,22044.0
P12CV25,BRG_014,4,0,408.0
P12CV25,BRG_015,0,1,40320.0
P12CV25,BRG_015,1,1,53100.0
P12CV25,BRG_015,2,1,48492.0
P12CV25,BRG_015,3,0,25200.0
P12CV25,BRG_016,0,1,42612.0
P12CV25,BRG_016,1,1,50268.0
P12CV25,BRG_016,2,1,36948.0
P12CV25,BRG_016,3,0,37284.0
P12CV25,BRG_017,0,1,57756.0
P12CV25,BRG_017,1,1,39480.0
P12CV25,BRG_017,2,1,29568.0
P12CV25,BRG_017,3,1,39336.0
P12CV25,BRG_017,4,0,972.0
P12CV25,BRG_018,0,1,48768.0
P12CV25,BRG_018,1,1,45576.0
P12CV25,BRG_018,2,1,61824.0
P12CV25,BRG_018,3,0,10944.0
P12CV25,BRG_019,0,1,14580.0
P12CV25,BRG_019,1,1,68424.0
P12CV25,BRG_019,2,1,54696.0
P12CV25,BRG_019,3,0,29412.0
P12CV25,BRG_020,0,1,55212.0
P12CV25,BRG_020,1,1,44940.0
P12CV25,BRG_020,2,0,66960.0
P12CV25,BRG_021,0,1,15468.0
P12CV25,BRG_021,1,1,29556.0
P12CV25,BRG_021,2,1,45048.0
P12CV25,BRG_021,3,1,51552.0
P12CV25,BRG_021,4,0,25488.0
P12CV25,BRG_022,0,1,44088.0
P12CV25,BRG_022,1,1,71976.0
P12CV25,BRG_022,2,1,33060.0
P12CV25,BRG_022,3,0,17988.0
P12CV25,BRG_023,0,1,20712.0
P12CV25,BRG_023,1,1,70140.0
P12CV25,BRG_023,2,1,49380.0
P12CV25,BRG_023,3,0,26880.0
P12CV25,BRG_024,0,1,54912.0
P12CV25,BRG_024,1,1,20076.0
P12CV25,BRG_024,2,1,48372.0
P12CV25,BRG_024,3,1,23508.0
P12CV25,BRG_024,4,0,20244.0
P12CV25,BRG_025,0,1,55320.0
P12CV25,BRG_025,1,1,47472.0
P12CV25,BRG_025,2,1,18924.0
P12CV25,BRG_025,3,1,42324.0
P12CV25,BRG_025,4,0,3072.0
P12CV25,BRG_026,0,1,67380.0
P12CV25,BRG_026,1,1,32604.0
P12CV25,BRG_026,2,1,50244.0
P12CV25,BRG_026,3,0,16884.0
P12CV25,BRG_027,0,1,33996.0
P12CV25,BRG_027,1,1,24480.0
P12CV25,BRG_027,2,1,48648.0
P12CV25,BRG_027,3,1,25296.0
P12CV25,BRG_027,4,1,29736.0
P12CV25,BRG_027,5,0,4956.0
P12CV25,BRG_028,0,1,64968.0
P12CV25,BRG_028,1,1,48348.0
P12CV25,BRG_028,2,1,43908.0
P12CV25,BRG_028,3,0,9888.0
P12CV25,BRG_029,0,1,25548.0
P12CV25,BRG_029,1,1,46800.0
P12CV25,BRG_029,2,1,30480.0
P12CV25,BRG_029,3,1,32292.0
P12CV25,BRG_029,4,0,31992.0
P12CV25,BRG_030,0,1,27384.0
P12CV25,BRG_030,1,1,69624.0
P12CV25,BRG_030,2,1,23700.0
P12CV25,BRG_030,3,1,25284.0
P12CV25,BRG_030,4,0,21120.0
P12CV25,BRG_031,0,1,54420.0
P12CV25,BRG_031,1,1,54456.0
P12CV25,BRG_031,2,1,26928.0
P12CV25,BRG_031,3,0,31308.0
P12CV25,BRG_032,0,1,52692.0
P12CV25,BRG_032,1,1,50460.0
P12CV25,BRG_032,2,1,36228.0
P12CV25,BRG_032,3,1,15720.0
P12CV25,BRG_032,4,0,12012.0
P12CV25,BRG_033,0,1,33624.0
P12CV25,BRG_033,1,1,32724.0
P12CV25,BRG_033,2,1,58548.0
P12CV25,BRG_033,3,0,42216.0
P12CV25,BRG_034,0,1,46980.0
P12CV25,BRG_034,1,1,53676.0
P12CV25,BRG_034,2,1,36960.0
P12CV25,BRG_034,3,0,29496.0
P12CV25,BRG_035,0,1,74808.0
P12CV25,BRG_035,1,1,71580.0
P12CV25,BRG_035,2,0,20724.0
P12CV25,BRG_036,0,1,40500.0
P12CV25,BRG_036,1,1,17796.0
P12CV25,BRG_036,2,1,56940.0
P12CV25,BRG_036,3,0,51876.0
P12CV25,BRG_037,0,1,61644.0
P12CV25,BRG_037,1,1,52932.0
P12CV25,BRG_037,2,1,42108.0
P12CV25,BRG_037,3,0,10428.0
P12CV25,BRG_038,0,1,52476.0
P12CV25,BRG_038,1,1,30852.0
P12CV25,BRG_038,2,1,33780.0
P12CV25,BRG_038,3,1,43716.0
P12CV25,BRG_038,4,0,6288.0
P12CV25,BRG_039,0,1,44760.0
P12CV25,BRG_039,1,1,50520.0
P12CV25,BRG_039,2,1,25464.0
P12CV25,BRG_039,3,1,44688.0
P12CV25,BRG_039,4,0,1680.0
P12CV25,BRG_040,0,1,52488.0
P12CV25,BRG_040,1,1,19440.0
P12CV25,BRG_040,2,1,63864.0
P12CV25,BRG_040,3,0,31320.0
P12CV25,BRG_041,0,1,25848.0
P12CV25,BRG_041,1,1,20040.0
P12CV25,BRG_041,2,1,41916.0
P12CV25,BRG_041,3,1,51300.0
P12CV25,BRG_041,4,0,28008.0
P12CV25,BRG_042,0,1,26652.0
P12CV25,BRG_042,1,1,63036.0
P12CV25,BRG_042,2,1,52908.0
P12CV25,BRG_042,3,0,24516.0
P12CV25,BRG_043,0,1,65856.0
P12CV25,BRG_043,1,1,62064.0
P12CV25,BRG_043,2,1,36276.0
P12CV25,BRG_043,3,0,2916.0
P12CV25,BRG_044,0,1,24624.0
P12CV25,BRG_044,1,1,71388.0
P12CV25,BRG_044,2,1,59232.0
P12CV25,BRG_044,3,0,11868.0
P12CV25,BRG_045,0,1,27708.0
P12CV25,BRG_045,1,1,45468.0
P12CV25,BRG_045,2,1,54324.0
P12CV25,BRG_045,3,0,39612.0
P12CV25,BRG_046,0,1,45468.0
P12CV25,BRG_046,1,1,50820.0
P12CV25,BRG_046,2,0,70824.0
P12CV26,BRG_001,0,1,14964.0
P12CV26,BRG_001,1,1,76824.0
P12CV26,BRG_001,2,1,22800.0
P12CV26,BRG_001,3,1,46524.0
P12CV26,BRG_001,4,0,5496.0
P12CV26,BRG_002,0,1,21168.0
P12CV26,BRG_002,1,1,57480.0
P12CV26,BRG_002,2,1,39672.0
P12CV26,BRG_002,3,1,41436.0
P12CV26,BRG_002,4,0,6852.0
P12CV26,BRG_003,0,1,51720.0
P12CV26,BRG_003,1,1,47412.0
P12CV26,BRG_003,2,1,54972.0
P12CV26,BRG_003,3,0,12504.0
P12CV26,BRG_004,0,1,42456.0
P12CV26,BRG_004,1,1,44580.0
P12CV26,BRG_004,2,1,26340.0
P12CV26,BRG_004,3,1,5988.0
P12CV26,BRG_004,4,0,47244.0
P12CV26,BRG_005,0,1,51048.0
P12CV26,BRG_005,1,1,62844.0
P12CV26,BRG_005,2,1,26544.0
P12CV26,BRG_005,3,0,26172.0
P12CV26,BRG_006,0,1,55884.0
P12CV26,BRG_006,1,1,37296.0
P12CV26,BRG_006,2,1,31536.0
P12CV26,BRG_006,3,0,41892.0
P12CV26,BRG_007,0,1,29784.0
P12CV26,BRG_007,1,1,60300.0
P12CV26,BRG_007,2,1,47904.0
P12CV26,BRG_007,3,0,28620.0
P12CV26,BRG_008,0,1,48744.0
P12CV26,BRG_008,1,1,22416.0
P12CV26,BRG_008,2,1,19908.0
P12CV26,BRG_008,3,1,41196.0
P12CV26,BRG_008,4,0,34344.0
P12CV26,BRG_009,0,1,37404.0
P12CV26,BRG_009,1,1,45264.0
P12CV26,BRG_009,2,1,24288.0
P12CV26,BRG_009,3,1,39624.0
P12CV26,BRG_009,4,0,20028.0
P12CV26,BRG_010,0,1,43824.0
P12CV26,BRG_010,1,1,23808.0
P12CV26,BRG_010,2,1,49164.0
P12CV26,BRG_010,3,1,19776.0
P12CV26,BRG_010,4,1,27636.0
P12CV26,BRG_010,5,0,2400.0
P12CV26,BRG_011,0,1,58488.0
P12CV26,BRG_011,1,1,57924.0
P12CV26,BRG_011,2,1,47916.0
P12CV26,BRG_011,3,0,2280.0
P12CV26,BRG_012,0,1,46680.0
P12CV26,BRG_012,1,1,71208.0
P12CV26,BRG_012,2,1,19776.0
P12CV26,BRG_012,3,0,28944.0
P12CV26,BRG_013,0,1,37680.0
P12CV26,BRG_013,1,1,78528.0
P12CV26,BRG_013,2,1,24672.0
P12CV26,BRG_013,3,0,25728.0
P12CV26,BRG_014,0,1,78204.0
P12CV26,BRG_014,1,1,56112.0
P12CV26,BRG_014,2,0,32292.0
P12CV26,BRG_015,0,1,36960.0
P12CV26,BRG_015,1,1,27276.0
P12CV26,BRG_015,2,1,53124.0
P12CV26,BRG_015,3,1,46836.0
P12CV26,BRG_015,4,0,2412.0
P12CV26,BRG_016,0,1,68904.0
P12CV26,BRG_016,1,1,45552.0
P12CV26,BRG_016,2,1,38232.0
P12CV26,BRG_016,3,0,13920.0
P12CV26,BRG_017,0,1,38076.0
P12CV26,BRG_017,1,1,30072.0
P12CV26,BRG_017,2,1,34152.0
P12CV26,BRG_017,3,1,50160.0
P12CV26,BRG_017,4,0,14148.0
P12CV26,BRG_018,0,1,32424.0
P12CV26,BRG_018,1,1,39000.0
P12CV26,BRG_018,2,1,34080.0
P12CV26,BRG_018,3,1,44364.0
P12CV26,BRG_018,4,0,16740.0
P12CV26,BRG_019,0,1,24888.0
P12CV26,BRG_019,1,1,56568.0
P12CV26,BRG_019,2,1,25296.0
P12CV26,BRG_019,3,1,21396.0
P12CV26,BRG_019,4,0,38460.0
P12CV26,BRG_020,0,1,69468.0
P12CV26,BRG_020,1,1,39732.0
P12CV26,BRG_020,2,1,18024.0
P12CV26,BRG_020,3,1,36228.0
P12CV26,BRG_020,4,0,3156.0
P12CV26,BRG_021,0,1,19200.0
P12CV26,BRG_021,1,1,39732.0
P12CV26,BRG_021,2,1,46200.0
P12CV26,BRG_021,3,1,23532.0
P12CV26,BRG_021,4,0,37944.0
P12CV26,BRG_022,0,1,51180.0
P12CV26,BRG_022,1,1,40308.0
P12CV26,BRG_022,2,1,66144.0
P12CV26,BRG_022,3,0,8976.0
P12CV26,BRG_023,0,1,44364.0
P12CV26,BRG_023,1,1,25920.0
P12CV26,BRG_023,2,1,63492.0
P12CV26,BRG_023,3,0,32832.0
P12CV26,BRG_024,0,1,67788.0
P12CV26,BRG_024,1,1,45192.0
P12CV26,BRG_024,2,1,38280.0
P12CV26,BRG_024,3,0,15348.0
P12CV26,BRG_025,0,1,55320.0
P12CV26,BRG_025,1,1,62460.0
P12CV26,BRG_025,2,1,34044.0
P12CV26,BRG_025,3,0,14784.0
P12CV26,BRG_026,0,1,54780.0
P12CV26,BRG_026,1,1,71952.0
P12CV26,BRG_026,2,0,39876.0
P12CV26,BRG_027,0,1,31548.0
P12CV26,BRG_027,1,1,38436.0
P12CV26,BRG_027,2,1,35892.0
P12CV26,BRG_027,3,1,42996.0
P12CV26,BRG_027,4,0,17736.0
P12CV26,BRG_028,0,1,49020.0
P12CV26,BRG_028,1,1,56364.0
P12CV26,BRG_028,2,1,42588.0
P12CV26,BRG_028,3,1,9072.0
P12CV26,BRG_028,4,0,9564.0
P12CV26,BRG_029,0,1,63036.0
P12CV26,BRG_029,1,1,21588.0
P12CV26,BRG_029,2,1,54120.0
P12CV26,BRG_029,3,1,4644.0
P12CV26,BRG_029,4,0,23220.0
P12CV26,BRG_030,0,1,50760.0
P12CV26,BRG_030,1,1,36312.0
P12CV26,BRG_030,2,1,59832.0
P12CV26,BRG_030,3,0,19704.0
P12CV26,BRG_031,0,1,44856.0
P12CV26,BRG_031,1,1,55380.0
P12CV26,BRG_031,2,1,58356.0
P12CV26,BRG_031,3,0,8016.0
P12CV26,BRG_032,0,1,41556.0
P12CV26,BRG_032,1,1,30720.0
P12CV26,BRG_032,2,1,42372.0
P12CV26,BRG_032,3,1,27468.0
P12CV26,BRG_032,4,0,24492.0
P12CV26,BRG_033,0,1,24876.0
P12CV26,BRG_033,1,1,32736.0
P12CV26,BRG_033,2,1,21288.0
P12CV26,BRG_033,3,1,54600.0
P12CV26,BRG_033,4,0,33108.0
P12CV26,BRG_034,0,1,25956.0
P12CV26,BRG_034,1,1,45456.0
P12CV26,BRG_034,2,1,33468.0
P12CV26,BRG_034,3,1,59412.0
P12CV26,BRG_034,4,0,2316.0
P12CV26,BRG_035,0,1,7632.0
P12CV26,BRG_035,1,1,27000.0
P12CV26,BRG_035,2,1,56376.0
P12CV26,BRG_035,3,1,25776.0
P12CV26,BRG_035,4,1,46464.0
P12CV26,BRG_035,5,0,3360.0
P12CV26,BRG_036,0,1,47136.0
P12CV26,BRG_036,1,1,60528.0
P12CV26,BRG_036,2,1,21516.0
P12CV26,BRG_036,3,1,21828.0
P12CV26,BRG_036,4,1,13668.0
P12CV26,BRG_036,5,0,1932.0
P12CV26,BRG_037,0,1,34668.0
P12CV26,BRG_037,1,1,36432.0
P12CV26,BRG_037,2,1,48036.0
P12CV26,BRG_037,3,1,39060.0
P12CV26,BRG_037,4,0,8412.0
P12CV26,BRG_038,0,1,43104.0
P12CV26,BRG_038,1,1,27792.0
P12CV26,BRG_038,2,1,47316.0
P12CV26,BRG_038,3,0,48396.0
P12CV26,BRG_039,0,1,68112.0
P12CV26,BRG_039,1,1,86076.0
P12CV26,BRG_039,2,0,12420.0
P12CV26,BRG_040,0,1,28548.0
P12CV26,BRG_040,1,1,34044.0
P12CV26,BRG_040,2,1,42828.0
P12CV26,BRG_040,3,1,18708.0
P12CV26,BRG_040,4,1,28812.0
P12CV26,BRG_040,5,0,13668.0
P12CV26,BRG_041,0,1,50988.0
P12CV26,BRG_041,1,1,58224.0
P12CV26,BRG_041,2,1,52704.0
P12CV26,BRG_041,3,0,4692.0
P12CV26,BRG_042,0,1,56712.0
P12CV26,BRG_042,1,1,43512.0
P12CV26,BRG_042,2,1,49932.0
P12CV26,BRG_042,3,0,16452.0
P12CV26,BRG_043,0,1,7044.0
P12CV26,BRG_043,1,1,39576.0
P12CV26,BRG_043,2,1,38772.0
P12CV26,BRG_043,3,1,37476.0
P12CV26,BRG_043,4,1,34044.0
P12CV26,BRG_043,5,0,9696.0
P12CV26,BRG_044,0,1,74268.0
P12CV26,BRG_044,1,1,44760.0
P12CV26,BRG_044,2,0,47580.0
P12CV26,BRG_045,0,1,46788.0
P12CV26,BRG_045,1,1,53376.0
P12CV26,BRG_045,2,1,38832.0
P12CV26,BRG_045,3,0,27612.0
P12CV26,BRG_046,0,1,18588.0
P12CV26,BRG_046,1,1,45336.0
P12CV26,BRG_046,2,1,23820.0
P12CV26,BRG_046,3,1,22008.0
P12CV26,BRG_046,4,0,56856.0
P12CV27,BRG_001,0,1,40392.0
P12CV27,BRG_001,1,1,22056.0
P12CV27,BRG_001,2,1,41736.0
P12CV27,BRG_001,3,1,49392.0
P12CV27,BRG_001,4,0,13248.0
P12CV27,BRG_002,0,1,32628.0
P12CV27,BRG_002,1,1,51432.0
P12CV27,BRG_002,2,1,15732.0
P12CV27,BRG_002,3,1,32640.0
P12CV27,BRG_002,4,0,34392.0
P12CV27,BRG_003,0,1,27552.0
P12CV27,BRG_003,1,1,44328.0
P12CV27,BRG_003,2,1,36900.0
P12CV27,BRG_003,3,0,58044.0
P12CV27,BRG_004,0,1,36876.0
P12CV27,BRG_004,1,1,45744.0
P12CV27,BRG_004,2,1,22560.0
P12CV27,BRG_004,3,1,16992.0
P12CV27,BRG_004,4,1,27552.0
P12CV27,BRG_004,5,0,17100.0
P12CV27,BRG_005,0,1,61908.0
P12CV27,BRG_005,1,1,26040.0
P12CV27,BRG_005,2,1,60204.0
P12CV27,BRG_005,3,0,18672.0
P12CV27,BRG_006,0,1,47340.0
P12CV27,BRG_006,1,1,52920.0
P12CV27,BRG_006,2,1,12504.0
P12CV27,BRG_006,3,1,33612.0
P12CV27,BRG_006,4,0,20448.0
P12CV27,BRG_007,0,1,48576.0
P12CV27,BRG_007,1,1,67416.0
P12CV27,BRG_007,2,1,29208.0
P12CV27,BRG_007,3,0,21624.0
P12CV27,BRG_008,0,1,70020.0
P12CV27,BRG_008,1,1,12804.0
P12CV27,BRG_008,2,1,53244.0
P12CV27,BRG_008,3,1,18384.0
P12CV27,BRG_008,4,0,12372.0
P12CV27,BRG_009,0,1,48060.0
P12CV27,BRG_009,1,1,69960.0
P12CV27,BRG_009,2,0,48804.0
P12CV27,BRG_010,0,1,85092.0
P12CV27,BRG_010,1,1,36564.0
P12CV27,BRG_010,2,1,38004.0
P12CV27,BRG_010,3,0,7164.0
P12CV27,BRG_011,0,1,78564.0
P12CV27,BRG_011,1,1,52092.0
P12CV27,BRG_011,2,0,36168.0
P12CV27,BRG_012,0,1,32244.0
P12CV27,BRG_012,1,1,43056.0
P12CV27,BRG_012,2,1,36564.0
P12CV27,BRG_012,3,1,43476.0
P12CV27,BRG_012,4,0,11484.0
P12CV27,BRG_013,0,1,68676.0
P12CV27,BRG_013,1,1,46440.0
P12CV27,BRG_013,2,1,41688.0
P12CV27,BRG_013,3,0,10020.0
P12CV27,BRG_014,0,1,34380.0
P12CV27,BRG_014,1,1,35820.0
P12CV27,BRG_014,2,1,24276.0
P12CV27,BRG_014,3,1,53688.0
P12CV27,BRG_014,4,1,15888.0
P12CV27,BRG_014,5,0,2772.0
P12CV27,BRG_015,0,1,39096.0
P12CV27,BRG_015,1,1,65316.0
P12CV27,BRG_015,2,1,32436.0
P12CV27,BRG_015,3,0,29976.0
P12CV27,BRG_016,0,1,17928.0
P12CV27,BRG_016,1,1,70392.0
P12CV27,BRG_016,2,1,40548.0
P12CV27,BRG_016,3,0,37956.0
P12CV27,BRG_017,0,1,52968.0
P12CV27,BRG_017,1,1,54912.0
P12CV27,BRG_017,2,1,26124.0
P12CV27,BRG_017,3,0,32820.0
P12CV27,BRG_018,0,1,61512.0
P12CV27,BRG_018,1,1,35796.0
P12CV27,BRG_018,2,1,19032.0
P12CV27,BRG_018,3,1,14976.0
P12CV27,BRG_018,4,0,35508.0
P12CV27,BRG_019,0,1,58140.0
P12CV27,BRG_019,1,1,42624.0
P12CV27,BRG_019,2,1,43176.0
P12CV27,BRG_019,3,0,22884.0
P12CV27,BRG_020,0,1,66432.0
P12CV27,BRG_020,1,1,38544.0
P12CV27,BRG_020,2,0,61848.0
P12CV27,BRG_021,0,1,25080.0
P12CV27,BRG_021,1,1,25548.0
P12CV27,BRG_021,2,1,44124.0
P12CV27,BRG_021,3,1,52116.0
P12CV27,BRG_021,4,0,19956.0
P12CV27,BRG_022,0,1,43332.0
P12CV27,BRG_022,1,1,53136.0
P12CV27,BRG_022,2,1,24600.0
P12CV27,BRG_022,3,1,41256.0
P12CV27,BRG_022,4,0,4500.0
P12CV27,BRG_023,0,1,30288.0
P12CV27,BRG_023,1,1,24096.0
P12CV27,BRG_023,2,1,29592.0
P12CV27,BRG_023,3,1,52860.0
P12CV27,BRG_023,4,1,24084.0
P12CV27,BRG_023,5,0,5904.0
P12CV27,BRG_024,0,1,51444.0
P12CV27,BRG_024,1,1,41604.0
P12CV27,BRG_024,2,0,73776.0
P12CV27,BRG_025,0,1,63324.0
P12CV27,BRG_025,1,1,39504.0
P12CV27,BRG_025,2,1,40020.0
P12CV27,BRG_025,3,0,23976.0
P12CV27,BRG_026,0,1,56964.0
P12CV27,BRG_026,1,1,42936.0
P12CV27,BRG_026,2,1,42072.0
P12CV27,BRG_026,3,0,24852.0
P12CV27,BRG_027,0,1,33048.0
P12CV27,BRG_027,1,1,47076.0
P12CV27,BRG_027,2,1,39324.0
P12CV27,BRG_027,3,0,47376.0
P12CV27,BRG_028,0,1,51792.0
P12CV27,BRG_028,1,1,41220.0
P12CV27,BRG_028,2,1,29244.0
P12CV27,BRG_028,3,0,44568.0
P12CV27,BRG_029,0,1,49608.0
P12CV27,BRG_029,1,1,68592.0
P12CV27,BRG_029,2,0,48624.0
P12CV27,BRG_030,0,1,49092.0
P12CV27,BRG_030,1,1,35772.0
P12CV27,BRG_030,2,1,53844.0
P12CV27,BRG_030,3,0,28116.0
P12CV27,BRG_031,0,1,28944.0
P12CV27,BRG_031,1,1,59388.0
P12CV27,BRG_031,2,1,17148.0
P12CV27,BRG_031,3,1,32328.0
P12CV27,BRG_031,4,0,29016.0
P12CV27,BRG_032,0,1,44160.0
P12CV27,BRG_032,1,1,34464.0
P12CV27,BRG_032,2,1,60504.0
P12CV27,BRG_032,3,1,14100.0
P12CV27,BRG_032,4,0,13596.0
P12CV27,BRG_033,0,1,32328.0
P12CV27,BRG_033,1,1,31200.0
P12CV27,BRG_033,2,1,33936.0
P12CV27,BRG_033,3,0,69360.0
P12CV27,BRG_034,0,1,27684.0
P12CV27,BRG_034,1,1,49572.0
P12CV27,BRG_034,2,1,45180.0
P12CV27,BRG_034,3,1,29724.0
P12CV27,BRG_034,4,0,14664.0
P12CV27,BRG_035,0,1,69216.0
P12CV27,BRG_035,1,1,33576.0
P12CV27,BRG_035,2,1,62796.0
P12CV27,BRG_035,3,0,1236.0
P12CV27,BRG_036,0,1,46188.0
P12CV27,BRG_036,1,1,21048.0
P12CV27,BRG_036,2,1,50232.0
P12CV27,BRG_036,3,0,49356.0
P12CV27,BRG_037,0,1,15792.0
P12CV27,BRG_037,1,1,36660.0
P12CV27,BRG_037,2,1,38532.0
P12CV27,BRG_037,3,1,37776.0
P12CV27,BRG_037,4,1,34320.0
P12CV27,BRG_037,5,0,3744.0
P12CV27,BRG_038,0,1,61452.0
P12CV27,BRG_038,1,1,57108.0
P12CV27,BRG_038,2,1,43272.0
P12CV27,BRG_038,3,0,4992.0
P12CV27,BRG_039,0,1,26820.0
P12CV27,BRG_039,1,1,30852.0
P12CV27,BRG_039,2,1,15804.0
P12CV27,BRG_039,3,1,46896.0
P12CV27,BRG_039,4,1,46428.0
P12CV27,BRG_039,5,0,24.0
P12CV27,BRG_040,0,1,57996.0
P12CV27,BRG_040,1,1,51180.0
P12CV27,BRG_040,2,1,55668.0
P12CV27,BRG_040,3,0,1980.0
P12CV27,BRG_041,0,1,49344.0
P12CV27,BRG_041,1,1,16668.0
P12CV27,BRG_041,2,1,51492.0
P12CV27,BRG_041,3,1,47640.0
P12CV27,BRG_041,4,0,1680.0
P12CV27,BRG_042,0,1,23772.0
P12CV27,BRG_042,1,1,60168.0
P12CV27,BRG_042,2,1,35592.0
P12CV27,BRG_042,3,0,47292.0
P12CV27,BRG_043,0,1,47016.0
P12CV27,BRG_043,1,1,14016.0
P12CV27,BRG_043,2,1,52320.0
P12CV27,BRG_043,3,0,53472.0
P12CV27,BRG_044,0,1,51432.0
P12CV27,BRG_044,1,1,46908.0
P12CV27,BRG_044,2,1,50604.0
P12CV27,BRG_044,3,0,17880.0
P12CV27,BRG_045,0,1,47352.0
P12CV27,BRG_045,1,1,49248.0
P12CV27,BRG_045,2,1,48924.0
P12CV27,BRG_045,3,0,21300.0
P12CV27,BRG_046,0,1,20376.0
P12CV27,BRG_046,1,1,54408.0
P12CV27,BRG_046,2,1,44388.0
P12CV27,BRG_046,3,1,31248.0
P12CV27,BRG_046,4,0,16404.0
P12CV28,BRG_001,0,1,23352.0
P12CV28,BRG_001,1,1,58740.0
P12CV28,BRG_001,2,1,79476.0
P12CV28,BRG_001,3,0,5184.0
P12CV28,BRG_002,0,1,40848.0
P12CV28,BRG_002,1,1,24216.0
P12CV28,BRG_002,2,1,50640.0
P12CV28,BRG_002,3,1,27048.0
P12CV28,BRG_002,4,0,24000.0
P12CV28,BRG_003,0,1,47292.0
P12CV28,BRG_003,1,1,58416.0
P12CV28,BRG_003,2,1,32136.0
P12CV28,BRG_003,3,0,28908.0
P12CV28,BRG_004,0,1,36840.0
P12CV28,BRG_004,1,1,40536.0
P12CV28,BRG_004,2,1,47928.0
P12CV28,BRG_004,3,1,21600.0
P12CV28,BRG_004,4,0,19848.0
P12CV28,BRG_005,0,1,49560.0
P12CV28,BRG_005,1,1,39096.0
P12CV28,BRG_005,2,1,58236.0
P12CV28,BRG_005,3,0,19860.0
P12CV28,BRG_006,0,1,43908.0
P12CV28,BRG_006,1,1,62712.0
P12CV28,BRG_006,2,1,56304.0
P12CV28,BRG_006,3,0,3828.0
P12CV28,BRG_007,0,1,59328.0
P12CV28,BRG_007,1,1,45840.0
P12CV28,BRG_007,2,1,50940.0
P12CV28,BRG_007,3,1,10428.0
P12CV28,BRG_007,4,0,216.0
P12CV28,BRG_008,0,1,35796.0
P12CV28,BRG_008,1,1,49116.0
P12CV28,BRG_008,2,1,47412.0
P12CV28,BRG_008,3,0,34428.0
P12CV28,BRG_009,0,1,20340.0
P12CV28,BRG_009,1,1,27996.0
P12CV28,BRG_009,2,1,57192.0
P12CV28,BRG_009,3,1,38088.0
P12CV28,BRG_009,4,0,23136.0
P12CV28,BRG_010,0,1,37164.0
P12CV28,BRG_010,1,1,20520.0
P12CV28,BRG_010,2,1,40608.0
P12CV28,BRG_010,3,1,42132.0
P12CV28,BRG_010,4,0,26328.0
P12CV28,BRG_011,0,1,48804.0
P12CV28,BRG_011,1,1,30936.0
P12CV28,BRG_011,2,1,45072.0
P12CV28,BRG_011,3,1,17784.0
P12CV28,BRG_011,4,0,24156.0
P12CV28,BRG_012,0,1,65076.0
P12CV28,BRG_012,1,1,32604.0
P12CV28,BRG_012,2,1,48240.0
P12CV28,BRG_012,3,0,20832.0
P12CV28,BRG_013,0,1,41880.0
P12CV28,BRG_013,1,1,48120.0
P12CV28,BRG_013,2,1,41316.0
P12CV28,BRG_013,3,0,35436.0
P12CV28,BRG_014,0,1,39000.0
P12CV28,BRG_014,1,1,32076.0
P12CV28,BRG_014,2,1,50988.0
P12CV28,BRG_014,3,1,10200.0
P12CV28,BRG_014,4,0,34488.0
P12CV28,BRG_015,0,1,52068.0
P12CV28,BRG_015,1,1,42780.0
P12CV28,BRG_015,2,1,31032.0
P12CV28,BRG_015,3,1,29304.0
P12CV28,BRG_015,4,0,11568.0
P12CV28,BRG_016,0,1,15108.0
P12CV28,BRG_016,1,1,24264.0
P12CV28,BRG_016,2,1,44136.0
P12CV28,BRG_016,3,1,55776.0
P12CV28,BRG_016,4,0,27468.0
P12CV28,BRG_017,0,1,11892.0
P12CV28,BRG_017,1,1,53364.0
P12CV28,BRG_017,2,1,62436.0
P12CV28,BRG_017,3,0,39060.0
P12CV28,BRG_018,0,1,29112.0
P12CV28,BRG_018,1,1,49404.0
P12CV28,BRG_018,2,1,27612.0
P12CV28,BRG_018,3,1,50280.0
P12CV28,BRG_018,4,0,10344.0
P12CV28,BRG_019,0,1,36360.0
P12CV28,BRG_019,1,1,45360.0
P12CV28,BRG_019,2,1,48684.0
P12CV28,BRG_019,3,0,36348.0
P12CV28,BRG_020,0,1,31092.0
P12CV28,BRG_020,1,1,48612.0
P12CV28,BRG_020,2,1,25572.0
P12CV28,BRG_020,3,1,35376.0
P12CV28,BRG_020,4,0,26100.0
P12CV28,BRG_021,0,1,38220.0
P12CV28,BRG_021,1,1,33924.0
P12CV28,BRG_021,2,1,45564.0
P12CV28,BRG_021,3,0,49044.0
P12CV28,BRG_022,0,1,17568.0
P12CV28,BRG_022,1,1,63360.0
P12CV28,BRG_022,2,1,39864.0
P12CV28,BRG_022,3,1,39732.0
P12CV28,BRG_022,4,0,6228.0
P12CV28,BRG_023,0,1,41196.0
P12CV28,BRG_023,1,1,39168.0
P12CV28,BRG_023,2,1,35880.0
P12CV28,BRG_023,3,1,25692.0
P12CV28,BRG_023,4,0,24816.0
P12CV28,BRG_024,0,1,34272.0
P12CV28,BRG_024,1,1,41940.0
P12CV28,BRG_024,2,1,30660.0
P12CV28,BRG_024,3,0,59880.0
P12CV28,BRG_025,0,1,53136.0
P12CV28,BRG_025,1,1,50940.0
P12CV28,BRG_025,2,0,62676.0
P12CV28,BRG_026,0,1,69456.0
P12CV28,BRG_026,1,1,51204.0
P12CV28,BRG_026,2,0,46092.0
P12CV28,BRG_027,0,1,46548.0
P12CV28,BRG_027,1,1,33204.0
P12CV28,BRG_027,2,1,33480.0
P12CV28,BRG_027,3,1,38628.0
P12CV28,BRG_027,4,0,14892.0
P12CV28,BRG_028,0,1,38160.0
P12CV28,BRG_028,1,1,59364.0
P12CV28,BRG_028,2,1,44328.0
P12CV28,BRG_028,3,0,24900.0
P12CV28,BRG_029,0,1,26676.0
P12CV28,BRG_029,1,1,38076.0
P12CV28,BRG_029,2,1,43164.0
P12CV28,BRG_029,3,1,28368.0
P12CV28,BRG_029,4,0,30468.0
P12CV28,BRG_030,0,1,48252.0
P12CV28,BRG_030,1,1,30828.0
P12CV28,BRG_030,2,1,56976.0
P12CV28,BRG_030,3,0,30696.0
P12CV28,BRG_031,0,1,43140.0
P12CV28,BRG_031,1,1,36504.0
P12CV28,BRG_031,2,1,40956.0
P12CV28,BRG_031,3,0,46152.0
P12CV28,BRG_032,0,1,47136.0
P12CV28,BRG_032,1,1,23784.0
P12CV28,BRG_032,2,1,54876.0
P12CV28,BRG_032,3,1,36876.0
P12CV28,BRG_032,4,0,4080.0
P12CV28,BRG_033,0,1,32064.0
P12CV28,BRG_033,1,1,37116.0
P12CV28,BRG_033,2,1,64236.0
P12CV28,BRG_033,3,0,33336.0
P12CV28,BRG_034,0,1,23064.0
P12CV28,BRG_034,1,1,28560.0
P12CV28,BRG_034,2,1,25740.0
P12CV28,BRG_034,3,1,44352.0
P12CV28,BRG_034,4,1,40920.0
P12CV28,BRG_034,5,0,4116.0
P12CV28,BRG_035,0,1,26424.0
P12CV28,BRG_035,1,1,55188.0
P12CV28,BRG_035,2,1,51360.0
P12CV28,BRG_035,3,0,33780.0
P12CV28,BRG_036,0,1,42660.0
P12CV28,BRG_036,1,1,28200.0
P12CV28,BRG_036,2,1,26556.0
P12CV28,BRG_036,3,1,66828.0
P12CV28,BRG_036,4,0,2508.0
P12CV28,BRG_037,0,1,36468.0
P12CV28,BRG_037,1,1,48768.0
P12CV28,BRG_037,2,1,47652.0
P12CV28,BRG_037,3,0,33864.0
P12CV28,BRG_038,0,1,63432.0
P12CV28,BRG_038,1,1,31836.0
P12CV28,BRG_038,2,1,18912.0
P12CV28,BRG_038,3,1,29760.0
P12CV28,BRG_038,4,0,22812.0
P12CV28,BRG_039,0,1,42744.0
P12CV28,BRG_039,1,1,22020.0
P12CV28,BRG_039,2,1,22932.0
P12CV28,BRG_039,3,1,41208.0
P12CV28,BRG_039,4,1,35808.0
P12CV28,BRG_039,5,0,2040.0
P12CV28,BRG_040,0,1,43848.0
P12CV28,BRG_040,1,1,45444.0
P12CV28,BRG_040,2,1,48084.0
P12CV28,BRG_040,3,0,29376.0
P12CV28,BRG_041,0,1,34980.0
P12CV28,BRG_041,1,1,19764.0
P12CV28,BRG_041,2,1,60192.0
P12CV28,BRG_041,3,1,34944.0
P12CV28,BRG_041,4,0,16872.0
P12CV28,BRG_042,0,1,73212.0
P12CV28,BRG_042,1,1,57204.0
P12CV28,BRG_042,2,0,36336.0
P12CV28,BRG_043,0,1,23172.0
P12CV28,BRG_043,1,1,37056.0
P12CV28,BRG_043,2,1,39204.0
P12CV28,BRG_043,3,1,16164.0
P12CV28,BRG_043,4,0,51156.0
P12CV28,BRG_044,0,1,44568.0
P12CV28,BRG_044,1,1,29616.0
P12CV28,BRG_044,2,1,37260.0
P12CV28,BRG_044,3,1,32136.0
P12CV28,BRG_044,4,0,23172.0
P12CV28,BRG_045,0,1,53952.0
P12CV28,BRG_045,1,1,23436.0
P12CV28,BRG_045,2,1,70992.0
P12CV28,BRG_045,3,0,18372.0
P12CV28,BRG_046,0,1,7692.0
P12CV28,BRG_046,1,1,54600.0
P12CV28,BRG_046,2,1,26280.0
P12CV28,BRG_046,3,1,21948.0
P12CV28,BRG_046,4,1,40632.0
P12CV28,BRG_046,5,0,15600.0
P12CV29,BRG_001,0,1,45540.0
P12CV29,BRG_001,1,1,42828.0
P12CV29,BRG_001,2,1,36888.0
P12CV29,BRG_001,3,1,13908.0
P12CV29,BRG_001,4,0,27768.0
P12CV29,BRG_002,0,1,32340.0
P12CV29,BRG_002,1,1,54624.0
P12CV29,BRG_002,2,1,70032.0
P12CV29,BRG_002,3,0,9936.0
P12CV29,BRG_003,0,1,22536.0
P12CV29,BRG_003,1,1,45204.0
P12CV29,BRG_003,2,1,76572.0
P12CV29,BRG_003,3,0,22620.0
P12CV29,BRG_004,0,1,57528.0
P12CV29,BRG_004,1,1,24912.0
P12CV29,BRG_004,2,1,31044.0
P12CV29,BRG_004,3,1,35364.0
P12CV29,BRG_004,4,0,18084.0
P12CV29,BRG_005,0,1,14868.0
P12CV29,BRG_005,1,1,38736.0
P12CV29,BRG_005,2,1,57948.0
P12CV29,BRG_005,3,0,55380.0
P12CV29,BRG_006,0,1,53160.0
P12CV29,BRG_006,1,1,69300.0
P12CV29,BRG_006,2,0,44472.0
P12CV29,BRG_007,0,1,63876.0
P12CV29,BRG_007,1,1,39684.0
P12CV29,BRG_007,2,1,24504.0
P12CV29,BRG_007,3,0,38868.0
P12CV29,BRG_008,0,1,21036.0
P12CV29,BRG_008,1,1,47292.0
P12CV29,BRG_008,2,1,45408.0
P12CV29,BRG_008,3,1,37524.0
P12CV29,BRG_008,4,0,15672.0
P12CV29,BRG_009,0,1,49296.0
P12CV29,BRG_009,1,1,59316.0
P12CV29,BRG_009,2,1,24744.0
P12CV29,BRG_009,3,0,33576.0
P12CV29,BRG_010,0,1,52524.0
P12CV29,BRG_010,1,1,34308.0
P12CV29,BRG_010,2,1,22860.0
P12CV29,BRG_010,3,0,57240.0
P12CV29,BRG_011,0,1,64956.0
P12CV29,BRG_011,1,1,25704.0
P12CV29,BRG_011,2,1,39696.0
P12CV29,BRG_011,3,0,36576.0
P12CV29,BRG_012,0,1,83700.0
P12CV29,BRG_012,1,1,55212.0
P12CV29,BRG_012,2,0,28020.0
P12CV29,BRG_013,0,1,49488.0
P12CV29,BRG_013,1,1,32844.0
P12CV29,BRG_013,2,1,52236.0
P12CV29,BRG_013,3,1,23988.0
P12CV29,BRG_013,4,0,8376.0
P12CV29,BRG_014,0,1,16464.0
P12CV29,BRG_014,1,1,39780.0
P12CV29,BRG_014,2,1,23136.0
P12CV29,BRG_014,3,1,18792.0
P12CV29,BRG_014,4,1,62292.0
P12CV29,BRG_014,5,0,6468.0
P12CV29,BRG_015,0,1,48456.0
P12CV29,BRG_015,1,1,15852.0
P12CV29,BRG_015,2,1,17652.0
P12CV29,BRG_015,3,1,56628.0
P12CV29,BRG_015,4,1,21396.0
P12CV29,BRG_015,5,0,6948.0
P12CV29,BRG_016,0,1,27936.0
P12CV29,BRG_016,1,1,27000.0
P12CV29,BRG_016,2,1,22968.0
P12CV29,BRG_016,3,1,47124.0
P12CV29,BRG_016,4,1,40092.0
P12CV29,BRG_016,5,0,1812.0
P12CV29,BRG_017,0,1,24096.0
P12CV29,BRG_017,1,1,38040.0
P12CV29,BRG_017,2,1,40080.0
P12CV29,BRG_017,3,0,64716.0
P12CV29,BRG_018,0,1,48828.0
P12CV29,BRG_018,1,1,39480.0
P12CV29,BRG_018,2,1,48924.0
P12CV29,BRG_018,3,0,29700.0
P12CV29,BRG_019,0,1,40584.0
P12CV29,BRG_019,1,1,42228.0
P12CV29,BRG_019,2,1,63648.0
P12CV29,BRG_019,3,0,20472.0
P12CV29,BRG_020,0,1,59124.0
P12CV29,BRG_020,1,1,50628.0
P12CV29,BRG_020,2,1,43104.0
P12CV29,BRG_020,3,0,14076.0
P12CV29,BRG_021,0,1,41316.0
P12CV29,BRG_021,1,1,36396.0
P12CV29,BRG_021,2,1,21600.0
P12CV29,BRG_021,3,1,52200.0
P12CV29,BRG_021,4,0,15420.0
P12CV29,BRG_022,0,1,54924.0
P12CV29,BRG_022,1,1,36900.0
P12CV29,BRG_022,2,1,58128.0
P12CV29,BRG_022,3,0,16980.0
P12CV29,BRG_023,0,1,15384.0
P12CV29,BRG_023,1,1,46308.0
P12CV29,BRG_023,2,1,55632.0
P12CV29,BRG_023,3,1,39312.0
P12CV29,BRG_023,4,0,10296.0
P12CV29,BRG_024,0,1,32016.0
P12CV29,BRG_024,1,1,58800.0
P12CV29,BRG_024,2,1,68796.0
P12CV29,BRG_024,3,0,7320.0
P12CV29,BRG_025,0,1,22572.0
P12CV29,BRG_025,1,1,52836.0
P12CV29,BRG_025,2,1,44868.0
P12CV29,BRG_025,3,1,38796.0
P12CV29,BRG_025,4,0,7860.0
P12CV29,BRG_026,0,1,45204.0
P12CV29,BRG_026,1,1,10476.0
P12CV29,BRG_026,2,1,51132.0
P12CV29,BRG_026,3,1,20016.0
P12CV29,BRG_026,4,0,40104.0
P12CV29,BRG_027,0,1,55068.0
P12CV29,BRG_027,1,1,38952.0
P12CV29,BRG_027,2,1,56268.0
P12CV29,BRG_027,3,0,16644.0
P12CV29,BRG_028,0,1,29316.0
P12CV29,BRG_028,1,1,47460.0
P12CV29,BRG_028,2,1,50940.0
P12CV29,BRG_028,3,1,9432.0
P12CV29,BRG_028,4,0,29784.0
P12CV29,BRG_029,0,1,19692.0
P12CV29,BRG_029,1,1,38748.0
P12CV29,BRG_029,2,1,43308.0
P12CV29,BRG_029,3,1,63876.0
P12CV29,BRG_029,4,0,1308.0
P12CV29,BRG_030,0,1,54288.0
P12CV29,BRG_030,1,1,29868.0
P12CV29,BRG_030,2,1,64272.0
P12CV29,BRG_030,3,0,18504.0
P12CV29,BRG_031,0,1,36180.0
P12CV29,BRG_031,1,1,50496.0
P12CV29,BRG_031,2,1,45720.0
P12CV29,BRG_031,3,0,34536.0
P12CV29,BRG_032,0,1,47040.0
P12CV29,BRG_032,1,1,52524.0
P12CV29,BRG_032,2,1,56100.0
P12CV29,BRG_032,3,0,11268.0
P12CV29,BRG_033,0,1,43116.0
P12CV29,BRG_033,1,1,26448.0
P12CV29,BRG_033,2,1,11844.0
P12CV29,BRG_033,3,1,45336.0
P12CV29,BRG_033,4,0,40188.0
P12CV29,BRG_034,0,1,43272.0
P12CV29,BRG_034,1,1,65448.0
P12CV29,BRG_034,2,1,39168.0
P12CV29,BRG_034,3,0,19044.0
P12CV29,BRG_035,0,1,13872.0
P12CV29,BRG_035,1,1,22752.0
P12CV29,BRG_035,2,1,37812.0
P12CV29,BRG_035,3,1,51624.0
P12CV29,BRG_035,4,0,40872.0
P12CV29,BRG_036,0,1,34356.0
P12CV29,BRG_036,1,1,49620.0
P12CV29,BRG_036,2,1,50940.0
P12CV29,BRG_036,3,0,32016.0
P12CV29,BRG_037,0,1,45288.0
P12CV29,BRG_037,1,1,42720.0
P12CV29,BRG_037,2,1,23892.0
P12CV29,BRG_037,3,1,50856.0
P12CV29,BRG_037,4,0,4176.0
P12CV29,BRG_038,0,1,13452.0
P12CV29,BRG_038,1,1,35904.0
P12CV29,BRG_038,2,1,32304.0
P12CV29,BRG_038,3,1,58740.0
P12CV29,BRG_038,4,0,26532.0
P12CV29,BRG_039,0,1,53808.0
P12CV29,BRG_039,1,1,11832.0
P12CV29,BRG_039,2,1,19344.0
P12CV29,BRG_039,3,1,33744.0
P12CV29,BRG_039,4,1,33684.0
P12CV29,BRG_039,5,0,14520.0
P12CV29,BRG_040,0,1,33528.0
P12CV29,BRG_040,1,1,41940.0
P12CV29,BRG_040,2,1,43560.0
P12CV29,BRG_040,3,0,47904.0
P12CV29,BRG_041,0,1,51216.0
P12CV29,BRG_041,1,1,70176.0
P12CV29,BRG_041,2,1,6216.0
P12CV29,BRG_041,3,0,39324.0
P12CV29,BRG_042,0,1,58308.0
P12CV29,BRG_042,1,1,44952.0
P12CV29,BRG_042,2,1,55116.0
P12CV29,BRG_042,3,0,8556.0
P12CV29,BRG_043,0,1,43968.0
P12CV29,BRG_043,1,1,20016.0
P12CV29,BRG_043,2,1,32748.0
P12CV29,BRG_043,3,1,63312.0
P12CV29,BRG_043,4,0,6888.0
P12CV29,BRG_044,0,1,49980.0
P12CV29,BRG_044,1,1,42096.0
P12CV29,BRG_044,2,0,74856.0
P12CV29,BRG_045,0,1,35304.0
P12CV29,BRG_045,1,1,42564.0
P12CV29,BRG_045,2,1,45300.0
P12CV29,BRG_045,3,0,43764.0
P12CV29,BRG_046,0,1,40380.0
P12CV29,BRG_046,1,1,53292.0
P12CV29,BRG_046,2,1,63312.0
P12CV29,BRG_046,3,0,9948.0
